  0
SECTION
  2
HEADER
  9
$ACADVER
  1
AC1014
  9
$ACADMAINTVER
 70
     0
  9
$DWGCODEPAGE
  3
ANSI_1252
  9
$INSBASE
 10
0.0
 20
0.0
 30
0.0
  9
$EXTMIN
 10
-5312.5
 20
-3565.0
 30
0.0
  9
$EXTMAX
 10
9035.0
 20
1699.9194
 30
0.0
  9
$LIMMIN
 10
0.0
 20
0.0
  9
$LIMMAX
 10
12.0
 20
9.0
  9
$ORTHOMODE
 70
     0
  9
$REGENMODE
 70
     1
  9
$FILLMODE
 70
     1
  9
$QTEXTMODE
 70
     0
  9
$MIRRTEXT
 70
     1
  9
$DRAGMODE
 70
     2
  9
$LTSCALE
 40
1.0
  9
$OSMODE
 70
     0
  9
$ATTMODE
 70
     1
  9
$TEXTSIZE
 40
0.2
  9
$TRACEWID
 40
0.05
  9
$TEXTSTYLE
  7
STANDARD
  9
$CLAYER
  8
0
  9
$CELTYPE
  6
BYLAYER
  9
$CECOLOR
 62
   256
  9
$CELTSCALE
 40
1.0
  9
$DELOBJ
 70
     1
  9
$DISPSILH
 70
     0
  9
$DIMSCALE
 40
10.0
  9
$DIMASZ
 40
2.5
  9
$DIMEXO
 40
0.625
  9
$DIMDLI
 40
3.75
  9
$DIMRND
 40
0.0
  9
$DIMDLE
 40
1.0
  9
$DIMEXE
 40
1.25
  9
$DIMTP
 40
0.0
  9
$DIMTM
 40
0.0
  9
$DIMTXT
 40
2.0
  9
$DIMCEN
 40
2.5
  9
$DIMTSZ
 40
0.0
  9
$DIMTOL
 70
     0
  9
$DIMLIM
 70
     0
  9
$DIMTIH
 70
     0
  9
$DIMTOH
 70
     0
  9
$DIMSE1
 70
     0
  9
$DIMSE2
 70
     0
  9
$DIMTAD
 70
     1
  9
$DIMZIN
 70
     0
  9
$DIMBLK
  1

  9
$DIMASO
 70
     1
  9
$DIMSHO
 70
     1
  9
$DIMPOST
  1

  9
$DIMAPOST
  1
ction
  9
$DIMALT
 70
     0
  9
$DIMALTD
 70
     2
  9
$DIMALTF
 40
1.0
  9
$DIMLFAC
 40
1.0
  9
$DIMTOFL
 70
     1
  9
$DIMTVP
 40
0.0
  9
$DIMTIX
 70
     1
  9
$DIMSOXD
 70
     0
  9
$DIMSAH
 70
     1
  9
$DIMBLK1
  1
_OBLIQUE
  9
$DIMBLK2
  1
_OBLIQUE
  9
$DIMSTYLE
  2
ISO-25
  9
$DIMCLRD
 70
     7
  9
$DIMCLRE
 70
     7
  9
$DIMCLRT
 70
     4
  9
$DIMTFAC
 40
1.0
  9
$DIMGAP
 40
1.0
  9
$DIMJUST
 70
     0
  9
$DIMSD1
 70
     0
  9
$DIMSD2
 70
     0
  9
$DIMTOLJ
 70
     1
  9
$DIMTZIN
 70
     0
  9
$DIMALTZ
 70
     0
  9
$DIMALTTZ
 70
     0
  9
$DIMFIT
 70
     3
  9
$DIMUPT
 70
     0
  9
$DIMUNIT
 70
     2
  9
$DIMDEC
 70
     0
  9
$DIMTDEC
 70
     0
  9
$DIMALTU
 70
     2
  9
$DIMALTTD
 70
     2
  9
$DIMTXSTY
  7
STANDARD
  9
$DIMAUNIT
 70
     0
  9
$LUNITS
 70
     2
  9
$LUPREC
 70
     4
  9
$SKETCHINC
 40
0.1
  9
$FILLETRAD
 40
0.5
  9
$AUNITS
 70
     0
  9
$AUPREC
 70
     0
  9
$MENU
  1
.
  9
$ELEVATION
 40
0.0
  9
$PELEVATION
 40
0.0
  9
$THICKNESS
 40
0.0
  9
$LIMCHECK
 70
     0
  9
$BLIPMODE
 70
     0
  9
$CHAMFERA
 40
0.5
  9
$CHAMFERB
 40
0.5
  9
$CHAMFERC
 40
1.0
  9
$CHAMFERD
 40
0.0
  9
$SKPOLY
 70
     1
  9
$TDCREATE
 40
2454155.48207772
  9
$TDUPDATE
 40
2454155.485982523
  9
$TDINDWG
 40
0.003904803
  9
$TDUSRTIMER
 40
0.003904803
  9
$USRTIMER
 70
     1
  9
$ANGBASE
 50
0.0
  9
$ANGDIR
 70
     0
  9
$PDMODE
 70
     0
  9
$PDSIZE
 40
0.0
  9
$PLINEWID
 40
0.0
  9
$COORDS
 70
     1
  9
$SPLFRAME
 70
     0
  9
$SPLINETYPE
 70
     6
  9
$SPLINESEGS
 70
     8
  9
$ATTDIA
 70
     0
  9
$ATTREQ
 70
     1
  9
$HANDLING
 70
     1
  9
$HANDSEED
  5
5AF
  9
$SURFTAB1
 70
     6
  9
$SURFTAB2
 70
     6
  9
$SURFTYPE
 70
     6
  9
$SURFU
 70
     6
  9
$SURFV
 70
     6
  9
$UCSNAME
  2

  9
$UCSORG
 10
0.0
 20
0.0
 30
0.0
  9
$UCSXDIR
 10
1.0
 20
0.0
 30
0.0
  9
$UCSYDIR
 10
0.0
 20
1.0
 30
0.0
  9
$PUCSNAME
  2

  9
$PUCSORG
 10
0.0
 20
0.0
 30
0.0
  9
$PUCSXDIR
 10
1.0
 20
0.0
 30
0.0
  9
$PUCSYDIR
 10
0.0
 20
1.0
 30
0.0
  9
$USERI1
 70
     0
  9
$USERI2
 70
     0
  9
$USERI3
 70
     0
  9
$USERI4
 70
     0
  9
$USERI5
 70
     0
  9
$USERR1
 40
0.0
  9
$USERR2
 40
0.0
  9
$USERR3
 40
0.0
  9
$USERR4
 40
0.0
  9
$USERR5
 40
0.0
  9
$WORLDVIEW
 70
     1
  9
$SHADEDGE
 70
     3
  9
$SHADEDIF
 70
    70
  9
$TILEMODE
 70
     1
  9
$MAXACTVP
 70
    48
  9
$PINSBASE
 10
0.0
 20
0.0
 30
0.0
  9
$PLIMCHECK
 70
     0
  9
$PEXTMIN
 10
100000000000000000000.0
 20
100000000000000000000.0
 30
100000000000000000000.0
  9
$PEXTMAX
 10
-100000000000000000000.0
 20
-100000000000000000000.0
 30
-100000000000000000000.0
  9
$PLIMMIN
 10
0.0
 20
0.0
  9
$PLIMMAX
 10
12.0
 20
9.0
  9
$UNITMODE
 70
     0
  9
$VISRETAIN
 70
     1
  9
$PLINEGEN
 70
     0
  9
$PSLTSCALE
 70
     1
  9
$TREEDEPTH
 70
  3020
  9
$PICKSTYLE
 70
     1
  9
$CMLSTYLE
  2
STANDARD
  9
$CMLJUST
 70
     0
  9
$CMLSCALE
 40
1.0
  9
$PROXYGRAPHICS
 70
     1
  9
$MEASUREMENT
 70
     0
  0
ENDSEC
  0
SECTION
  2
CLASSES
  0
ENDSEC
  0
SECTION
  2
TABLES
  0
TABLE
  2
VPORT
  5
59D
100
AcDbSymbolTable
 70
     1
  0
VPORT
  5
100
100
AcDbSymbolTableRecord
100
AcDbViewportTableRecord
  2
*ACTIVE
 70
     0
 10
0.0
 20
0.0
 11
1.0
 21
1.0
 12
1861.25
 22
-932.5403
 13
0.0
 23
0.0
 14
0.5
 24
0.5
 15
0.5
 25
0.5
 16
0.0
 26
0.0
 36
1.0
 17
0.0
 27
0.0
 37
0.0
 40
17217.0
 41
2.725112943
 42
50.0
 43
0.0
 44
0.0
 50
0.0
 51
0.0
 71
     0
 72
   100
 73
     1
 74
     1
 75
     0
 76
     0
 77
     0
 78
     0
  0
ENDTAB
  0
TABLE
  2
LTYPE
  5
59E
100
AcDbSymbolTable
 70
     6
  0
LTYPE
  5
101
100
AcDbSymbolTableRecord
100
AcDbLinetypeTableRecord
  2
BYBLOCK
 70
     0
  3

 72
    65
 73
     0
 40
0.0
  0
LTYPE
  5
102
100
AcDbSymbolTableRecord
100
AcDbLinetypeTableRecord
  2
BYLAYER
 70
     0
  3

 72
    65
 73
     0
 40
0.0
  0
LTYPE
  5
103
100
AcDbSymbolTableRecord
100
AcDbLinetypeTableRecord
  2
CONTINUOUS
 70
     0
  3
Solid line
 72
    65
 73
     0
 40
0.0
  0
LTYPE
  5
104
100
AcDbSymbolTableRecord
100
AcDbLinetypeTableRecord
  2
ACAD_ISO04W100
 70
     0
  3
ISO long-dash dot ____ . ____ . ____ . ____ . _
 72
    65
 73
     4
 40
30.5
 49
24.0
 74
     0
 49
-3.0
 74
     0
 49
0.5
 74
     0
 49
-3.0
 74
     0
  0
LTYPE
  5
105
100
AcDbSymbolTableRecord
100
AcDbLinetypeTableRecord
  2
ACAD_ISO07W100
 70
     0
  3
ISO dot . . . . . . . . . . . . . . . . . . . .
 72
    65
 73
     2
 40
3.0
 49
0.0
 74
     0
 49
-3.0
 74
     0
  0
LTYPE
  5
106
100
AcDbSymbolTableRecord
100
AcDbLinetypeTableRecord
  2
ACAD_ISO01W100
 70
     0
  3
ISO little dash __ __ __ __ __ __ __ __ __ __ _
 72
    65
 73
     2
 40
5.0
 49
4.0
 74
     0
 49
-1.0
 74
     0
  0
ENDTAB
  0
TABLE
  2
LAYER
  5
59F
100
AcDbSymbolTable
 70
    11
  0
LAYER
  5
107
100
AcDbSymbolTableRecord
100
AcDbLayerTableRecord
  2
0
 70
     0
 62
     7
  6
Continuous
  0
LAYER
  5
108
100
AcDbSymbolTableRecord
100
AcDbLayerTableRecord
  2
PERFIL
 70
     0
 62
     1
  6
Continuous
  0
LAYER
  5
109
100
AcDbSymbolTableRecord
100
AcDbLayerTableRecord
  2
FAB-CHAPA
 70
     0
 62
     2
  6
Continuous
  0
LAYER
  5
10A
100
AcDbSymbolTableRecord
100
AcDbLayerTableRecord
  2
EIXO
 70
     0
 62
     5
  6
ACAD_ISO04W100
  0
LAYER
  5
10B
100
AcDbSymbolTableRecord
100
AcDbLayerTableRecord
  2
G-SIMBOLO
 70
     0
 62
     4
  6
Continuous
  0
LAYER
  5
10C
100
AcDbSymbolTableRecord
100
AcDbLayerTableRecord
  2
DIM-1
 70
     0
 62
     4
  6
Continuous
  0
LAYER
  5
10D
100
AcDbSymbolTableRecord
100
AcDbLayerTableRecord
  2
L-HIDDEN
 70
     0
 62
     7
  6
ACAD_ISO01W100
  0
LAYER
  5
10E
100
AcDbSymbolTableRecord
100
AcDbLayerTableRecord
  2
REGUA120
 70
     0
 62
     2
  6
Continuous
  0
LAYER
  5
10F
100
AcDbSymbolTableRecord
100
AcDbLayerTableRecord
  2
REGUA80
 70
     0
 62
     4
  6
Continuous
  0
LAYER
  5
110
100
AcDbSymbolTableRecord
100
AcDbLayerTableRecord
  2
DEFPOINTS
 70
     0
 62
     7
  6
ACAD_ISO01W100
  0
LAYER
  5
111
100
AcDbSymbolTableRecord
100
AcDbLayerTableRecord
  2
CHU-CHUMBADOR
 70
     0
 62
     1
  6
Continuous
  0
ENDTAB
  0
TABLE
  2
STYLE
  5
5A0
100
AcDbSymbolTable
 70
     5
  0
STYLE
  5
112
100
AcDbSymbolTableRecord
100
AcDbTextStyleTableRecord
  2
STANDARD
 70
     0
 40
0.0
 41
1.0
 50
0.0
 71
     0
 42
0.2
  3
txt
  4

  0
STYLE
  5
113
100
AcDbSymbolTableRecord
100
AcDbTextStyleTableRecord
  2
REGUA100
 70
     0
 40
2.54
 41
1.0
 50
0.0
 71
     0
 42
2.54
  3
ROMANS.SHX
  4

  0
STYLE
  5
114
100
AcDbSymbolTableRecord
100
AcDbTextStyleTableRecord
  2
REGUA120
 70
     0
 40
3.05
 41
1.0
 50
0.0
 71
     0
 42
3.05
  3
ROMANS.SHX
  4

  0
STYLE
  5
115
100
AcDbSymbolTableRecord
100
AcDbTextStyleTableRecord
  2
REGUA
 70
     0
 40
0.0
 41
1.0
 50
0.0
 71
     0
 42
0.2
  3
txt
  4

  0
STYLE
  5
116
100
AcDbSymbolTableRecord
100
AcDbTextStyleTableRecord
  2
ROMANS
 70
     0
 40
1.0
 41
1.0
 50
0.0
 71
     0
 42
1.0
  3
ROMANS.SHX
  4

  0
ENDTAB
  0
TABLE
  2
VIEW
  5
5A1
100
AcDbSymbolTable
 70
     0
  0
ENDTAB
  0
TABLE
  2
UCS
  5
5A2
100
AcDbSymbolTable
 70
     0
  0
ENDTAB
  0
TABLE
  2
APPID
  5
5A3
100
AcDbSymbolTable
 70
     1
  0
APPID
  5
117
100
AcDbSymbolTableRecord
100
AcDbRegAppTableRecord
  2
ACAD
 70
     0
  0
ENDTAB
  0
TABLE
  2
DIMSTYLE
  5
5A4
100
AcDbSymbolTable
 70
     2
  0
DIMSTYLE
105
118
100
AcDbSymbolTableRecord
100
AcDbDimStyleTableRecord
  2
STANDARD
 70
     0
  3

  4

  5

  6

  7

 40
1.0
 41
0.18
 42
0.0625
 43
0.38
 44
0.18
 45
0.0
 46
0.0
 47
0.0
 48
0.0
140
0.18
141
0.09
142
0.0
143
25.4
144
1.0
145
0.0
146
1.0
147
0.09
 71
     0
 72
     0
 73
     1
 74
     1
 75
     0
 76
     0
 77
     0
 78
     0
170
     0
171
     2
172
     0
173
     0
174
     0
175
     0
176
     0
177
     0
178
     4
270
     2
271
     4
272
     4
273
     2
274
     2
340
112
275
     0
280
     0
281
     0
282
     0
283
     3
284
     0
285
     0
286
     0
287
     3
288
     0
  0
DIMSTYLE
105
119
100
AcDbSymbolTableRecord
100
AcDbDimStyleTableRecord
  2
ISO-25
 70
     0
  3

  4

  5

  6

  7

 40
1.0
 41
2.5
 42
0.625
 43
3.75
 44
1.25
 45
0.0
 46
0.0
 47
0.0
 48
0.0
140
2.5
141
2.5
142
0.0
143
0.039370079
144
1.0
145
0.0
146
1.0
147
0.625
 71
     0
 72
     0
 73
     0
 74
     0
 75
     0
 76
     0
 77
     1
 78
     8
170
     0
171
     3
172
     1
173
     0
174
     0
175
     0
176
     0
177
     0
178
     4
270
     2
271
     2
272
     2
273
     3
274
    44
340
112
275
     0
280
     0
281
     0
282
     0
283
     0
284
     8
285
     0
286
     0
287
     3
288
     0
  0
ENDTAB
  0
TABLE
  2
BLOCK_RECORD
  5
5A5
100
AcDbSymbolTable
 70
    42
  0
BLOCK_RECORD
  5
11A
100
AcDbSymbolTableRecord
100
AcDbBlockTableRecord
  2
*MODEL_SPACE
 70
     0
  0
BLOCK_RECORD
  5
11D
100
AcDbSymbolTableRecord
100
AcDbBlockTableRecord
  2
*PAPER_SPACE
 70
     0
  0
BLOCK_RECORD
  5
120
100
AcDbSymbolTableRecord
100
AcDbBlockTableRecord
  2
_OBLIQUE
 70
     0
  0
BLOCK_RECORD
  5
128
100
AcDbSymbolTableRecord
100
AcDbBlockTableRecord
  2
nivel_ve
 70
     0
  0
BLOCK_RECORD
  5
131
100
AcDbSymbolTableRecord
100
AcDbBlockTableRecord
  2
nomepec2
 70
     0
  0
BLOCK_RECORD
  5
137
100
AcDbSymbolTableRecord
100
AcDbBlockTableRecord
  2
LOGO_STABILE
 70
     0
  0
BLOCK_RECORD
  5
22A
100
AcDbSymbolTableRecord
100
AcDbBlockTableRecord
  2
*D0
 70
     0
  0
BLOCK_RECORD
  5
236
100
AcDbSymbolTableRecord
100
AcDbBlockTableRecord
  2
*D1
 70
     0
  0
BLOCK_RECORD
  5
242
100
AcDbSymbolTableRecord
100
AcDbBlockTableRecord
  2
*D2
 70
     0
  0
BLOCK_RECORD
  5
293
100
AcDbSymbolTableRecord
100
AcDbBlockTableRecord
  2
*D3
 70
     0
  0
BLOCK_RECORD
  5
2A5
100
AcDbSymbolTableRecord
100
AcDbBlockTableRecord
  2
*D4
 70
     0
  0
BLOCK_RECORD
  5
2B1
100
AcDbSymbolTableRecord
100
AcDbBlockTableRecord
  2
*D5
 70
     0
  0
BLOCK_RECORD
  5
2BD
100
AcDbSymbolTableRecord
100
AcDbBlockTableRecord
  2
*D6
 70
     0
  0
BLOCK_RECORD
  5
302
100
AcDbSymbolTableRecord
100
AcDbBlockTableRecord
  2
*D7
 70
     0
  0
BLOCK_RECORD
  5
312
100
AcDbSymbolTableRecord
100
AcDbBlockTableRecord
  2
*D8
 70
     0
  0
BLOCK_RECORD
  5
31E
100
AcDbSymbolTableRecord
100
AcDbBlockTableRecord
  2
*D9
 70
     0
  0
BLOCK_RECORD
  5
32A
100
AcDbSymbolTableRecord
100
AcDbBlockTableRecord
  2
*D10
 70
     0
  0
BLOCK_RECORD
  5
340
100
AcDbSymbolTableRecord
100
AcDbBlockTableRecord
  2
*D11
 70
     0
  0
BLOCK_RECORD
  5
34D
100
AcDbSymbolTableRecord
100
AcDbBlockTableRecord
  2
*D12
 70
     0
  0
BLOCK_RECORD
  5
377
100
AcDbSymbolTableRecord
100
AcDbBlockTableRecord
  2
*D13
 70
     0
  0
BLOCK_RECORD
  5
383
100
AcDbSymbolTableRecord
100
AcDbBlockTableRecord
  2
*D14
 70
     0
  0
BLOCK_RECORD
  5
38F
100
AcDbSymbolTableRecord
100
AcDbBlockTableRecord
  2
*D15
 70
     0
  0
BLOCK_RECORD
  5
39C
100
AcDbSymbolTableRecord
100
AcDbBlockTableRecord
  2
*D16
 70
     0
  0
BLOCK_RECORD
  5
3AD
100
AcDbSymbolTableRecord
100
AcDbBlockTableRecord
  2
*D17
 70
     0
  0
BLOCK_RECORD
  5
3B9
100
AcDbSymbolTableRecord
100
AcDbBlockTableRecord
  2
*D18
 70
     0
  0
BLOCK_RECORD
  5
3C5
100
AcDbSymbolTableRecord
100
AcDbBlockTableRecord
  2
*D19
 70
     0
  0
BLOCK_RECORD
  5
3D1
100
AcDbSymbolTableRecord
100
AcDbBlockTableRecord
  2
*D20
 70
     0
  0
BLOCK_RECORD
  5
3DD
100
AcDbSymbolTableRecord
100
AcDbBlockTableRecord
  2
*D21
 70
     0
  0
BLOCK_RECORD
  5
3EA
100
AcDbSymbolTableRecord
100
AcDbBlockTableRecord
  2
*D22
 70
     0
  0
BLOCK_RECORD
  5
3F7
100
AcDbSymbolTableRecord
100
AcDbBlockTableRecord
  2
*D23
 70
     0
  0
BLOCK_RECORD
  5
404
100
AcDbSymbolTableRecord
100
AcDbBlockTableRecord
  2
*D24
 70
     0
  0
BLOCK_RECORD
  5
411
100
AcDbSymbolTableRecord
100
AcDbBlockTableRecord
  2
*D25
 70
     0
  0
BLOCK_RECORD
  5
41D
100
AcDbSymbolTableRecord
100
AcDbBlockTableRecord
  2
*D26
 70
     0
  0
BLOCK_RECORD
  5
455
100
AcDbSymbolTableRecord
100
AcDbBlockTableRecord
  2
*D27
 70
     0
  0
BLOCK_RECORD
  5
462
100
AcDbSymbolTableRecord
100
AcDbBlockTableRecord
  2
*D28
 70
     0
  0
BLOCK_RECORD
  5
46F
100
AcDbSymbolTableRecord
100
AcDbBlockTableRecord
  2
*D29
 70
     0
  0
BLOCK_RECORD
  5
47C
100
AcDbSymbolTableRecord
100
AcDbBlockTableRecord
  2
*D30
 70
     0
  0
BLOCK_RECORD
  5
489
100
AcDbSymbolTableRecord
100
AcDbBlockTableRecord
  2
*D31
 70
     0
  0
BLOCK_RECORD
  5
495
100
AcDbSymbolTableRecord
100
AcDbBlockTableRecord
  2
*D32
 70
     0
  0
BLOCK_RECORD
  5
4A6
100
AcDbSymbolTableRecord
100
AcDbBlockTableRecord
  2
*D33
 70
     0
  0
BLOCK_RECORD
  5
4B2
100
AcDbSymbolTableRecord
100
AcDbBlockTableRecord
  2
*D34
 70
     0
  0
BLOCK_RECORD
  5
4BF
100
AcDbSymbolTableRecord
100
AcDbBlockTableRecord
  2
*D35
 70
     0
  0
ENDTAB
  0
ENDSEC
  0
SECTION
  2
BLOCKS
  0
BLOCK
  5
11B
100
AcDbEntity
  8
0
100
AcDbBlockBegin
  2
*MODEL_SPACE
 70
     0
 10
0.0
 20
0.0
 30
0.0
  3
*MODEL_SPACE
  1

  0
ENDBLK
  5
11C
100
AcDbEntity
  8
0
100
AcDbBlockEnd
  0
BLOCK
  5
11E
100
AcDbEntity
 67
     1
  8
0
100
AcDbBlockBegin
  2
*PAPER_SPACE
 70
     0
 10
0.0
 20
0.0
 30
0.0
  3
*PAPER_SPACE
  1

  0
ENDBLK
  5
11F
100
AcDbEntity
  8
0
100
AcDbBlockEnd
  0
BLOCK
  5
121
100
AcDbEntity
 67
     1
  8
0
100
AcDbBlockBegin
  2
_OBLIQUE
 70
     0
 10
0.0
 20
0.0
 30
0.0
  3
_OBLIQUE
  1

  0
LINE
  5
122
100
AcDbEntity
  8
0
  6
BYBLOCK
 62
     0
100
AcDbLine
 10
-0.5
 20
-0.5
 30
0.0
 11
0.5
 21
0.5
 31
0.0
  0
ENDBLK
  5
123
100
AcDbEntity
  8
0
100
AcDbBlockEnd
  0
BLOCK
  5
129
100
AcDbEntity
  8
0
100
AcDbBlockBegin
  2
nivel_ve
 70
     0
 10
0.0
 20
0.0
 30
0.0
  3
nivel_ve
  1

  0
LWPOLYLINE
  5
12A
100
AcDbEntity
  8
G-SIMBOLO
100
AcDbPolyline
 90
        3
 70
     1
 43
0.0
 10
-7.094565096
 20
0.0
 10
-5.781804986
 20
5.162627882
 10
-8.407325205
 20
5.162627882
  0
LINE
  5
12B
100
AcDbEntity
  8
G-SIMBOLO
  6
Continuous
 62
     4
100
AcDbLine
 10
-7.094565096
 20
0.0
 30
0.0
 11
-7.094565096
 21
11.812760109
 31
0.0
  0
TEXT
  5
12C
100
AcDbEntity
  8
G-SIMBOLO
  6
Continuous
 62
     2
100
AcDbText
 10
-18.755005455
 20
10.740829177
 30
0.0
 40
2.5
  1
0000
 50
0.0
  7
REGUA100
 72
     0
100
AcDbText
  0
LINE
  5
12D
100
AcDbEntity
  8
G-SIMBOLO
  6
Continuous
 62
     4
100
AcDbLine
 10
-5.281804986
 20
10.0
 30
0.0
 11
-18.897197984
 21
10.0
 31
0.0
  0
LINE
  5
12E
100
AcDbEntity
  8
G-SIMBOLO
  6
Continuous
 62
     4
100
AcDbLine
 10
-9.428930121
 20
0.0
 30
0.0
 11
0.0
 21
0.0
 31
0.0
  0
TRACE
  5
12F
100
AcDbEntity
  8
G-SIMBOLO
 62
     4
100
AcDbTrace
 10
-7.094565096
 20
0.0
 30
0.0
 11
-5.781804986
 21
5.162627882
 31
0.0
 12
-7.094565096
 22
5.162627882
 32
0.0
 13
-7.094565096
 23
5.162627882
 33
0.0
  0
ENDBLK
  5
130
100
AcDbEntity
  8
0
100
AcDbBlockEnd
  0
BLOCK
  5
132
100
AcDbEntity
  8
0
100
AcDbBlockBegin
  2
nomepec2
 70
     2
 10
0.0
 20
0.0
 30
0.0
  3
nomepec2
  1

  0
ATTDEF
  5
133
100
AcDbEntity
  8
REGUA80
100
AcDbText
 10
0.986130717
 20
4.557276463
 30
0.0
 40
2.03
  1

100
AcDbAttributeDefinition
  3
QUAL E O COMENTARIO:
  2
COMENTARIO
 70
     0
  0
ATTDEF
  5
134
100
AcDbEntity
  8
REGUA80
100
AcDbText
 10
0.986130717
 20
1.558088807
 30
0.0
 40
2.03
  1

100
AcDbAttributeDefinition
  3
QUAL E O COMENTARIO:
  2
COMENTARIO
 70
     0
  0
ATTDEF
  5
135
100
AcDbEntity
  8
REGUA80
100
AcDbText
 10
0.986130717
 20
-1.436097574
 30
0.0
 40
2.03
  1

100
AcDbAttributeDefinition
  3
QUAL E O COMENTARIO:
  2
COMENTARIO
 70
     0
  0
ENDBLK
  5
136
100
AcDbEntity
  8
0
100
AcDbBlockEnd
  0
BLOCK
  5
138
100
AcDbEntity
 67
     1
  8
0
100
AcDbBlockBegin
  2
LOGO_STABILE
 70
     0
 10
0.0
 20
0.0
 30
0.0
  3
LOGO_STABILE
  1

  0
LWPOLYLINE
  5
139
100
AcDbEntity
  8
0
100
AcDbPolyline
 90
       17
 70
     1
 43
0.0
 10
15.944634538
 20
5.151660004
 10
18.518145523
 20
5.151660004
 42
-0.414214
 10
18.942139082
 20
4.727666402
 10
18.942139082
 20
1.281981875
 42
-0.414214
 10
18.51814548
 20
0.857988317
 10
15.944634538
 20
0.857988317
 10
15.944634538
 20
0.019276823
 10
18.797175392
 20
0.019276823
 42
0.15405482
 10
19.961389641
 20
0.365738223
 42
0.205514349
 10
20.62500203
 20
1.292469712
 42
0.147792947
 10
20.586429467
 20
2.387736184
 42
0.205256512
 10
19.703676766
 20
3.189148562
 42
0.198980206
 10
20.393556451
 20
3.862758718
 42
0.093017852
 10
20.494070094
 20
4.439906503
 42
0.130114669
 10
20.218264392
 20
5.351902432
 42
0.225637245
 10
18.941918151
 20
5.942180107
 10
15.944634538
 20
5.942180107
  0
LWPOLYLINE
  5
13A
100
AcDbEntity
  8
0
100
AcDbPolyline
 90
       18
 70
     1
 43
0.0
 10
16.044587765
 20
5.251613231
 10
18.518145453
 20
5.251613231
 42
-0.414214
 10
19.042092309
 20
4.727666402
 10
19.042092309
 20
1.281981945
 42
-0.414214
 10
18.51814548
 20
0.75803509
 10
16.044587765
 20
0.75803509
 10
16.044587765
 20
0.11923005
 10
18.798008459
 20
0.11923005
 42
0.15450503
 10
19.907489316
 20
0.449954053
 42
0.206412395
 10
20.527821252
 20
1.315949146
 42
0.14737923
 10
20.493441651
 20
2.350714945
 42
0.204336916
 10
19.671075032
 20
3.094661661
 42
-0.694724661
 10
19.666542959
 20
3.281947959
 42
0.19846073
 10
20.300755257
 20
3.899966522
 42
0.092437314
 10
20.394139241
 20
4.437511614
 42
0.128933953
 10
20.136888406
 20
5.293407042
 42
0.22452034
 10
18.942459426
 20
5.84222688
 10
16.044587765
 20
5.84222688
  0
LWPOLYLINE
  5
13B
100
AcDbEntity
  8
0
100
AcDbPolyline
 90
       18
 70
     1
 43
0.0
 10
16.144540992
 20
5.351566458
 10
18.518145376
 20
5.351566458
 42
-0.414214
 10
19.142045536
 20
4.727666402
 10
19.142045536
 20
1.281982022
 42
-0.414214
 10
18.51814548
 20
0.658081863
 10
16.144540992
 20
0.658081863
 10
16.144540992
 20
0.219183277
 10
18.798863534
 20
0.219183277
 42
0.155005985
 10
19.853611912
 20
0.534190082
 42
0.207444341
 10
20.430632339
 20
1.339408949
 42
0.146913743
 10
20.400451963
 20
2.313649698
 42
0.203285532
 10
19.638473299
 20
3.000174759
 42
-0.694724661
 10
19.629409153
 20
3.374747356
 42
0.197849228
 10
20.2079585
 20
3.93719842
 42
0.091769971
 10
20.294207407
 20
4.435122766
 42
0.127605527
 10
20.055502623
 20
5.234866089
 42
0.223250711
 10
18.943018602
 20
5.742273653
 10
16.144540992
 20
5.742273653
  0
LWPOLYLINE
  5
13C
100
AcDbEntity
  8
0
100
AcDbPolyline
 90
        6
 70
     0
 43
0.0
 10
19.312140808
 20
0.809855011
 42
0.058862902
 10
19.584816018
 20
0.955891189
 42
0.216310171
 10
19.944474169
 20
1.456192401
 42
0.143310918
 10
19.935455245
 20
2.12718862
 42
0.194491703
 10
19.475464631
 20
2.527740252
 42
-0.012804229
 10
19.441905217
 20
2.540290036
 42
-0.313272344
  0
LWPOLYLINE
  5
13D
100
AcDbEntity
  8
0
100
AcDbPolyline
 90
        6
 70
     0
 43
0.0
 10
19.380065324
 20
0.949677076
 42
0.036233381
 10
19.531270998
 20
1.040420146
 42
0.219543534
 10
19.847163573
 20
1.479358511
 42
0.142154086
 10
19.842438456
 20
2.089486338
 42
0.191392869
 10
19.442862897
 20
2.43325335
 42
-0.000316807
 10
19.441905217
 20
2.433584467
 42
-0.313272344
  0
LWPOLYLINE
  5
13E
100
AcDbEntity
  8
0
100
AcDbPolyline
 90
        5
 70
     0
 43
0.0
 10
19.421170283
 20
1.087358096
 42
0.015224582
 10
19.477863969
 20
1.125070716
 42
0.223818134
 10
19.749800947
 20
1.502399039
 42
0.140736227
 10
19.749410503
 20
2.051521629
 42
0.173165576
 10
19.441905217
 20
2.32686297
 42
-0.313272344
  0
LWPOLYLINE
  5
13F
100
AcDbEntity
  8
0
100
AcDbPolyline
 90
        4
 70
     0
 43
0.0
 10
19.439713311
 20
1.218382817
 42
0.219566471
 10
19.652360539
 20
1.525251836
 42
0.138956293
 10
19.656366254
 20
2.013173889
 42
0.147105589
 10
19.441905217
 20
2.217103075
 42
-0.313272344
  0
LWPOLYLINE
  5
140
100
AcDbEntity
  8
0
100
AcDbPolyline
 90
        6
 70
     0
 43
0.0
 10
19.210693691
 20
0.670664152
 42
0.083884247
 10
19.638459438
 20
0.871448949
 42
0.213775524
 10
20.041748136
 20
1.432937886
 42
0.144273162
 10
20.028464034
 20
2.16470286
 42
0.196961606
 10
19.508066364
 20
2.622227153
 42
-0.029870065
 10
19.441905217
 20
2.649575612
 42
-0.313272344
  0
LWPOLYLINE
  5
141
100
AcDbEntity
  8
0
100
AcDbPolyline
 90
        6
 70
     0
 43
0.0
 10
19.064180102
 20
0.536878828
 42
0.112731583
 10
19.692175672
 20
0.787070881
 42
0.211733407
 10
20.138995294
 20
1.409618663
 42
0.145086363
 10
20.121466887
 20
2.202077566
 42
0.198977414
 10
19.540668098
 20
2.716714055
 42
-0.054815495
 10
19.441905217
 20
2.76342348
 42
-0.313272344
  0
LWPOLYLINE
  5
142
100
AcDbEntity
  8
0
100
AcDbPolyline
 90
        6
 70
     0
 43
0.0
 10
18.801525367
 20
0.419073828
 42
0.156062126
 10
19.745947392
 20
0.702741713
 42
0.210051961
 10
20.236222213
 20
1.386250593
 42
0.145782815
 10
20.21446521
 20
2.239345789
 42
0.200654394
 10
19.573269831
 20
2.811200956
 42
-0.095686206
 10
19.441905217
 20
2.886946614
 42
-0.313272344
  0
LWPOLYLINE
  5
143
100
AcDbEntity
  8
0
100
AcDbPolyline
 90
        6
 70
     0
 43
0.0
 10
19.441905217
 20
3.491350511
 42
-0.083492011
 10
19.555141541
 20
3.560346149
 42
0.196230559
 10
20.022383621
 20
4.011763373
 42
0.090082379
 10
20.094339906
 20
4.430368714
 42
0.124378352
 10
19.892692841
 20
5.117606461
 42
0.219987038
 10
18.944776745
 20
5.542374154
 42
0.219987038
  0
LWPOLYLINE
  5
144
100
AcDbEntity
  8
0
100
AcDbPolyline
 90
        6
 70
     0
 43
0.0
 10
19.441905217
 20
3.335406842
 42
-0.17182215
 10
19.592275347
 20
3.467546752
 42
0.197118738
 10
20.115167391
 20
3.974460973
 42
0.090994603
 10
20.194274386
 20
4.432741241
 42
0.126099728
 10
19.974104991
 20
5.176270033
 42
0.221795021
 10
18.943597582
 20
5.642320426
  0
LWPOLYLINE
  5
145
100
AcDbEntity
  8
0
100
AcDbPolyline
 90
        6
 70
     0
 43
0.0
 10
18.799742456
 20
0.319136504
 42
0.155567265
 10
19.799762416
 20
0.618450707
 42
0.20864279
 10
20.333433467
 20
1.362844713
 42
0.146386077
 10
20.307459995
 20
2.276530852
 42
0.2020717
 10
19.605871565
 20
2.905687858
 42
-0.184302793
 10
19.441905217
 20
3.042890283
 42
0.197118738
  0
LWPOLYLINE
  5
146
100
AcDbEntity
  8
0
100
AcDbPolyline
 90
        6
 70
     0
 43
0.0
 10
19.441905217
 20
3.614873645
 42
-0.04268964
 10
19.518007735
 20
3.653145546
 42
0.195127036
 10
19.929609643
 20
4.049118934
 42
0.088993059
 10
19.994403606
 20
4.428007411
 42
0.122391322
 10
19.811262632
 20
5.058858911
 42
0.178854627
 10
19.116275889
 20
5.43163547
 42
0.217874946
  0
LWPOLYLINE
  5
147
100
AcDbEntity
  8
0
100
AcDbPolyline
 90
        6
 70
     0
 43
0.0
 10
19.441905217
 20
3.728721513
 42
-0.017766099
 10
19.480873929
 20
3.745944943
 42
0.19371824
 10
19.836849151
 20
4.086547712
 42
0.087668623
 10
19.894464993
 20
4.425660364
 42
0.12007166
 10
19.729809565
 20
5.000005062
 42
0.141608124
 10
19.240202611
 20
5.303831248
 42
0.215374622
  0
LWPOLYLINE
  5
148
100
AcDbEntity
  8
0
100
AcDbPolyline
 90
        6
 70
     0
 43
0.0
 10
19.441905217
 20
3.838007089
 42
-0.000706573
 10
19.443740122
 20
3.838744339
 42
0.191855446
 10
19.744107995
 20
4.124081462
 42
0.086021986
 10
19.794523382
 20
4.423331812
 42
0.117327646
 10
19.648326964
 20
4.941013865
 42
0.104671872
 10
19.33149877
 20
5.165603394
 42
0.212367597
  0
LWPOLYLINE
  5
149
100
AcDbEntity
  8
0
100
AcDbPolyline
 90
        5
 70
     0
 43
0.0
 10
19.441905217
 20
3.94742352
 42
0.167549176
 10
19.651396051
 20
4.161773807
 42
0.083915543
 10
19.694577781
 20
4.421027865
 42
0.11403013
 10
19.566805247
 20
4.881840765
 42
0.066490482
 10
19.394081651
 20
5.021040097
 42
0.208681437
  0
LWPOLYLINE
  5
14A
100
AcDbEntity
  8
0
100
AcDbPolyline
 90
        5
 70
     0
 43
0.0
 10
19.441905217
 20
4.063471279
 42
0.126705274
 10
19.558731523
 20
4.199723571
 42
0.081116393
 10
19.594626704
 20
4.418757683
 42
0.109991046
 10
19.485230142
 20
4.822419388
 42
0.025222556
 10
19.430442317
 20
4.872741102
 42
0.20405482
  0
ARC
  5
14B
100
AcDbEntity
  8
0
  6
CONTINUOUS
100
AcDbCircle
 10
16.357488286
 20
2.605900856
 30
0.0
 40
0.067734086
100
AcDbArc
 50
180.000036494
 51
270.000122103
  0
LINE
  5
14C
100
AcDbEntity
  8
0
100
AcDbLine
 10
16.2897542
 20
3.376963262
 30
0.0
 11
16.2897542
 21
2.605900813
 31
0.0
  0
ARC
  5
14D
100
AcDbEntity
  8
0
  6
CONTINUOUS
100
AcDbCircle
 10
16.357488286
 20
3.376963406
 30
0.0
 40
0.067734086
100
AcDbArc
 50
90.000036494
 51
180.000122103
  0
LINE
  5
14E
100
AcDbEntity
  8
0
100
AcDbLine
 10
17.128550692
 20
3.444697492
 30
0.0
 11
16.357488243
 21
3.444697492
 31
0.0
  0
ARC
  5
14F
100
AcDbEntity
  8
0
  6
CONTINUOUS
100
AcDbCircle
 10
17.128550836
 20
3.376963406
 30
0.0
 40
0.067734086
100
AcDbArc
 50
0.000036494
 51
90.000122103
  0
LINE
  5
150
100
AcDbEntity
  8
0
100
AcDbLine
 10
17.196284923
 20
2.605901
 30
0.0
 11
17.196284923
 21
3.37696345
 31
0.0
  0
ARC
  5
151
100
AcDbEntity
  8
0
  6
CONTINUOUS
100
AcDbCircle
 10
17.128550836
 20
2.605900856
 30
0.0
 40
0.067734086
100
AcDbArc
 50
270.000036494
 51
0.000122103
  0
LINE
  5
152
100
AcDbEntity
  8
0
100
AcDbLine
 10
16.35748843
 20
2.53816677
 30
0.0
 11
17.12855088
 21
2.53816677
 31
0.0
  0
LINE
  5
153
100
AcDbEntity
  8
0
100
AcDbLine
 10
11.456736416
 20
2.532639167
 30
0.0
 11
13.132693928
 21
2.532639167
 31
0.0
  0
LINE
  5
154
100
AcDbEntity
  8
0
100
AcDbLine
 10
12.294715172
 20
4.959812234
 30
0.0
 11
11.456736416
 21
2.532639167
 31
0.0
  0
LINE
  5
155
100
AcDbEntity
  8
0
100
AcDbLine
 10
13.132693928
 20
2.532639167
 30
0.0
 11
12.294715172
 21
4.959812234
 31
0.0
  0
LINE
  5
156
100
AcDbEntity
  8
0
100
AcDbLine
 10
12.699209612
 20
5.84222688
 30
0.0
 11
11.886623438
 21
5.84222688
 31
0.0
  0
LINE
  5
157
100
AcDbEntity
  8
0
100
AcDbLine
 10
14.824554908
 20
0.11923005
 30
0.0
 11
12.699209612
 21
5.84222688
 31
0.0
  0
LINE
  5
158
100
AcDbEntity
  8
0
100
AcDbLine
 10
14.071610024
 20
0.11923005
 30
0.0
 11
14.824554908
 21
0.11923005
 31
0.0
  0
LINE
  5
159
100
AcDbEntity
  8
0
100
AcDbLine
 10
13.464398492
 20
1.878215835
 30
0.0
 11
14.071610024
 21
0.11923005
 31
0.0
  0
LINE
  5
15A
100
AcDbEntity
  8
0
100
AcDbLine
 10
11.125031851
 20
1.878215835
 30
0.0
 11
13.464398492
 21
1.878215835
 31
0.0
  0
LINE
  5
15B
100
AcDbEntity
  8
0
100
AcDbLine
 10
10.51782032
 20
0.11923005
 30
0.0
 11
11.125031851
 21
1.878215835
 31
0.0
  0
LINE
  5
15C
100
AcDbEntity
  8
0
100
AcDbLine
 10
9.764840173
 20
0.11923005
 30
0.0
 11
10.51782032
 21
0.11923005
 31
0.0
  0
LINE
  5
15D
100
AcDbEntity
  8
0
100
AcDbLine
 10
11.886623438
 20
5.84222688
 30
0.0
 11
9.764840173
 21
0.11923005
 31
0.0
  0
LWPOLYLINE
  5
15E
100
AcDbEntity
  8
0
100
AcDbPolyline
 90
        8
 70
     1
 43
0.0
 10
16.35748843
 20
2.138353862
 10
17.128550649
 20
2.138353862
 42
0.414214
 10
17.596097831
 20
2.605901
 10
17.596097831
 20
3.376963219
 42
0.414214
 10
17.128550692
 20
3.8445104
 10
16.357488473
 20
3.8445104
 42
0.414214
 10
15.889941292
 20
3.376963262
 10
15.889941292
 20
2.605901043
 42
0.414214
  0
LWPOLYLINE
  5
15F
100
AcDbEntity
  8
0
100
AcDbPolyline
 90
        8
 70
     1
 43
0.0
 10
11.817079216
 20
5.942180107
 10
9.621181256
 20
0.019276823
 10
10.589057118
 20
0.019276823
 10
11.196268649
 20
1.778262608
 10
13.393161694
 20
1.778262608
 10
14.000373226
 20
0.019276823
 10
14.968297679
 20
0.019276823
 10
12.768713264
 20
5.942180107
  0
LWPOLYLINE
  5
160
100
AcDbEntity
  8
0
100
AcDbPolyline
 90
        8
 70
     1
 43
0.0
 10
7.183609884
 20
5.15664944
 10
7.183609884
 20
0.000170563
 10
8.082220022
 20
0.000170563
 10
8.082220022
 20
5.15664944
 10
9.954455577
 20
5.15664944
 10
9.954455577
 20
5.922733253
 10
5.308964759
 20
5.922733253
 10
5.308964759
 20
5.15664944
  0
LWPOLYLINE
  5
161
100
AcDbEntity
  8
0
100
AcDbPolyline
 90
       27
 70
     0
 43
0.0
 10
3.875437896
 20
3.182669433
 42
0.062247116
 10
2.862316458
 20
3.519843772
 42
-0.032576094
 10
1.825406239
 20
3.747777369
 42
-0.11140064
 10
1.353878403
 20
4.00024964
 42
-0.339089151
 10
1.183515761
 20
4.752838559
 42
-0.191567159
 10
1.76644482
 20
5.218501455
 42
-0.090150009
 10
2.674558321
 20
5.274593648
 42
-0.191581644
 10
3.395459621
 20
4.880523482
 42
-0.183340275
 10
3.70344215
 20
4.081464154
 10
4.535828004
 20
4.081464154
 42
0.060395587
 10
4.384080474
 20
4.72966833
 42
-0.000963083
 10
4.387720717
 20
4.719654874
 42
-0.000158652
 10
4.388074859
 20
4.718533416
 42
0.000158652
 10
4.387720717
 20
4.719654874
 42
0.000963083
 10
4.384080474
 20
4.72966833
 42
-0.000963083
 10
4.387720717
 20
4.719654874
 42
-0.000158652
 10
4.388074859
 20
4.718533416
 42
0.119155
 10
3.938262228
 20
5.464275409
 42
0.158973366
 10
3.140736901
 20
5.893031
 42
0.068172345
 10
2.170186747
 20
5.962683264
 42
0.037466245
 10
1.333321357
 20
5.799674572
 42
0.116567984
 10
0.692433078
 20
5.408663367
 42
0.155692738
 10
0.354308963
 20
4.805505779
 42
0.085876796
 10
0.31984843
 20
4.092462908
 42
0.129943805
 10
0.6459752
 20
3.455201501
 42
0.156110378
 10
1.684180621
 20
2.947008218
 42
-0.030436656
 10
3.184126418
 20
2.557608563
 42
-0.181495255
  0
LWPOLYLINE
  5
162
100
AcDbEntity
  8
0
100
AcDbPolyline
 90
       18
 70
     0
 43
0.0
 10
3.184126418
 20
2.557608563
 42
-0.181495255
 10
3.756137245
 20
2.170704265
 42
-0.211008927
 10
3.842093852
 20
1.542262942
 42
-0.177978297
 10
3.452148746
 20
1.04504759
 42
-0.146715136
 10
2.697185936
 20
0.813523102
 42
-0.12665884
 10
1.8023859
 20
0.92659949
 42
-0.180279215
 10
1.08212253
 20
1.446754094
 42
-0.089878132
 10
0.864140323
 20
2.21311917
 10
-0.00000053
 20
2.21311917
 42
0.082370144
 10
0.301606245
 20
1.223479891
 42
0.018794684
 10
0.548413441
 20
0.835451552
 42
0.111601419
 10
1.450845608
 20
0.241412076
 42
0.055180181
 10
2.577992656
 20
0.067391156
 42
0.071279
 10
3.431456811
 20
0.184304054
 42
0.130365007
 10
4.235670375
 20
0.63417761
 42
0.162187692
 10
4.687814089
 20
1.454983167
 42
0.156013214
 10
4.593851763
 20
2.404387744
 42
0.200688
 10
3.875437896
 20
3.182669433
 42
0.062247116
  0
LWPOLYLINE
  5
163
100
AcDbEntity
  8
0
100
AcDbPolyline
 90
       18
 70
     0
 43
0.0
 10
3.207460523
 20
2.654799957
 42
-0.182267939
 10
3.839530317
 20
2.225892702
 42
-0.212462081
 10
3.937698348
 20
1.513059623
 42
-0.177939347
 10
3.506206907
 20
0.960956914
 42
-0.145366402
 10
2.703838086
 20
0.713621613
 42
-0.125141712
 10
1.770567748
 20
0.831699048
 42
-0.180503071
 10
0.995300915
 20
1.396815145
 42
-0.080788001
 10
0.775292962
 20
2.113165943
 10
0.116191743
 20
2.113165943
 42
0.072694838
 10
0.389642593
 20
1.270938805
 42
0.018311537
 10
0.626035534
 20
0.898961091
 42
0.110215249
 10
1.48155697
 20
0.336656258
 42
0.054849926
 10
2.580440806
 20
0.167331735
 42
0.07124151
 10
3.405321237
 20
0.280790241
 42
0.130748208
 10
4.166988722
 20
0.706806511
 42
0.162674058
 10
4.589771205
 20
1.474489128
 42
0.156781744
 10
4.500936356
 20
2.367419204
 42
0.201288102
 10
3.833837301
 20
3.091784681
 42
0.201288102
  0
LWPOLYLINE
  5
164
100
AcDbEntity
  8
0
100
AcDbPolyline
 90
       18
 70
     0
 43
0.0
 10
3.230794627
 20
2.751991352
 42
-0.182903444
 10
3.922899175
 20
2.281101646
 42
-0.213631758
 10
4.033297492
 20
1.48384666
 42
-0.177899092
 10
3.560284946
 20
0.876881649
 42
-0.1441865
 10
2.710532611
 20
0.613742253
 42
-0.123788459
 10
1.738704964
 20
0.736830915
 42
-0.180703696
 10
0.908452029
 20
1.346969028
 42
-0.072400313
 10
0.689735392
 20
2.013212716
 10
0.237040462
 20
2.013212716
 42
0.062317
 10
0.477695049
 20
1.318374273
 42
0.017806223
 10
0.703604697
 20
0.962568085
 42
0.108724783
 10
1.512324932
 20
0.431890278
 42
0.054502867
 10
2.582875417
 20
0.267273603
 42
0.071204177
 10
3.379202825
 20
0.377282088
 42
0.131177892
 10
4.098312496
 20
0.779441973
 42
0.163233999
 10
4.491726032
 20
1.493992274
 42
0.157666697
 10
4.408008015
 20
2.330463241
 42
0.201987082
 10
3.792236705
 20
3.00089993
 42
0.201987082
  0
LWPOLYLINE
  5
165
100
AcDbEntity
  8
0
100
AcDbPolyline
 90
       18
 70
     0
 43
0.0
 10
3.254128732
 20
2.849182746
 42
-0.183435393
 10
4.006250008
 20
2.336325855
 42
-0.214593643
 10
4.128892684
 20
1.454626579
 42
-0.17785959
 10
3.614378616
 20
0.792818501
 42
-0.143145344
 10
2.717262678
 20
0.513881452
 42
-0.122573743
 10
1.70680501
 20
0.64198969
 42
-0.180884579
 10
0.821580121
 20
1.297201279
 42
-0.06462539
 10
0.607127171
 20
1.913259489
 10
0.363154809
 20
1.913259489
 42
0.051135355
 10
0.56576487
 20
1.36578447
 42
0.017277055
 10
0.781115886
 20
1.026281822
 42
0.107117363
 10
1.543155152
 20
0.527113121
 42
0.05413762
 10
2.585295335
 20
0.367216868
 42
0.07116738
 10
3.353104217
 20
0.473780466
 42
0.131663231
 10
4.029642928
 20
0.852085485
 42
0.163885614
 10
4.39367801
 20
1.513491915
 42
0.158696745
 10
4.3150634
 20
2.293523103
 42
0.202811622
 10
3.750636109
 20
2.910015179
 42
0.202811622
  0
LWPOLYLINE
  5
166
100
AcDbEntity
  8
0
100
AcDbPolyline
 90
       23
 70
     0
 43
0.0
 10
3.832357129
 20
3.092476889
 42
0.062112015
 10
2.844978123
 20
3.421379181
 42
-0.032488662
 10
1.798195964
 20
3.65159743
 42
-0.111104218
 10
1.289173662
 20
3.924060654
 42
-0.340393129
 10
1.094566669
 20
4.798614965
 42
-0.193209903
 10
1.739956762
 20
5.314916397
 42
-0.090403659
 10
2.686690666
 20
5.37380783
 42
-0.191168513
 10
3.471189697
 20
4.945784687
 42
-0.163345843
 10
3.799084358
 20
4.181417381
 10
4.373844451
 20
4.181417381
 42
0.073487916
 10
4.293023708
 20
4.687601348
 42
0.000772062
 10
4.290207989
 20
4.695337525
 42
-0.03203086
 10
4.286591832
 20
4.707609039
 42
0.116376162
 10
3.866574234
 20
5.394616843
 42
0.15941757
 10
3.121591188
 20
5.794916673
 42
0.068090462
 10
2.179264717
 20
5.863107076
 42
0.037237883
 10
1.362082201
 20
5.7039167
 42
0.116412989
 10
0.761685748
 20
5.336573297
 42
0.156262166
 10
0.452055056
 20
4.784596973
 42
0.085407125
 10
0.41848589
 20
4.10930289
 42
0.128331171
 10
0.717891707
 20
3.524724343
 42
0.155911655
 10
1.700992085
 20
3.045566983
 42
-0.030483804
 10
3.215079931
 20
2.652648174
 42
-0.030483804
  0
LWPOLYLINE
  5
167
100
AcDbEntity
  8
0
100
AcDbPolyline
 90
       23
 70
     0
 43
0.0
 10
3.789276361
 20
3.002284344
 42
0.061972857
 10
2.827599141
 20
3.322921444
 42
-0.032402627
 10
1.770968365
 20
3.555422538
 42
-0.110851109
 10
1.224449617
 20
3.847889097
 42
-0.34140649
 10
1.005673956
 20
4.844463539
 42
-0.194577367
 10
1.713537035
 20
5.41134592
 42
-0.090632963
 10
2.698823011
 20
5.473022011
 42
-0.190817355
 10
3.546914347
 20
5.011048325
 42
-0.146202089
 10
3.888169065
 20
4.281370608
 10
4.26962533
 20
4.281370608
 42
0.057794778
 10
4.198318018
 20
4.655566812
 42
0.000564131
 10
4.196335504
 20
4.66100672
 42
-0.025018256
 10
4.190416139
 20
4.680103064
 42
0.115931893
 10
3.794880374
 20
5.324963476
 42
0.159923581
 10
3.102479764
 20
5.696794381
 42
0.068007441
 10
2.188328222
 20
5.763527852
 42
0.036997821
 10
1.39090116
 20
5.608173534
 42
0.116251285
 10
0.830922128
 20
5.26446482
 42
0.156940497
 10
0.549806376
 20
4.763709472
 42
0.08488205
 10
0.517127248
 20
4.126209869
 42
0.126473365
 10
0.789845145
 20
3.594224058
 42
0.155671409
 10
1.717727468
 20
3.144140141
 42
-0.030531722
 10
3.246033444
 20
2.747687784
 42
-0.030531722
  0
LWPOLYLINE
  5
168
100
AcDbEntity
  8
0
100
AcDbPolyline
 90
       23
 70
     0
 43
0.0
 10
3.746195593
 20
2.9120918
 42
0.061829384
 10
2.810178772
 20
3.224470684
 42
-0.032317855
 10
1.743725528
 20
3.459252088
 42
-0.110631962
 10
1.159711323
 20
3.771730403
 42
-0.342217024
 10
0.916822024
 20
4.890364312
 42
-0.195735165
 10
1.687174516
 20
5.50778767
 42
-0.090841476
 10
2.710955357
 20
5.572236193
 42
-0.190515194
 10
3.622634687
 20
5.076313897
 42
-0.131271185
 10
3.971884582
 20
4.381323835
 10
4.158358449
 20
4.381323835
 42
0.040033629
 10
4.103602285
 20
4.623554243
 42
0.000336902
 10
4.102463019
 20
4.626675915
 42
-0.021815057
 10
4.094559845
 20
4.651606599
 42
0.115601795
 10
3.723179327
 20
5.255316479
 42
0.160505671
 10
3.083408522
 20
5.598662755
 42
0.067923723
 10
2.1973762
 20
5.663945369
 42
0.036744977
 10
1.419786205
 20
5.51244709
 42
0.116084274
 10
0.900137495
 20
5.192332603
 42
0.157762866
 10
0.647564274
 20
4.74284879
 42
0.084291076
 10
0.61577336
 20
4.143198532
 42
0.124309234
 10
0.861844003
 20
3.663695332
 42
0.15537931
 10
1.734380893
 20
3.242728804
 42
-0.030580506
 10
3.276986958
 20
2.842727395
 42
-0.030580506
  0
LWPOLYLINE
  5
169
100
AcDbEntity
  8
0
100
AcDbPolyline
 90
       34
 70
     0
 43
0.0
 10
0.48514099
 20
1.913259489
 10
0.615789414
 20
1.48666235
 10
0.752332503
 20
1.259213831
 10
0.949561513
 20
1.001439021
 10
1.131618808
 20
0.834643441
 10
1.359190545
 20
0.698174329
 10
1.617105242
 20
0.592031866
 10
2.041905755
 20
0.501052458
 10
2.436363541
 20
0.440399519
 10
2.618420836
 20
0.440399519
 10
3.08873579
 20
0.485889223
 10
3.422507889
 20
0.576868631
 10
3.680422352
 20
0.683011095
 10
4.014194451
 20
1.001439021
 10
4.150737305
 20
1.244050597
 10
4.241766187
 20
1.48666235
 10
4.272108914
 20
1.835416568
 10
4.196251746
 20
2.153844316
 10
4.059708657
 20
2.441945773
 10
3.847308401
 20
2.654230879
 10
3.589393704
 20
2.805863225
 10
2.967364181
 20
3.018148331
 10
2.3908491
 20
3.169780678
 10
1.768819811
 20
3.306249789
 10
1.344019065
 20
3.427555666
 10
1.02541868
 20
3.609514303
 10
0.813018424
 20
3.89761576
 10
0.691646815
 20
4.140227335
 10
0.676475335
 20
4.458655083
 10
0.706818296
 20
4.655777133
 10
0.813018424
 20
4.928715178
 10
0.964732759
 20
5.125837228
 10
1.344019065
 20
5.413938507
 10
1.465390673
 20
5.474591445
  0
LWPOLYLINE
  5
16A
100
AcDbEntity
  8
0
100
AcDbPolyline
 90
       23
 70
     0
 43
0.0
 10
3.832136921
 20
0.743664033
 10
4.044537177
 20
0.925622848
 10
4.196251746
 20
1.183397658
 10
4.302451874
 20
1.48666235
 10
4.347966315
 20
1.714110691
 10
4.317623355
 20
2.002212148
 10
4.272108914
 20
2.259986958
 10
4.150737305
 20
2.472272243
 10
3.923165569
 20
2.699720583
 10
3.680422352
 20
2.866516164
 10
3.225278879
 20
3.018148331
 10
2.952192935
 20
3.109127739
 10
2.451535021
 20
3.230433616
 10
1.920534146
 20
3.336576258
 10
1.510905114
 20
3.457882135
 10
1.237818936
 20
3.594351068
 10
1.02541868
 20
3.745983414
 10
0.904047072
 20
3.943105464
 10
0.797846944
 20
4.15539057
 10
0.767503983
 20
4.382839089
 10
0.767503983
 20
4.61028743
 10
0.84336115
 20
4.822572714
 10
0.964732759
 20
5.065184289
  0
LWPOLYLINE
  5
16B
100
AcDbEntity
  8
0
100
AcDbPolyline
 90
        6
 70
     0
 43
0.0
 10
4.065121515
 20
4.381323835
 10
3.96868001
 20
4.686103603
 10
3.80179396
 20
5.004531351
 10
3.619736665
 20
5.23197987
 10
3.346650487
 20
5.429101741
 10
3.043221583
 20
5.550407618
  0
LWPOLYLINE
  5
16C
100
AcDbEntity
  8
0
100
AcDbPolyline
 90
        8
 70
     1
 43
0.0
 10
7.283563111
 20
5.256602667
 10
7.283563111
 20
0.10012379
 10
7.982266795
 20
0.10012379
 10
7.982266795
 20
5.256602667
 10
9.85450235
 20
5.256602667
 10
9.85450235
 20
5.822780026
 10
5.408917986
 20
5.822780026
 10
5.408917986
 20
5.256602667
  0
LWPOLYLINE
  5
16D
100
AcDbEntity
  8
0
100
AcDbPolyline
 90
        8
 70
     1
 43
0.0
 10
7.383516338
 20
5.356555894
 10
7.383516338
 20
0.200077017
 10
7.882313568
 20
0.200077017
 10
7.882313568
 20
5.356555894
 10
9.754549123
 20
5.356555894
 10
9.754549123
 20
5.722826799
 10
5.508871213
 20
5.722826799
 10
5.508871213
 20
5.356555894
  0
LWPOLYLINE
  5
16E
100
AcDbEntity
  8
0
100
AcDbPolyline
 90
        4
 70
     0
 43
0.0
 10
7.483469565
 20
5.456509121
 10
7.483469565
 20
0.300030244
 10
7.782360341
 20
0.300030244
 10
7.782360341
 20
5.456509121
  0
LWPOLYLINE
  5
16F
100
AcDbEntity
  8
0
100
AcDbPolyline
 90
        6
 70
     0
 43
0.0
 10
7.782360341
 20
5.456509121
 10
9.654595896
 20
5.456509121
 10
9.654595896
 20
5.622873572
 10
5.60882444
 20
5.622873572
 10
5.60882444
 20
5.456509121
 10
7.483469565
 20
5.456509121
  0
LWPOLYLINE
  5
170
100
AcDbEntity
  8
0
100
AcDbPolyline
 90
        4
 70
     0
 43
0.0
 10
7.583422792
 20
5.456509121
 10
7.583422792
 20
0.399983471
 10
7.682407114
 20
0.399983471
 10
7.682407114
 20
5.456509121
  0
LINE
  5
171
100
AcDbEntity
  8
0
100
AcDbLine
 10
5.60882444
 20
5.539691347
 30
0.0
 11
9.654595896
 21
5.539691347
 31
0.0
  0
LWPOLYLINE
  5
172
100
AcDbEntity
  8
0
100
AcDbPolyline
 90
        8
 70
     1
 43
0.0
 10
11.956167659
 20
5.742273653
 10
9.90849909
 20
0.219183277
 10
10.446583522
 20
0.219183277
 10
11.053795053
 20
1.978169062
 10
13.535635291
 20
1.978169062
 10
14.142846822
 20
0.219183277
 10
14.680812137
 20
0.219183277
 10
12.62970596
 20
5.742273653
  0
LWPOLYLINE
  5
173
100
AcDbEntity
  8
0
100
AcDbPolyline
 90
        8
 70
     1
 43
0.0
 10
12.025711881
 20
5.642320426
 10
10.052158008
 20
0.319136504
 10
10.375346724
 20
0.319136504
 10
10.982558255
 20
2.078122289
 10
13.606872089
 20
2.078122289
 10
14.21408362
 20
0.319136504
 10
14.537069366
 20
0.319136504
 10
12.560202307
 20
5.642320426
  0
LWPOLYLINE
  5
174
100
AcDbEntity
  8
0
100
AcDbPolyline
 90
        8
 70
     1
 43
0.0
 10
12.095256102
 20
5.542367199
 10
10.195816925
 20
0.419089731
 10
10.304109925
 20
0.419089731
 10
10.911321457
 20
2.178075516
 10
13.678108887
 20
2.178075516
 10
14.285320418
 20
0.419089731
 10
14.393326594
 20
0.419089731
 10
12.490698655
 20
5.542367199
  0
LWPOLYLINE
  5
175
100
AcDbEntity
  8
0
100
AcDbPolyline
 90
        3
 70
     1
 43
0.0
 10
13.272945281
 20
2.43268594
 10
12.294715172
 20
5.26609163
 10
11.316485062
 20
2.43268594
  0
LWPOLYLINE
  5
176
100
AcDbEntity
  8
0
100
AcDbPolyline
 90
        2
 70
     0
 43
0.0
 10
13.413196635
 20
2.332732713
 10
12.305073959
 20
5.542367199
  0
LWPOLYLINE
  5
177
100
AcDbEntity
  8
0
100
AcDbPolyline
 90
        3
 70
     0
 43
0.0
 10
12.284356384
 20
5.542367199
 10
11.176233709
 20
2.332732713
 10
13.413196635
 20
2.332732713
  0
LWPOLYLINE
  5
178
100
AcDbEntity
  8
0
100
AcDbPolyline
 90
        2
 70
     0
 43
0.0
 10
13.591083145
 20
2.24474036
 10
12.410816574
 20
5.542367199
  0
LWPOLYLINE
  5
179
100
AcDbEntity
  8
0
100
AcDbPolyline
 90
        3
 70
     0
 43
0.0
 10
12.178613769
 20
5.542367199
 10
11.006595329
 20
2.245810162
 10
13.553447988
 20
2.232779486
  0
LWPOLYLINE
  5
17A
100
AcDbEntity
  8
0
100
AcDbPolyline
 90
        2
 70
     0
 43
0.0
 10
16.244494219
 20
5.451519685
 10
18.518145293
 20
5.451519685
 42
-0.414214
  0
LWPOLYLINE
  5
17B
100
AcDbEntity
  8
0
100
AcDbPolyline
 90
        3
 70
     0
 43
0.0
 10
18.943597582
 20
5.642320426
 10
16.244494219
 20
5.642320426
 10
16.244494219
 20
5.451519685
  0
LINE
  5
17C
100
AcDbEntity
  8
0
100
AcDbLine
 10
16.244494219
 20
5.546920055
 30
0.0
 11
18.518546444
 21
5.546920055
 31
0.0
  0
LWPOLYLINE
  5
17D
100
AcDbEntity
  8
0
100
AcDbPolyline
 90
        7
 70
     0
 43
0.0
 10
18.518145293
 20
5.451519685
 42
-0.414214
 10
19.241998763
 20
4.727666402
 10
19.241998763
 20
1.281982105
 42
-0.414214
 10
18.51814548
 20
0.558128636
 10
16.244494219
 20
0.558128636
 10
16.244494219
 20
0.319136504
 10
18.799742456
 20
0.319136504
 42
0.155567265
  0
LWPOLYLINE
  5
17E
100
AcDbEntity
  8
0
100
AcDbPolyline
 90
        7
 70
     0
 43
0.0
 10
18.518145206
 20
5.551472912
 42
-0.414214
 10
19.34195199
 20
4.727666402
 10
19.34195199
 20
1.281982193
 42
-0.414214
 10
18.51814548
 20
0.458175409
 10
16.344447446
 20
0.458175409
 10
16.344447446
 20
0.419089731
 10
18.799742456
 20
0.419089731
  0
LWPOLYLINE
  5
17F
100
AcDbEntity
  8
0
100
AcDbPolyline
 90
        4
 70
     0
 43
0.0
 10
19.441905217
 20
1.342873456
 42
0.174375409
 10
19.554795372
 20
1.547803515
 42
0.136652389
 10
19.56329675
 20
1.974232496
 42
0.107419856
 10
19.441905217
 20
2.101396055
 42
-0.313272344
  0
LWPOLYLINE
  5
180
100
AcDbEntity
  8
0
100
AcDbPolyline
 90
        4
 70
     0
 43
0.0
 10
19.441905217
 20
1.511819334
 42
0.061215367
 10
19.457007926
 20
1.569818702
 42
0.133547604
 10
19.470184607
 20
1.934288873
 42
0.03645268
 10
19.441905217
 20
1.970202942
 42
-0.313272344
  0
LWPOLYLINE
  5
181
100
AcDbEntity
  8
0
100
AcDbPolyline
 90
        4
 70
     0
 43
0.0
 10
19.441905217
 20
4.200141585
 42
0.043445067
 10
19.46615252
 20
4.238137645
 42
0.077189413
 10
19.494667816
 20
4.416535665
 42
0.076844264
 10
19.441905217
 20
4.674641542
 42
0.198071216
  0
LWPOLYLINE
  5
182
100
AcDbEntity
  8
0
100
AcDbPolyline
 90
        4
 70
     0
 43
0.0
 10
18.944776745
 20
5.542374154
 42
-0.286898938
 10
19.441905217
 20
4.727666402
 10
19.441905217
 20
1.281982284
 42
-0.23899429
 10
19.064180102
 20
0.536878828
  0
LWPOLYLINE
  5
183
100
AcDbEntity
  8
0
100
AcDbPolyline
 90
        8
 70
     1
 43
0.0
 10
16.35748843
 20
2.238307089
 10
17.128550728
 20
2.238307089
 42
0.414214
 10
17.496144604
 20
2.605901
 10
17.496144604
 20
3.376963298
 42
0.414214
 10
17.128550692
 20
3.744557173
 10
16.357488394
 20
3.744557173
 42
0.414214
 10
15.989894519
 20
3.376963262
 10
15.989894519
 20
2.605900964
 42
0.414214
  0
LWPOLYLINE
  5
184
100
AcDbEntity
  8
0
100
AcDbPolyline
 90
        8
 70
     1
 43
0.0
 10
16.35748843
 20
2.338260316
 10
17.128550798
 20
2.338260316
 42
0.414214
 10
17.396191377
 20
2.605901
 10
17.396191377
 20
3.376963368
 42
0.414214
 10
17.128550692
 20
3.644603946
 10
16.357488324
 20
3.644603946
 42
0.414214
 10
16.089847746
 20
3.376963262
 10
16.089847746
 20
2.605900894
 42
0.414214
  0
LWPOLYLINE
  5
185
100
AcDbEntity
  8
0
100
AcDbPolyline
 90
        8
 70
     1
 43
0.0
 10
16.35748843
 20
2.438213543
 10
17.128550853
 20
2.438213543
 42
0.414214
 10
17.29623815
 20
2.605901
 10
17.29623815
 20
3.376963423
 42
0.414214
 10
17.128550692
 20
3.544650719
 10
16.357488269
 20
3.544650719
 42
0.414214
 10
16.189800973
 20
3.376963262
 10
16.189800973
 20
2.605900839
 42
0.414214
  0
LWPOLYLINE
  5
186
100
AcDbEntity
  8
0
100
AcDbPolyline
 90
        4
 70
     1
 43
0.0
 10
16.389707427
 20
2.638119997
 10
17.096331696
 20
2.638119997
 10
17.096331696
 20
3.344744265
 10
16.389707427
 20
3.344744265
  0
LWPOLYLINE
  5
187
100
AcDbEntity
  8
0
100
AcDbPolyline
 90
        4
 70
     1
 43
0.0
 10
16.489660654
 20
2.738073224
 10
16.996378469
 20
2.738073224
 10
16.996378469
 20
3.244791038
 10
16.489660654
 20
3.244791038
  0
LWPOLYLINE
  5
188
100
AcDbEntity
  8
0
100
AcDbPolyline
 90
        4
 70
     1
 43
0.0
 10
16.589613881
 20
2.838026451
 10
16.896425242
 20
2.838026451
 10
16.896425242
 20
3.144837811
 10
16.589613881
 20
3.144837811
  0
LWPOLYLINE
  5
189
100
AcDbEntity
  8
0
100
AcDbPolyline
 90
        4
 70
     1
 43
0.0
 10
16.689567108
 20
2.937979678
 10
16.796472015
 20
2.937979678
 10
16.796472015
 20
3.044884584
 10
16.689567108
 20
3.044884584
  0
LWPOLYLINE
  5
18A
100
AcDbEntity
  8
0
100
AcDbPolyline
 90
        3
 70
     0
 43
0.0
 10
16.689567108
 20
3.037932905
 10
16.696518788
 20
3.037932905
 10
16.696518788
 20
3.044884584
  0
LWPOLYLINE
  5
18B
100
AcDbEntity
  8
0
100
AcDbPolyline
 90
       12
 70
     1
 43
0.0
 10
29.057512131
 20
0.019276823
 10
29.057512131
 20
5.966275802
 10
33.196856003
 20
5.966275802
 10
33.196856003
 20
5.034069026
 10
29.989718907
 20
5.034069026
 10
29.989718907
 20
3.371408342
 10
32.409643651
 20
3.371408342
 10
32.409643651
 20
2.614144282
 10
29.989718907
 20
2.614144282
 10
29.989718907
 20
0.951473642
 10
33.196856003
 20
0.951473642
 10
33.196856003
 20
0.019276823
  0
LWPOLYLINE
  5
18C
100
AcDbEntity
  8
0
100
AcDbPolyline
 90
        6
 70
     1
 43
0.0
 10
28.142056979
 20
0.019276823
 10
28.142056979
 20
0.857988317
 10
24.973472996
 20
0.857988317
 10
24.973472996
 20
5.942180107
 10
24.074522263
 20
5.942180107
 10
24.074522263
 20
0.019276823
  0
LWPOLYLINE
  5
18D
100
AcDbEntity
  8
0
100
AcDbPolyline
 90
        4
 70
     1
 43
0.0
 10
22.780764689
 20
0.000000266
 10
22.780764689
 20
5.92290355
 10
21.881813955
 20
5.92290355
 10
21.881813955
 20
0.000000266
  0
LWPOLYLINE
  5
18E
100
AcDbEntity
  8
0
100
AcDbPolyline
 90
        4
 70
     1
 43
0.0
 10
22.680811462
 20
0.099953493
 10
22.680811462
 20
5.822950323
 10
21.981767182
 20
5.822950323
 10
21.981767182
 20
0.099953493
  0
LWPOLYLINE
  5
18F
100
AcDbEntity
  8
0
100
AcDbPolyline
 90
        4
 70
     1
 43
0.0
 10
22.580858235
 20
0.19990672
 10
22.580858235
 20
5.722997096
 10
22.081720409
 20
5.722997096
 10
22.081720409
 20
0.19990672
  0
LWPOLYLINE
  5
190
100
AcDbEntity
  8
0
100
AcDbPolyline
 90
        4
 70
     1
 43
0.0
 10
22.480905008
 20
0.299859947
 10
22.480905008
 20
5.623043869
 10
22.181673636
 20
5.623043869
 10
22.181673636
 20
0.299859947
  0
LWPOLYLINE
  5
191
100
AcDbEntity
  8
0
100
AcDbPolyline
 90
        4
 70
     1
 43
0.0
 10
22.380951781
 20
0.399813174
 10
22.380951781
 20
5.523090642
 10
22.281626863
 20
5.523090642
 10
22.281626863
 20
0.399813174
  0
LWPOLYLINE
  5
192
100
AcDbEntity
  8
0
100
AcDbPolyline
 90
        6
 70
     1
 43
0.0
 10
28.042103752
 20
0.11923005
 10
28.042103752
 20
0.75803509
 10
24.873519769
 20
0.75803509
 10
24.873519769
 20
5.84222688
 10
24.17447549
 20
5.84222688
 10
24.17447549
 20
0.11923005
  0
LWPOLYLINE
  5
193
100
AcDbEntity
  8
0
100
AcDbPolyline
 90
        6
 70
     1
 43
0.0
 10
27.942150525
 20
0.219183277
 10
27.942150525
 20
0.658081863
 10
24.773566542
 20
0.658081863
 10
24.773566542
 20
5.742273653
 10
24.274428717
 20
5.742273653
 10
24.274428717
 20
0.219183277
  0
LWPOLYLINE
  5
194
100
AcDbEntity
  8
0
100
AcDbPolyline
 90
        6
 70
     1
 43
0.0
 10
27.842197298
 20
0.319136504
 10
27.842197298
 20
0.558128636
 10
24.673613315
 20
0.558128636
 10
24.673613315
 20
5.642320426
 10
24.374381944
 20
5.642320426
 10
24.374381944
 20
0.319136504
  0
LWPOLYLINE
  5
195
100
AcDbEntity
  8
0
100
AcDbPolyline
 90
        6
 70
     1
 43
0.0
 10
27.742244071
 20
0.419089731
 10
27.742244071
 20
0.458175409
 10
24.573660088
 20
0.458175409
 10
24.573660088
 20
5.542367199
 10
24.474335171
 20
5.542367199
 10
24.474335171
 20
0.419089731
  0
LWPOLYLINE
  5
196
100
AcDbEntity
  8
0
100
AcDbPolyline
 90
       12
 70
     1
 43
0.0
 10
29.157465358
 20
0.11923005
 10
29.157465358
 20
5.866322575
 10
33.096902776
 20
5.866322575
 10
33.096902776
 20
5.134022253
 10
29.88976568
 20
5.134022253
 10
29.88976568
 20
3.271455115
 10
32.309690424
 20
3.271455115
 10
32.309690424
 20
2.714097509
 10
29.88976568
 20
2.714097509
 10
29.88976568
 20
0.851520415
 10
33.096902776
 20
0.851520415
 10
33.096902776
 20
0.11923005
  0
LWPOLYLINE
  5
197
100
AcDbEntity
  8
0
100
AcDbPolyline
 90
       12
 70
     1
 43
0.0
 10
29.257418585
 20
0.219183277
 10
29.257418585
 20
5.766369348
 10
32.996949549
 20
5.766369348
 10
32.996949549
 20
5.23397548
 10
29.789812453
 20
5.23397548
 10
29.789812453
 20
3.171501888
 10
32.209737197
 20
3.171501888
 10
32.209737197
 20
2.814050736
 10
29.789812453
 20
2.814050736
 10
29.789812453
 20
0.751567188
 10
32.996949549
 20
0.751567188
 10
32.996949549
 20
0.219183277
  0
LWPOLYLINE
  5
198
100
AcDbEntity
  8
0
100
AcDbPolyline
 90
       12
 70
     1
 43
0.0
 10
29.357371812
 20
0.319136504
 10
29.357371812
 20
5.666416121
 10
32.896996322
 20
5.666416121
 10
32.896996322
 20
5.333928707
 10
29.689859226
 20
5.333928707
 10
29.689859226
 20
3.071548661
 10
32.10978397
 20
3.071548661
 10
32.10978397
 20
2.914003963
 10
29.689859226
 20
2.914003963
 10
29.689859226
 20
0.651613961
 10
32.896996322
 20
0.651613961
 10
32.896996322
 20
0.319136504
  0
LWPOLYLINE
  5
199
100
AcDbEntity
  8
0
100
AcDbPolyline
 90
       10
 70
     1
 43
0.0
 10
29.457325039
 20
0.419089731
 10
29.457325039
 20
5.566462894
 10
32.797043095
 20
5.566462894
 10
32.797043095
 20
5.433881934
 10
29.589905999
 20
5.433881934
 10
29.589905999
 20
3.01395719
 10
29.589905999
 20
3.01395719
 10
29.589905999
 20
0.551660734
 10
32.797043095
 20
0.551660734
 10
32.797043095
 20
0.419089731
  0
LWPOLYLINE
  5
19A
100
AcDbEntity
  8
0
100
AcDbPolyline
 90
        3
 70
     1
 43
0.0
 10
47.260911075
 20
3.321230949
 10
46.951619741
 20
3.304817235
 10
46.88592948
 20
3.553757668
  0
LWPOLYLINE
  5
19B
100
AcDbEntity
  8
0
100
AcDbPolyline
 90
        3
 70
     1
 43
0.0
 10
47.060401785
 20
3.372648369
 10
46.998677164
 20
3.369372719
 10
46.985567497
 20
3.419053238
  0
LWPOLYLINE
  5
19C
100
AcDbEntity
  8
0
100
AcDbPolyline
 90
       10
 70
     0
 43
0.0
 10
50.266891558
 20
3.276615766
 42
0.018917768
 10
50.26385806
 20
3.196467386
 10
50.26385806
 20
0.597350712
 42
-0.414214
 10
50.208344923
 20
0.541837782
 10
47.046855034
 20
0.541837782
 42
-0.414214053
 10
46.991342094
 20
0.597350919
 10
46.991342094
 20
3.200930862
 42
-0.414214053
 10
47.046855231
 20
3.256443802
 10
49.759272351
 20
3.256443802
 42
0.004039375
 10
49.773398748
 20
3.256557834
 42
0.004039375
  0
LWPOLYLINE
  5
19D
100
AcDbEntity
  8
0
100
AcDbPolyline
 90
        7
 70
     0
 43
0.0
 10
50.205097854
 20
3.281300112
 42
0.018917768
 10
50.201887059
 20
3.196467386
 10
50.201887059
 20
0.603808783
 10
47.053313095
 20
0.603808783
 10
47.053313095
 20
3.194472801
 10
49.759271939
 20
3.194472801
 42
0.004039375
 10
49.774399584
 20
3.194594915
 42
0.004039375
  0
LWPOLYLINE
  5
19E
100
AcDbEntity
  8
0
100
AcDbPolyline
 90
        7
 70
     0
 43
0.0
 10
50.14330415
 20
3.285984458
 42
0.018917768
 10
50.139916058
 20
3.196467386
 10
50.139916058
 20
0.665779784
 10
47.115284096
 20
0.665779784
 10
47.115284096
 20
3.132501801
 10
49.759271527
 20
3.132501801
 42
0.004039375
 10
49.775400419
 20
3.132631997
 42
0.004039375
  0
LWPOLYLINE
  5
19F
100
AcDbEntity
  8
0
100
AcDbPolyline
 90
        7
 70
     0
 43
0.0
 10
50.081510446
 20
3.290668806
 42
0.018917768
 10
50.077945058
 20
3.196467386
 10
50.077945058
 20
0.727750784
 10
47.177255097
 20
0.727750784
 10
47.177255097
 20
3.0705308
 10
49.759271115
 20
3.0705308
 42
0.004039375
 10
49.776401254
 20
3.070669078
 42
0.004039375
  0
LWPOLYLINE
  5
1A0
100
AcDbEntity
  8
0
100
AcDbPolyline
 90
        7
 70
     0
 43
0.0
 10
50.019716743
 20
3.295353154
 42
0.018917768
 10
50.015974057
 20
3.196467386
 10
50.015974057
 20
0.789721785
 10
47.239226097
 20
0.789721785
 10
47.239226097
 20
3.008559799
 10
49.759270703
 20
3.008559799
 42
0.004039375
 10
49.77740209
 20
3.00870616
 42
0.004039375
  0
LWPOLYLINE
  5
1A1
100
AcDbEntity
  8
0
100
AcDbPolyline
 90
        7
 70
     0
 43
0.0
 10
49.957923039
 20
3.300037504
 42
0.018917768
 10
49.954003056
 20
3.196467386
 10
49.954003056
 20
0.851692786
 10
47.301197098
 20
0.851692786
 10
47.301197098
 20
2.946588798
 10
49.75927029
 20
2.946588798
 42
0.004039375
 10
49.778402925
 20
2.946743241
 42
0.004039375
  0
LWPOLYLINE
  5
1A2
100
AcDbEntity
  8
0
100
AcDbPolyline
 90
        7
 70
     0
 43
0.0
 10
49.896129336
 20
3.304721854
 42
0.018917768
 10
49.892032056
 20
3.196467386
 10
49.892032056
 20
0.913663787
 10
47.363168099
 20
0.913663787
 10
47.363168099
 20
2.884617798
 10
49.759269878
 20
2.884617798
 42
0.004039375
 10
49.77940376
 20
2.884780323
 42
0.004039375
  0
LWPOLYLINE
  5
1A3
100
AcDbEntity
  8
0
100
AcDbPolyline
 90
        5
 70
     0
 43
0.0
 10
49.830061055
 20
2.822646797
 10
49.830061055
 20
0.975634787
 10
47.4251391
 20
0.975634787
 10
47.4251391
 20
2.822646797
 10
49.830061055
 20
2.822646797
  0
LWPOLYLINE
  5
1A4
100
AcDbEntity
  8
0
100
AcDbPolyline
 90
        3
 70
     0
 43
0.0
 10
49.834335632
 20
3.309406204
 42
0.018917768
 10
49.830061055
 20
3.196467386
 10
49.830061055
 20
2.822646797
  0
LWPOLYLINE
  5
1A5
100
AcDbEntity
  8
0
100
AcDbPolyline
 90
        4
 70
     1
 43
0.0
 10
49.768090054
 20
2.760675796
 10
49.768090054
 20
1.037605788
 10
47.4871101
 20
1.037605788
 10
47.4871101
 20
2.760675796
  0
LWPOLYLINE
  5
1A6
100
AcDbEntity
  8
0
100
AcDbPolyline
 90
        4
 70
     1
 43
0.0
 10
49.706119053
 20
2.698704795
 10
49.706119053
 20
1.099576789
 10
47.549081101
 20
1.099576789
 10
47.549081101
 20
2.698704795
  0
LWPOLYLINE
  5
1A7
100
AcDbEntity
  8
0
100
AcDbPolyline
 90
        4
 70
     1
 43
0.0
 10
49.644148053
 20
2.636733795
 10
49.644148053
 20
1.16154779
 10
47.611052102
 20
1.16154779
 10
47.611052102
 20
2.636733795
  0
LWPOLYLINE
  5
1A8
100
AcDbEntity
  8
0
100
AcDbPolyline
 90
        4
 70
     1
 43
0.0
 10
49.582177052
 20
2.574762794
 10
49.582177052
 20
1.22351879
 10
47.673023103
 20
1.22351879
 10
47.673023103
 20
2.574762794
  0
LWPOLYLINE
  5
1A9
100
AcDbEntity
  8
0
100
AcDbPolyline
 90
        4
 70
     1
 43
0.0
 10
49.520206051
 20
2.512791793
 10
49.520206051
 20
1.285489791
 10
47.734994103
 20
1.285489791
 10
47.734994103
 20
2.512791793
  0
LWPOLYLINE
  5
1AA
100
AcDbEntity
  8
0
100
AcDbPolyline
 90
        4
 70
     1
 43
0.0
 10
49.45823505
 20
2.450820792
 10
49.45823505
 20
1.347460792
 10
47.796965104
 20
1.347460792
 10
47.796965104
 20
2.450820792
  0
LWPOLYLINE
  5
1AB
100
AcDbEntity
  8
0
100
AcDbPolyline
 90
        4
 70
     1
 43
0.0
 10
49.39626405
 20
2.388849792
 10
49.39626405
 20
1.409431793
 10
47.858936105
 20
1.409431793
 10
47.858936105
 20
2.388849792
  0
LWPOLYLINE
  5
1AC
100
AcDbEntity
  8
0
100
AcDbPolyline
 90
        4
 70
     1
 43
0.0
 10
49.334293049
 20
2.326878791
 10
49.334293049
 20
1.471402793
 10
47.920907106
 20
1.471402793
 10
47.920907106
 20
2.326878791
  0
LWPOLYLINE
  5
1AD
100
AcDbEntity
  8
0
100
AcDbPolyline
 90
        4
 70
     1
 43
0.0
 10
49.272322048
 20
2.26490779
 10
49.272322048
 20
1.533373794
 10
47.982878106
 20
1.533373794
 10
47.982878106
 20
2.26490779
  0
LWPOLYLINE
  5
1AE
100
AcDbEntity
  8
0
100
AcDbPolyline
 90
        4
 70
     1
 43
0.0
 10
49.210351047
 20
2.202936789
 10
49.210351047
 20
1.595344795
 10
48.044849107
 20
1.595344795
 10
48.044849107
 20
2.202936789
  0
LWPOLYLINE
  5
1AF
100
AcDbEntity
  8
0
100
AcDbPolyline
 90
        4
 70
     1
 43
0.0
 10
49.148380047
 20
2.140965789
 10
49.148380047
 20
1.657315796
 10
48.106820108
 20
1.657315796
 10
48.106820108
 20
2.140965789
  0
LWPOLYLINE
  5
1B0
100
AcDbEntity
  8
0
100
AcDbPolyline
 90
        4
 70
     1
 43
0.0
 10
49.086409046
 20
2.078994788
 10
49.086409046
 20
1.719286796
 10
48.168791109
 20
1.719286796
 10
48.168791109
 20
2.078994788
  0
LWPOLYLINE
  5
1B1
100
AcDbEntity
  8
0
100
AcDbPolyline
 90
        4
 70
     1
 43
0.0
 10
49.024438045
 20
2.017023787
 10
49.024438045
 20
1.781257797
 10
48.230762109
 20
1.781257797
 10
48.230762109
 20
2.017023787
  0
LWPOLYLINE
  5
1B2
100
AcDbEntity
  8
0
100
AcDbPolyline
 90
        4
 70
     1
 43
0.0
 10
48.962467044
 20
1.955052787
 10
48.962467044
 20
1.843228798
 10
48.29273311
 20
1.843228798
 10
48.29273311
 20
1.955052787
  0
LWPOLYLINE
  5
1B3
100
AcDbEntity
  8
0
100
AcDbPolyline
 90
        4
 70
     0
 43
0.0
 10
48.900496044
 20
1.955052787
 10
48.900496044
 20
1.905199798
 10
48.354704111
 20
1.905199798
 10
48.354704111
 20
1.955052787
  0
LWPOLYLINE
  5
1B4
100
AcDbEntity
  8
0
100
AcDbPolyline
 90
        3
 70
     1
 43
0.0
 10
44.284018105
 20
5.448608751
 10
44.332925318
 20
5.372252154
 10
44.235226582
 20
5.372252154
  0
LWPOLYLINE
  5
1B5
100
AcDbEntity
  8
0
100
AcDbPolyline
 90
        3
 70
     1
 43
0.0
 10
44.283956289
 20
5.563602822
 10
44.446211515
 20
5.310281153
 10
44.122084879
 20
5.310281153
  0
LWPOLYLINE
  5
1B6
100
AcDbEntity
  8
0
100
AcDbPolyline
 90
        3
 70
     1
 43
0.0
 10
44.283894474
 20
5.678596893
 10
44.559497711
 20
5.248310152
 10
44.008943177
 20
5.248310152
  0
LWPOLYLINE
  5
1B7
100
AcDbEntity
  8
0
100
AcDbPolyline
 90
        3
 70
     1
 43
0.0
 10
44.283832658
 20
5.793590964
 10
44.672783908
 20
5.186339152
 10
43.895801475
 20
5.186339152
  0
LWPOLYLINE
  5
1B8
100
AcDbEntity
  8
0
100
AcDbPolyline
 90
        3
 70
     1
 43
0.0
 10
44.283770843
 20
5.908585035
 10
44.786070104
 20
5.124368151
 10
43.782659773
 20
5.124368151
  0
LWPOLYLINE
  5
1B9
100
AcDbEntity
  8
0
100
AcDbPolyline
 90
        3
 70
     1
 43
0.0
 10
44.283709027
 20
6.023579106
 10
44.899356301
 20
5.06239715
 10
43.669518071
 20
5.06239715
  0
LWPOLYLINE
  5
1BA
100
AcDbEntity
  8
0
100
AcDbPolyline
 90
        3
 70
     1
 43
0.0
 10
44.283647212
 20
6.138573177
 10
45.012642497
 20
5.00042615
 10
43.556376369
 20
5.00042615
  0
LWPOLYLINE
  5
1BB
100
AcDbEntity
  8
0
100
AcDbPolyline
 90
        3
 70
     1
 43
0.0
 10
44.283585396
 20
6.253567248
 10
45.125928694
 20
4.938455149
 10
43.443234667
 20
4.938455149
  0
LWPOLYLINE
  5
1BC
100
AcDbEntity
  8
0
100
AcDbPolyline
 90
        3
 70
     1
 43
0.0
 10
44.283523581
 20
6.368561319
 10
45.239214891
 20
4.876484148
 10
43.330092965
 20
4.876484148
  0
LWPOLYLINE
  5
1BD
100
AcDbEntity
  8
0
100
AcDbPolyline
 90
        3
 70
     1
 43
0.0
 10
44.283461765
 20
6.48355539
 10
45.352501087
 20
4.814513147
 10
43.216951263
 20
4.814513147
  0
LWPOLYLINE
  5
1BE
100
AcDbEntity
  8
0
100
AcDbPolyline
 90
        3
 70
     1
 43
0.0
 10
44.28339995
 20
6.598549461
 10
45.465787284
 20
4.752542147
 10
43.10380956
 20
4.752542147
  0
LWPOLYLINE
  5
1BF
100
AcDbEntity
  8
0
100
AcDbPolyline
 90
        3
 70
     1
 43
0.0
 10
44.283338134
 20
6.713543532
 10
45.57907348
 20
4.690571146
 10
42.990667858
 20
4.690571146
  0
LWPOLYLINE
  5
1C0
100
AcDbEntity
  8
0
100
AcDbPolyline
 90
        2
 70
     0
 43
0.0
 10
41.796387074
 20
3.757590852
 10
44.28284361
 20
7.633496099
  0
LWPOLYLINE
  5
1C1
100
AcDbEntity
  8
0
100
AcDbPolyline
 90
        2
 70
     0
 43
0.0
 10
41.093689697
 20
3.318520752
 42
0.224400588
 10
41.796387074
 20
3.757590852
  0
LWPOLYLINE
  5
1C2
100
AcDbEntity
  8
0
100
AcDbPolyline
 90
        3
 70
     1
 43
0.0
 10
41.516090138
 20
3.372648369
 10
41.57781476
 20
3.369372719
 10
41.590924427
 20
3.419053238
  0
LWPOLYLINE
  5
1C3
100
AcDbEntity
  8
0
100
AcDbPolyline
 90
        3
 70
     1
 43
0.0
 10
41.315580849
 20
3.321230949
 10
41.624872183
 20
3.304817235
 10
41.690562444
 20
3.553757668
  0
LWPOLYLINE
  5
1C4
100
AcDbEntity
  8
0
100
AcDbPolyline
 90
        4
 70
     0
 43
0.0
 10
40.221787827
 20
1.955052787
 10
40.221787827
 20
1.905199798
 10
39.675995894
 20
1.905199798
 10
39.675995894
 20
1.955052787
  0
LWPOLYLINE
  5
1C5
100
AcDbEntity
  8
0
100
AcDbPolyline
 90
        4
 70
     1
 43
0.0
 10
40.283758828
 20
1.955052787
 10
40.283758828
 20
1.843228798
 10
39.614024893
 20
1.843228798
 10
39.614024893
 20
1.955052787
  0
LWPOLYLINE
  5
1C6
100
AcDbEntity
  8
0
100
AcDbPolyline
 90
        4
 70
     1
 43
0.0
 10
40.345729829
 20
2.017023787
 10
40.345729829
 20
1.781257797
 10
39.552053893
 20
1.781257797
 10
39.552053893
 20
2.017023787
  0
LWPOLYLINE
  5
1C7
100
AcDbEntity
  8
0
100
AcDbPolyline
 90
        4
 70
     1
 43
0.0
 10
40.407700829
 20
2.078994788
 10
40.407700829
 20
1.719286796
 10
39.490082892
 20
1.719286796
 10
39.490082892
 20
2.078994788
  0
LWPOLYLINE
  5
1C8
100
AcDbEntity
  8
0
100
AcDbPolyline
 90
        4
 70
     1
 43
0.0
 10
40.46967183
 20
2.140965789
 10
40.46967183
 20
1.657315796
 10
39.428111891
 20
1.657315796
 10
39.428111891
 20
2.140965789
  0
LWPOLYLINE
  5
1C9
100
AcDbEntity
  8
0
100
AcDbPolyline
 90
        4
 70
     1
 43
0.0
 10
40.531642831
 20
2.202936789
 10
40.531642831
 20
1.595344795
 10
39.366140891
 20
1.595344795
 10
39.366140891
 20
2.202936789
  0
LWPOLYLINE
  5
1CA
100
AcDbEntity
  8
0
100
AcDbPolyline
 90
        4
 70
     1
 43
0.0
 10
40.593613832
 20
2.26490779
 10
40.593613832
 20
1.533373794
 10
39.30416989
 20
1.533373794
 10
39.30416989
 20
2.26490779
  0
LWPOLYLINE
  5
1CB
100
AcDbEntity
  8
0
100
AcDbPolyline
 90
        4
 70
     1
 43
0.0
 10
40.655584832
 20
2.326878791
 10
40.655584832
 20
1.471402793
 10
39.242198889
 20
1.471402793
 10
39.242198889
 20
2.326878791
  0
LWPOLYLINE
  5
1CC
100
AcDbEntity
  8
0
100
AcDbPolyline
 90
        4
 70
     1
 43
0.0
 10
40.717555833
 20
2.388849792
 10
40.717555833
 20
1.409431793
 10
39.180227888
 20
1.409431793
 10
39.180227888
 20
2.388849792
  0
LWPOLYLINE
  5
1CD
100
AcDbEntity
  8
0
100
AcDbPolyline
 90
        4
 70
     1
 43
0.0
 10
40.779526834
 20
2.450820792
 10
40.779526834
 20
1.347460792
 10
39.118256888
 20
1.347460792
 10
39.118256888
 20
2.450820792
  0
LWPOLYLINE
  5
1CE
100
AcDbEntity
  8
0
100
AcDbPolyline
 90
        4
 70
     1
 43
0.0
 10
40.841497835
 20
2.512791793
 10
40.841497835
 20
1.285489791
 10
39.056285887
 20
1.285489791
 10
39.056285887
 20
2.512791793
  0
LWPOLYLINE
  5
1CF
100
AcDbEntity
  8
0
100
AcDbPolyline
 90
        4
 70
     1
 43
0.0
 10
40.903468835
 20
2.574762794
 10
40.903468835
 20
1.22351879
 10
38.994314886
 20
1.22351879
 10
38.994314886
 20
2.574762794
  0
LWPOLYLINE
  5
1D0
100
AcDbEntity
  8
0
100
AcDbPolyline
 90
        4
 70
     1
 43
0.0
 10
40.965439836
 20
2.636733795
 10
40.965439836
 20
1.16154779
 10
38.932343885
 20
1.16154779
 10
38.932343885
 20
2.636733795
  0
LWPOLYLINE
  5
1D1
100
AcDbEntity
  8
0
100
AcDbPolyline
 90
        4
 70
     1
 43
0.0
 10
41.027410837
 20
2.698704795
 10
41.027410837
 20
1.099576789
 10
38.870372885
 20
1.099576789
 10
38.870372885
 20
2.698704795
  0
LWPOLYLINE
  5
1D2
100
AcDbEntity
  8
0
100
AcDbPolyline
 90
        4
 70
     1
 43
0.0
 10
41.089381838
 20
2.760675796
 10
41.089381838
 20
1.037605788
 10
38.808401884
 20
1.037605788
 10
38.808401884
 20
2.760675796
  0
LWPOLYLINE
  5
1D3
100
AcDbEntity
  8
0
100
AcDbPolyline
 90
        5
 70
     0
 43
0.0
 10
41.151352838
 20
2.822646797
 10
41.151352838
 20
0.975634787
 10
38.746430883
 20
0.975634787
 10
38.746430883
 20
2.822646797
 10
41.151352838
 20
2.822646797
  0
LWPOLYLINE
  5
1D4
100
AcDbEntity
  8
0
100
AcDbPolyline
 90
        3
 70
     0
 43
0.0
 10
41.155627416
 20
3.309406204
 42
0.018917768
 10
41.151352838
 20
3.196467386
 10
41.151352838
 20
2.822646797
  0
LWPOLYLINE
  5
1D5
100
AcDbEntity
  8
0
100
AcDbPolyline
 90
        7
 70
     0
 43
0.0
 10
41.217421119
 20
3.304721854
 42
0.018917768
 10
41.213323839
 20
3.196467386
 10
41.213323839
 20
0.913663787
 10
38.684459882
 20
0.913663787
 10
38.684459882
 20
2.884617798
 10
41.080561662
 20
2.884617798
 42
0.004039375
 10
41.100695544
 20
2.884780323
 42
0.004039375
  0
LWPOLYLINE
  5
1D6
100
AcDbEntity
  8
0
100
AcDbPolyline
 90
        7
 70
     0
 43
0.0
 10
41.279214823
 20
3.300037504
 42
0.018917768
 10
41.27529484
 20
3.196467386
 10
41.27529484
 20
0.851692786
 10
38.622488882
 20
0.851692786
 10
38.622488882
 20
2.946588798
 10
41.080562074
 20
2.946588798
 42
0.004039375
 10
41.099694709
 20
2.946743241
 42
0.004039375
  0
LWPOLYLINE
  5
1D7
100
AcDbEntity
  8
0
100
AcDbPolyline
 90
        7
 70
     0
 43
0.0
 10
41.341008526
 20
3.295353154
 42
0.018917768
 10
41.337265841
 20
3.196467386
 10
41.337265841
 20
0.789721785
 10
38.560517881
 20
0.789721785
 10
38.560517881
 20
3.008559799
 10
41.080562486
 20
3.008559799
 42
0.004039375
 10
41.098693873
 20
3.00870616
 42
0.004039375
  0
LWPOLYLINE
  5
1D8
100
AcDbEntity
  8
0
100
AcDbPolyline
 90
        7
 70
     0
 43
0.0
 10
41.40280223
 20
3.290668806
 42
0.018917768
 10
41.399236841
 20
3.196467386
 10
41.399236841
 20
0.727750784
 10
38.49854688
 20
0.727750784
 10
38.49854688
 20
3.0705308
 10
41.080562898
 20
3.0705308
 42
0.004039375
 10
41.097693038
 20
3.070669078
 42
0.004039375
  0
LWPOLYLINE
  5
1D9
100
AcDbEntity
  8
0
100
AcDbPolyline
 90
        7
 70
     0
 43
0.0
 10
41.464595934
 20
3.285984458
 42
0.018917768
 10
41.461207842
 20
3.196467386
 10
41.461207842
 20
0.665779784
 10
38.436575879
 20
0.665779784
 10
38.436575879
 20
3.132501801
 10
41.08056331
 20
3.132501801
 42
0.004039375
 10
41.096692203
 20
3.132631997
 42
0.004039375
  0
LWPOLYLINE
  5
1DA
100
AcDbEntity
  8
0
100
AcDbPolyline
 90
        7
 70
     0
 43
0.0
 10
41.526389637
 20
3.281300112
 42
0.018917768
 10
41.523178843
 20
3.196467386
 10
41.523178843
 20
0.603808783
 10
38.374604879
 20
0.603808783
 10
38.374604879
 20
3.194472801
 10
41.080563723
 20
3.194472801
 42
0.004039375
 10
41.095691367
 20
3.194594915
 42
0.004039375
  0
LWPOLYLINE
  5
1DB
100
AcDbEntity
  8
0
100
AcDbPolyline
 90
       10
 70
     0
 43
0.0
 10
41.588183341
 20
3.276615766
 42
0.018917768
 10
41.585149843
 20
3.196467386
 10
41.585149843
 20
0.597350712
 42
-0.414214
 10
41.529636707
 20
0.541837782
 10
38.368146818
 20
0.541837782
 42
-0.414214053
 10
38.312633878
 20
0.597350919
 10
38.312633878
 20
3.200930862
 42
-0.414214053
 10
38.368147015
 20
3.256443802
 10
41.080564135
 20
3.256443802
 42
0.004039375
 10
41.094690532
 20
3.256557834
 42
0.004039375
  0
LWPOLYLINE
  5
1DC
100
AcDbEntity
  8
0
100
AcDbPolyline
 90
       10
 70
     0
 43
0.0
 10
41.649977045
 20
3.271931421
 42
0.018917768
 10
41.647120844
 20
3.196467386
 10
41.647120844
 20
0.597350701
 42
-0.414214
 10
41.529636707
 20
0.479866781
 10
38.368146797
 20
0.479866781
 42
-0.414214
 10
38.250662877
 20
0.597350919
 10
38.250662877
 20
3.200930883
 42
-0.414214
 10
38.368147015
 20
3.318414803
 10
41.080564547
 20
3.318414803
 42
0.004039375
 10
41.093689697
 20
3.318520752
  0
LWPOLYLINE
  5
1DD
100
AcDbEntity
  8
0
100
AcDbPolyline
 90
        3
 70
     1
 43
0.0
 10
44.283276318
 20
6.828537603
 10
45.692359677
 20
4.628600145
 10
42.877526156
 20
4.628600145
  0
LWPOLYLINE
  5
1DE
100
AcDbEntity
  8
0
100
AcDbPolyline
 90
        3
 70
     1
 43
0.0
 10
44.283214503
 20
6.943531673
 10
45.805645873
 20
4.566629144
 10
42.764384454
 20
4.566629144
  0
LWPOLYLINE
  5
1DF
100
AcDbEntity
  8
0
100
AcDbPolyline
 90
        3
 70
     1
 43
0.0
 10
44.283152687
 20
7.058525744
 10
45.91893207
 20
4.504658144
 10
42.651242752
 20
4.504658144
  0
LWPOLYLINE
  5
1E0
100
AcDbEntity
  8
0
100
AcDbPolyline
 90
        5
 70
     1
 43
0.0
 10
44.283090872
 20
7.173519815
 10
46.035000747
 20
4.438342983
 42
0.020883479
 10
45.93103534
 20
4.442687143
 10
42.64774992
 20
4.442687143
 42
0.023695037
 10
42.536412271
 20
4.440044277
  0
LWPOLYLINE
  5
1E1
100
AcDbEntity
  8
0
100
AcDbPolyline
 90
        5
 70
     1
 43
0.0
 10
44.283029056
 20
7.288513886
 10
46.15979014
 20
4.358412567
 42
0.048634916
 10
45.93103534
 20
4.380716142
 10
42.647007212
 20
4.380716142
 42
0.052908509
 10
42.41274417
 20
4.361599923
  0
LWPOLYLINE
  5
1E2
100
AcDbEntity
  8
0
100
AcDbPolyline
 90
        5
 70
     1
 43
0.0
 10
44.282967241
 20
7.403507957
 10
46.298390985
 20
4.256918962
 42
0.08356298
 10
45.93103534
 20
4.318745141
 10
42.646243532
 20
4.318745141
 42
0.090081752
 10
42.274810745
 20
4.260830962
  0
LWPOLYLINE
  5
1E3
100
AcDbEntity
  8
0
100
AcDbPolyline
 90
        5
 70
     1
 43
0.0
 10
44.282905425
 20
7.518502028
 10
46.464170835
 20
4.11299202
 42
0.132479403
 10
45.93103534
 20
4.256774141
 10
42.645456999
 20
4.256774141
 42
0.143460603
 10
42.107528649
 20
4.114132615
  0
LWPOLYLINE
  5
1E4
100
AcDbEntity
  8
0
100
AcDbPolyline
 90
       13
 70
     0
 43
0.0
 10
44.28284361
 20
7.633496099
 10
46.807016837
 20
3.692619784
 42
0.25564
 10
47.491090447
 20
3.318414803
 10
50.208345141
 20
3.318414803
 42
-0.414214
 10
50.325829061
 20
3.200930665
 10
50.325829061
 20
0.597350701
 42
-0.414214
 10
50.208344923
 20
0.479866781
 10
47.046855013
 20
0.479866781
 42
-0.414214
 10
46.929371094
 20
0.597350919
 10
46.929371094
 20
3.196467042
 42
0.414214
 10
45.93103534
 20
4.19480314
 10
42.645456942
 20
4.19480314
 42
0.392222773
 10
41.649977045
 20
3.271931421
  0
LWPOLYLINE
  5
1E5
100
AcDbEntity
  8
0
100
AcDbPolyline
 90
       21
 70
     1
 43
0.0
 10
44.282781794
 20
7.74849017
 10
46.859200948
 20
3.726044678
 42
0.25564
 10
47.491090447
 20
3.380385804
 10
50.208345131
 20
3.380385804
 42
-0.414214
 10
50.387800061
 20
3.200930665
 10
50.387800061
 20
0.597350712
 42
-0.414214
 10
50.208344923
 20
0.417895781
 10
47.046855024
 20
0.417895781
 42
-0.414214
 10
46.867400093
 20
0.597350919
 10
46.867400093
 20
3.196467098
 42
0.414214
 10
45.93103534
 20
4.132832139
 10
42.645456886
 20
4.132832139
 42
0.414214
 10
41.709091845
 20
3.196467386
 10
41.709091845
 20
0.597350712
 42
-0.414214
 10
41.529636707
 20
0.417895781
 10
38.368146807
 20
0.417895781
 42
-0.414214
 10
38.188691877
 20
0.597350919
 10
38.188691877
 20
3.200930873
 42
-0.414214
 10
38.368147015
 20
3.380385804
 10
41.080564974
 20
3.380385804
 42
0.255927
 10
41.712891187
 20
3.726723884
  0
LWPOLYLINE
  5
1E6
100
AcDbEntity
  8
0
100
AcDbPolyline
 90
       22
 70
     1
 43
0.0
 10
44.236045592
 20
7.790440869
 42
-0.54738
 10
44.32947249
 20
7.790491681
 10
46.911385053
 20
3.75946958
 42
0.25564
 10
47.491090447
 20
3.442356804
 10
50.208345108
 20
3.442356804
 42
-0.414214
 10
50.449771062
 20
3.200930665
 10
50.449771062
 20
0.597350734
 42
-0.414214
 10
50.208344923
 20
0.35592478
 10
47.046855047
 20
0.35592478
 42
-0.414214
 10
46.805429092
 20
0.597350919
 10
46.805429092
 20
3.196467152
 42
0.414214
 10
45.93103534
 20
4.070861138
 10
42.645456832
 20
4.070861138
 42
0.414214
 10
41.771062846
 20
3.196467386
 10
41.771062846
 20
0.597350734
 42
-0.414214
 10
41.529636707
 20
0.35592478
 10
38.36814683
 20
0.35592478
 42
-0.414214
 10
38.126720876
 20
0.597350919
 10
38.126720876
 20
3.20093085
 42
-0.414214
 10
38.368147015
 20
3.442356804
 10
41.080565417
 20
3.442356804
 42
0.255927
 10
41.660670983
 20
3.76009236
  0
LWPOLYLINE
  5
1E7
100
AcDbEntity
  8
0
100
AcDbPolyline
 90
       22
 70
     1
 43
0.0
 10
44.183825233
 20
7.823809103
 42
-0.54738
 10
44.38165679
 20
7.82391628
 10
46.963569152
 20
3.792894493
 42
0.25564
 10
47.491090447
 20
3.504327805
 10
50.208345077
 20
3.504327805
 42
-0.414214
 10
50.511742063
 20
3.200930665
 10
50.511742063
 20
0.597350765
 42
-0.414214
 10
50.208344923
 20
0.293953779
 10
47.046855077
 20
0.293953779
 42
-0.414214
 10
46.743458092
 20
0.597350919
 10
46.743458092
 20
3.196467205
 42
0.414214
 10
45.93103534
 20
4.008890138
 10
42.645456779
 20
4.008890138
 42
0.414214
 10
41.833033846
 20
3.196467386
 10
41.833033846
 20
0.597350765
 42
-0.414214
 10
41.529636707
 20
0.293953779
 10
38.368146861
 20
0.293953779
 42
-0.414214
 10
38.064749875
 20
0.597350919
 10
38.064749875
 20
3.200930819
 42
-0.414214
 10
38.368147015
 20
3.504327805
 10
41.080565879
 20
3.504327805
 42
0.255927
 10
41.608450779
 20
3.793460837
  0
LWPOLYLINE
  5
1E8
100
AcDbEntity
  8
0
100
AcDbPolyline
 90
       22
 70
     1
 43
0.0
 10
44.1316049
 20
7.857177378
 42
-0.54738
 10
44.433841089
 20
7.85734088
 10
47.015753243
 20
3.826319417
 42
0.25564
 10
47.491090447
 20
3.566298806
 10
50.208345041
 20
3.566298806
 42
-0.414214
 10
50.573713064
 20
3.200930665
 10
50.573713064
 20
0.597350801
 42
-0.414214
 10
50.208344923
 20
0.231982779
 10
47.046855113
 20
0.231982779
 42
-0.414214
 10
46.681487091
 20
0.597350919
 10
46.681487091
 20
3.196467257
 42
0.414214
 10
45.93103534
 20
3.946919137
 10
42.645456727
 20
3.946919137
 42
0.414214
 10
41.895004847
 20
3.196467386
 10
41.895004847
 20
0.597350801
 42
-0.414214
 10
41.529636707
 20
0.231982779
 10
38.368146897
 20
0.231982779
 42
-0.414214
 10
38.002778874
 20
0.597350919
 10
38.002778874
 20
3.200930783
 42
-0.414214
 10
38.368147015
 20
3.566298806
 10
41.080566363
 20
3.566298806
 42
0.255927
 10
41.556230574
 20
3.826829313
  0
LWPOLYLINE
  5
1E9
100
AcDbEntity
  8
0
100
AcDbPolyline
 90
       22
 70
     1
 43
0.0
 10
44.079384582
 20
7.890545676
 42
-0.54738
 10
44.486025388
 20
7.890765479
 10
47.067937326
 20
3.859744355
 42
0.25564
 10
47.491090447
 20
3.628269806
 10
50.208345
 20
3.628269806
 42
-0.414214
 10
50.635684064
 20
3.200930665
 10
50.635684064
 20
0.597350842
 42
-0.414214
 10
50.208344923
 20
0.170011778
 10
47.046855154
 20
0.170011778
 42
-0.414214
 10
46.61951609
 20
0.597350919
 10
46.61951609
 20
3.196467307
 42
0.414214
 10
45.93103534
 20
3.884948136
 10
42.645456677
 20
3.884948136
 42
0.414214
 10
41.956975848
 20
3.196467386
 10
41.956975848
 20
0.597350842
 42
-0.414214
 10
41.529636707
 20
0.170011778
 10
38.368146938
 20
0.170011778
 42
-0.414214
 10
37.940807874
 20
0.597350919
 10
37.940807874
 20
3.200930742
 42
-0.414214
 10
38.368147015
 20
3.628269806
 10
41.080566873
 20
3.628269806
 42
0.255927
 10
41.50401037
 20
3.860197789
  0
LWPOLYLINE
  5
1EA
100
AcDbEntity
  8
0
100
AcDbPolyline
 90
       22
 70
     1
 43
0.0
 10
44.027164274
 20
7.92391399
 42
-0.54738
 10
44.538209688
 20
7.924190078
 10
47.120121398
 20
3.893169309
 42
0.25564
 10
47.491090447
 20
3.690240807
 10
50.208344956
 20
3.690240807
 42
-0.414214
 10
50.697655065
 20
3.200930665
 10
50.697655065
 20
0.597350886
 42
-0.414214
 10
50.208344923
 20
0.108040777
 10
47.046855198
 20
0.108040777
 42
-0.414214
 10
46.557545089
 20
0.597350919
 10
46.557545089
 20
3.196467355
 42
0.414214
 10
45.93103534
 20
3.822977135
 10
42.645456629
 20
3.822977135
 42
0.414214
 10
42.018946849
 20
3.196467386
 10
42.018946849
 20
0.597350886
 42
-0.414214
 10
41.529636707
 20
0.108040777
 10
38.368146982
 20
0.108040777
 42
-0.414214
 10
37.878836873
 20
0.597350919
 10
37.878836873
 20
3.200930698
 42
-0.414214
 10
38.368147015
 20
3.690240807
 10
41.080567413
 20
3.690240807
 42
0.255927
 10
41.451790166
 20
3.893566265
  0
LWPOLYLINE
  5
1EB
100
AcDbEntity
  8
0
100
AcDbPolyline
 90
       22
 70
     1
 43
0.0
 10
43.974943973
 20
7.957282314
 42
-0.54738
 10
44.590393987
 20
7.957614677
 10
47.172305457
 20
3.926594284
 42
0.25564
 10
47.491090447
 20
3.752211808
 10
50.208344909
 20
3.752211808
 42
-0.414214
 10
50.759626066
 20
3.200930665
 10
50.759626066
 20
0.597350933
 42
-0.414214
 10
50.208344923
 20
0.046069776
 10
47.046855246
 20
0.046069776
 42
-0.414214
 10
46.495574089
 20
0.597350919
 10
46.495574089
 20
3.1964674
 42
0.414214
 10
45.93103534
 20
3.761006135
 10
42.645456584
 20
3.761006135
 42
0.414214
 10
42.080917849
 20
3.196467386
 10
42.080917849
 20
0.597350933
 42
-0.414214
 10
41.529636707
 20
0.046069776
 10
38.368147029
 20
0.046069776
 42
-0.414214
 10
37.816865872
 20
0.597350919
 10
37.816865872
 20
3.200930651
 42
-0.414214
 10
38.368147015
 20
3.752211808
 10
41.080567991
 20
3.752211808
 42
0.255927
 10
41.399569962
 20
3.926934741
  0
ENDBLK
  5
1EC
100
AcDbEntity
  8
0
100
AcDbBlockEnd
  0
BLOCK
  5
22B
100
AcDbEntity
 67
     1
  8
0
100
AcDbBlockBegin
  2
*D0
 70
     0
 10
0.0
 20
0.0
 30
0.0
  3
*D0
  1

  0
LINE
  5
22C
100
AcDbEntity
  8
0
100
AcDbLine
 10
-4267.699999809
 20
-2600.0
 30
0.0
 11
-4565.579997063
 21
-2600.0
 31
0.0
  0
LINE
  5
22D
100
AcDbEntity
  8
0
100
AcDbLine
 10
-4267.699999809
 20
-1600.0
 30
0.0
 11
-4565.579997063
 21
-1600.0
 31
0.0
  0
TRACE
  5
22E
100
AcDbEntity
  8
0
100
AcDbTrace
 10
-4555.579997063
 20
-2600.0
 30
0.0
 11
-4558.913330396
 21
-2580.0
 31
0.0
 12
-4552.246663729
 22
-2580.0
 32
0.0
 13
-4552.246663729
 23
-2580.0
 33
0.0
  0
TRACE
  5
22F
100
AcDbEntity
  8
0
100
AcDbTrace
 10
-4555.579997063
 20
-1600.0
 30
0.0
 11
-4552.246663729
 21
-1620.0
 31
0.0
 12
-4558.913330396
 22
-1620.0
 32
0.0
 13
-4558.913330396
 23
-1620.0
 33
0.0
  0
LINE
  5
230
100
AcDbEntity
  8
0
100
AcDbLine
 10
-4555.579997063
 20
-2580.0
 30
0.0
 11
-4555.579997063
 21
-1620.0
 31
0.0
  0
POINT
  5
231
100
AcDbEntity
  8
DEFPOINTS
  6
BYBLOCK
 62
     0
100
AcDbPoint
 10
-4262.699999809
 20
-2600.0
 30
0.0
  0
POINT
  5
232
100
AcDbEntity
  8
DEFPOINTS
  6
BYBLOCK
 62
     0
100
AcDbPoint
 10
-4262.699999809
 20
-1600.0
 30
0.0
  0
MTEXT
  5
233
100
AcDbEntity
  8
REGUA80
 62
     4
100
AcDbMText
 10
-4565.579997063
 20
-2100.0
 30
0.0
 40
20.0
 41
0.0
 71
     8
 72
     1
  1
1000
 50
90.0
  0
ENDBLK
  5
234
100
AcDbEntity
  8
0
100
AcDbBlockEnd
  0
BLOCK
  5
237
100
AcDbEntity
 67
     1
  8
0
100
AcDbBlockBegin
  2
*D1
 70
     0
 10
0.0
 20
0.0
 30
0.0
  3
*D1
  1

  0
LINE
  5
238
100
AcDbEntity
  8
0
100
AcDbLine
 10
-4267.699999809
 20
-1600.0
 30
0.0
 11
-4565.579997063
 21
-1600.0
 31
0.0
  0
LINE
  5
239
100
AcDbEntity
  8
0
100
AcDbLine
 10
-4267.699999809
 20
-1400.0
 30
0.0
 11
-4565.579997063
 21
-1400.0
 31
0.0
  0
TRACE
  5
23A
100
AcDbEntity
  8
0
100
AcDbTrace
 10
-4555.579997063
 20
-1600.0
 30
0.0
 11
-4558.913330396
 21
-1580.0
 31
0.0
 12
-4552.246663729
 22
-1580.0
 32
0.0
 13
-4552.246663729
 23
-1580.0
 33
0.0
  0
TRACE
  5
23B
100
AcDbEntity
  8
0
100
AcDbTrace
 10
-4555.579997063
 20
-1400.0
 30
0.0
 11
-4552.246663729
 21
-1420.0
 31
0.0
 12
-4558.913330396
 22
-1420.0
 32
0.0
 13
-4558.913330396
 23
-1420.0
 33
0.0
  0
LINE
  5
23C
100
AcDbEntity
  8
0
100
AcDbLine
 10
-4555.579997063
 20
-1580.0
 30
0.0
 11
-4555.579997063
 21
-1420.0
 31
0.0
  0
POINT
  5
23D
100
AcDbEntity
  8
DEFPOINTS
  6
BYBLOCK
 62
     0
100
AcDbPoint
 10
-4262.699999809
 20
-1600.0
 30
0.0
  0
POINT
  5
23E
100
AcDbEntity
  8
DEFPOINTS
  6
BYBLOCK
 62
     0
100
AcDbPoint
 10
-4262.699999809
 20
-1400.0
 30
0.0
  0
MTEXT
  5
23F
100
AcDbEntity
  8
REGUA80
 62
     4
100
AcDbMText
 10
-4565.579997063
 20
-1500.0
 30
0.0
 40
20.0
 41
0.0
 71
     8
 72
     1
  1
200
 50
90.0
  0
ENDBLK
  5
240
100
AcDbEntity
  8
0
100
AcDbBlockEnd
  0
BLOCK
  5
243
100
AcDbEntity
 67
     1
  8
0
100
AcDbBlockBegin
  2
*D2
 70
     0
 10
0.0
 20
0.0
 30
0.0
  3
*D2
  1

  0
LINE
  5
244
100
AcDbEntity
  8
0
100
AcDbLine
 10
-4267.699999809
 20
-2600.0
 30
0.0
 11
-4635.579997063
 21
-2600.0
 31
0.0
  0
LINE
  5
245
100
AcDbEntity
  8
0
100
AcDbLine
 10
-4267.699999809
 20
-1400.0
 30
0.0
 11
-4635.579997063
 21
-1400.0
 31
0.0
  0
TRACE
  5
246
100
AcDbEntity
  8
0
100
AcDbTrace
 10
-4625.579997063
 20
-2600.0
 30
0.0
 11
-4628.913330396
 21
-2580.0
 31
0.0
 12
-4622.246663729
 22
-2580.0
 32
0.0
 13
-4622.246663729
 23
-2580.0
 33
0.0
  0
TRACE
  5
247
100
AcDbEntity
  8
0
100
AcDbTrace
 10
-4625.579997063
 20
-1400.0
 30
0.0
 11
-4622.246663729
 21
-1420.0
 31
0.0
 12
-4628.913330396
 22
-1420.0
 32
0.0
 13
-4628.913330396
 23
-1420.0
 33
0.0
  0
LINE
  5
248
100
AcDbEntity
  8
0
100
AcDbLine
 10
-4625.579997063
 20
-2580.0
 30
0.0
 11
-4625.579997063
 21
-1420.0
 31
0.0
  0
POINT
  5
249
100
AcDbEntity
  8
DEFPOINTS
  6
BYBLOCK
 62
     0
100
AcDbPoint
 10
-4262.699999809
 20
-2600.0
 30
0.0
  0
POINT
  5
24A
100
AcDbEntity
  8
DEFPOINTS
  6
BYBLOCK
 62
     0
100
AcDbPoint
 10
-4262.699999809
 20
-1400.0
 30
0.0
  0
MTEXT
  5
24B
100
AcDbEntity
  8
REGUA80
 62
     4
100
AcDbMText
 10
-4635.579997063
 20
-2000.0
 30
0.0
 40
20.0
 41
0.0
 71
     8
 72
     1
  1
1200
 50
90.0
  0
ENDBLK
  5
24C
100
AcDbEntity
  8
0
100
AcDbBlockEnd
  0
BLOCK
  5
294
100
AcDbEntity
 67
     1
  8
0
100
AcDbBlockBegin
  2
*D3
 70
     0
 10
0.0
 20
0.0
 30
0.0
  3
*D3
  1

  0
LINE
  5
295
100
AcDbEntity
  8
0
100
AcDbLine
 10
-308.0
 20
748.75
 30
0.0
 11
-308.0
 21
778.75
 31
0.0
  0
LINE
  5
296
100
AcDbEntity
  8
0
100
AcDbLine
 10
308.0
 20
748.75
 30
0.0
 11
308.0
 21
778.75
 31
0.0
  0
TRACE
  5
297
100
AcDbEntity
  8
0
100
AcDbTrace
 10
-308.0
 20
768.75
 30
0.0
 11
-288.0
 21
772.083333333
 31
0.0
 12
-288.0
 22
765.416666667
 32
0.0
 13
-288.0
 23
765.416666667
 33
0.0
  0
TRACE
  5
298
100
AcDbEntity
  8
0
100
AcDbTrace
 10
308.0
 20
768.75
 30
0.0
 11
288.0
 21
765.416666667
 31
0.0
 12
288.0
 22
772.083333333
 32
0.0
 13
288.0
 23
772.083333333
 33
0.0
  0
LINE
  5
299
100
AcDbEntity
  8
0
100
AcDbLine
 10
-288.0
 20
768.75
 30
0.0
 11
288.0
 21
768.75
 31
0.0
  0
MTEXT
  5
29A
100
AcDbEntity
  8
REGUA80
 62
     4
100
AcDbMText
 10
0.0
 20
778.75
 30
0.0
 40
20.0
 41
0.0
 71
     8
 72
     1
  1
616
 50
0.0
  0
POINT
  5
29B
100
AcDbEntity
  8
DEFPOINTS
 62
     0
100
AcDbPoint
 10
-308.0
 20
743.75
 30
0.0
  0
POINT
  5
29C
100
AcDbEntity
  8
DEFPOINTS
 62
     0
100
AcDbPoint
 10
308.0
 20
743.75
 30
0.0
  0
POINT
  5
29D
100
AcDbEntity
  8
DEFPOINTS
 62
     0
100
AcDbPoint
 10
0.0
 20
778.75
 30
0.0
  0
ENDBLK
  5
29E
100
AcDbEntity
  8
0
100
AcDbBlockEnd
  0
BLOCK
  5
2A6
100
AcDbEntity
 67
     1
  8
0
100
AcDbBlockBegin
  2
*D4
 70
     0
 10
0.0
 20
0.0
 30
0.0
  3
*D4
  1

  0
LINE
  5
2A7
100
AcDbEntity
  8
0
100
AcDbLine
 10
-430.0
 20
-47.450000763
 30
0.0
 11
-545.0
 21
-47.450000763
 31
0.0
  0
LINE
  5
2A8
100
AcDbEntity
  8
0
100
AcDbLine
 10
-430.0
 20
-17.450000763
 30
0.0
 11
-545.0
 21
-17.450000763
 31
0.0
  0
TRACE
  5
2A9
100
AcDbEntity
  8
0
100
AcDbTrace
 10
-535.0
 20
-47.450000763
 30
0.0
 11
-538.333333333
 21
-27.450000763
 31
0.0
 12
-531.666666667
 22
-27.450000763
 32
0.0
 13
-531.666666667
 23
-27.450000763
 33
0.0
  0
TRACE
  5
2AA
100
AcDbEntity
  8
0
100
AcDbTrace
 10
-535.0
 20
-17.450000763
 30
0.0
 11
-531.666666667
 21
-37.450000763
 31
0.0
 12
-538.333333333
 22
-37.450000763
 32
0.0
 13
-538.333333333
 23
-37.450000763
 33
0.0
  0
LINE
  5
2AB
100
AcDbEntity
  8
0
100
AcDbLine
 10
-535.0
 20
-27.450000763
 30
0.0
 11
-535.0
 21
-37.450000763
 31
0.0
  0
POINT
  5
2AC
100
AcDbEntity
  8
DEFPOINTS
  6
BYBLOCK
 62
     0
100
AcDbPoint
 10
-425.0
 20
-47.450000763
 30
0.0
  0
POINT
  5
2AD
100
AcDbEntity
  8
DEFPOINTS
  6
BYBLOCK
 62
     0
100
AcDbPoint
 10
-425.0
 20
-17.450000763
 30
0.0
  0
MTEXT
  5
2AE
100
AcDbEntity
  8
REGUA80
 62
     4
100
AcDbMText
 10
-545.0
 20
-32.450000763
 30
0.0
 40
20.0
 41
0.0
 71
     8
 72
     1
  1
30
 50
90.0
  0
ENDBLK
  5
2AF
100
AcDbEntity
  8
0
100
AcDbBlockEnd
  0
BLOCK
  5
2B2
100
AcDbEntity
 67
     1
  8
0
100
AcDbBlockBegin
  2
*D5
 70
     0
 10
0.0
 20
0.0
 30
0.0
  3
*D5
  1

  0
LINE
  5
2B3
100
AcDbEntity
  8
0
100
AcDbLine
 10
-430.0
 20
-17.450000763
 30
0.0
 11
-545.0
 21
-17.450000763
 31
0.0
  0
LINE
  5
2B4
100
AcDbEntity
  8
0
100
AcDbLine
 10
-430.0
 20
17.450000763
 30
0.0
 11
-545.0
 21
17.450000763
 31
0.0
  0
TRACE
  5
2B5
100
AcDbEntity
  8
0
100
AcDbTrace
 10
-535.0
 20
-17.450000763
 30
0.0
 11
-538.333333333
 21
2.549999237
 31
0.0
 12
-531.666666667
 22
2.549999237
 32
0.0
 13
-531.666666667
 23
2.549999237
 33
0.0
  0
TRACE
  5
2B6
100
AcDbEntity
  8
0
100
AcDbTrace
 10
-535.0
 20
17.450000763
 30
0.0
 11
-531.666666667
 21
-2.549999237
 31
0.0
 12
-538.333333333
 22
-2.549999237
 32
0.0
 13
-538.333333333
 23
-2.549999237
 33
0.0
  0
LINE
  5
2B7
100
AcDbEntity
  8
0
100
AcDbLine
 10
-535.0
 20
2.549999237
 30
0.0
 11
-535.0
 21
-2.549999237
 31
0.0
  0
POINT
  5
2B8
100
AcDbEntity
  8
DEFPOINTS
  6
BYBLOCK
 62
     0
100
AcDbPoint
 10
-425.0
 20
-17.450000763
 30
0.0
  0
POINT
  5
2B9
100
AcDbEntity
  8
DEFPOINTS
  6
BYBLOCK
 62
     0
100
AcDbPoint
 10
-425.0
 20
17.450000763
 30
0.0
  0
MTEXT
  5
2BA
100
AcDbEntity
  8
REGUA80
 62
     4
100
AcDbMText
 10
-545.0
 20
0.0
 30
0.0
 40
20.0
 41
0.0
 71
     8
 72
     1
  1
35
 50
90.0
  0
ENDBLK
  5
2BB
100
AcDbEntity
  8
0
100
AcDbBlockEnd
  0
BLOCK
  5
2BE
100
AcDbEntity
 67
     1
  8
0
100
AcDbBlockBegin
  2
*D6
 70
     0
 10
0.0
 20
0.0
 30
0.0
  3
*D6
  1

  0
LINE
  5
2BF
100
AcDbEntity
  8
0
100
AcDbLine
 10
-430.0
 20
17.450000763
 30
0.0
 11
-545.0
 21
17.450000763
 31
0.0
  0
LINE
  5
2C0
100
AcDbEntity
  8
0
100
AcDbLine
 10
-328.0
 20
182.450000763
 30
0.0
 11
-545.0
 21
182.450000763
 31
0.0
  0
TRACE
  5
2C1
100
AcDbEntity
  8
0
100
AcDbTrace
 10
-535.0
 20
17.450000763
 30
0.0
 11
-538.333333333
 21
37.450000763
 31
0.0
 12
-531.666666667
 22
37.450000763
 32
0.0
 13
-531.666666667
 23
37.450000763
 33
0.0
  0
TRACE
  5
2C2
100
AcDbEntity
  8
0
100
AcDbTrace
 10
-535.0
 20
182.450000763
 30
0.0
 11
-531.666666667
 21
162.450000763
 31
0.0
 12
-538.333333333
 22
162.450000763
 32
0.0
 13
-538.333333333
 23
162.450000763
 33
0.0
  0
LINE
  5
2C3
100
AcDbEntity
  8
0
100
AcDbLine
 10
-535.0
 20
37.450000763
 30
0.0
 11
-535.0
 21
162.450000763
 31
0.0
  0
POINT
  5
2C4
100
AcDbEntity
  8
DEFPOINTS
  6
BYBLOCK
 62
     0
100
AcDbPoint
 10
-425.0
 20
17.450000763
 30
0.0
  0
POINT
  5
2C5
100
AcDbEntity
  8
DEFPOINTS
  6
BYBLOCK
 62
     0
100
AcDbPoint
 10
-323.0
 20
182.450000763
 30
0.0
  0
MTEXT
  5
2C6
100
AcDbEntity
  8
REGUA80
 62
     4
100
AcDbMText
 10
-545.0
 20
99.950000763
 30
0.0
 40
20.0
 41
0.0
 71
     8
 72
     1
  1
165
 50
90.0
  0
ENDBLK
  5
2C7
100
AcDbEntity
  8
0
100
AcDbBlockEnd
  0
BLOCK
  5
303
100
AcDbEntity
 67
     1
  8
0
100
AcDbBlockBegin
  2
*D7
 70
     0
 10
0.0
 20
0.0
 30
0.0
  3
*D7
  1

  0
LINE
  5
304
100
AcDbEntity
  8
0
100
AcDbLine
 10
4087.5
 20
748.75
 30
0.0
 11
4087.5
 21
778.75
 31
0.0
  0
LINE
  5
305
100
AcDbEntity
  8
0
100
AcDbLine
 10
4412.5
 20
748.75
 30
0.0
 11
4412.5
 21
778.75
 31
0.0
  0
TRACE
  5
306
100
AcDbEntity
  8
0
100
AcDbTrace
 10
4087.5
 20
768.75
 30
0.0
 11
4107.5
 21
772.083333333
 31
0.0
 12
4107.5
 22
765.416666667
 32
0.0
 13
4107.5
 23
765.416666667
 33
0.0
  0
TRACE
  5
307
100
AcDbEntity
  8
0
100
AcDbTrace
 10
4412.5
 20
768.75
 30
0.0
 11
4392.5
 21
765.416666667
 31
0.0
 12
4392.5
 22
772.083333333
 32
0.0
 13
4392.5
 23
772.083333333
 33
0.0
  0
LINE
  5
308
100
AcDbEntity
  8
0
100
AcDbLine
 10
4107.5
 20
768.75
 30
0.0
 11
4392.5
 21
768.75
 31
0.0
  0
MTEXT
  5
309
100
AcDbEntity
  8
REGUA80
 62
     4
100
AcDbMText
 10
4250.0
 20
778.75
 30
0.0
 40
20.0
 41
0.0
 71
     8
 72
     1
  1
325
 50
0.0
  0
POINT
  5
30A
100
AcDbEntity
  8
DEFPOINTS
 62
     0
100
AcDbPoint
 10
4087.5
 20
743.75
 30
0.0
  0
POINT
  5
30B
100
AcDbEntity
  8
DEFPOINTS
 62
     0
100
AcDbPoint
 10
4412.5
 20
743.75
 30
0.0
  0
POINT
  5
30C
100
AcDbEntity
  8
DEFPOINTS
 62
     0
100
AcDbPoint
 10
4250.0
 20
778.75
 30
0.0
  0
ENDBLK
  5
30D
100
AcDbEntity
  8
0
100
AcDbBlockEnd
  0
BLOCK
  5
313
100
AcDbEntity
 67
     1
  8
0
100
AcDbBlockBegin
  2
*D8
 70
     0
 10
0.0
 20
0.0
 30
0.0
  3
*D8
  1

  0
LINE
  5
314
100
AcDbEntity
  8
0
100
AcDbLine
 10
3970.0
 20
-47.450000763
 30
0.0
 11
3855.0
 21
-47.450000763
 31
0.0
  0
LINE
  5
315
100
AcDbEntity
  8
0
100
AcDbLine
 10
3970.0
 20
-17.450000763
 30
0.0
 11
3855.0
 21
-17.450000763
 31
0.0
  0
TRACE
  5
316
100
AcDbEntity
  8
0
100
AcDbTrace
 10
3865.0
 20
-47.450000763
 30
0.0
 11
3861.666666667
 21
-27.450000763
 31
0.0
 12
3868.333333333
 22
-27.450000763
 32
0.0
 13
3868.333333333
 23
-27.450000763
 33
0.0
  0
TRACE
  5
317
100
AcDbEntity
  8
0
100
AcDbTrace
 10
3865.0
 20
-17.450000763
 30
0.0
 11
3868.333333333
 21
-37.450000763
 31
0.0
 12
3861.666666667
 22
-37.450000763
 32
0.0
 13
3861.666666667
 23
-37.450000763
 33
0.0
  0
LINE
  5
318
100
AcDbEntity
  8
0
100
AcDbLine
 10
3865.0
 20
-27.450000763
 30
0.0
 11
3865.0
 21
-37.450000763
 31
0.0
  0
POINT
  5
319
100
AcDbEntity
  8
DEFPOINTS
  6
BYBLOCK
 62
     0
100
AcDbPoint
 10
3975.0
 20
-47.450000763
 30
0.0
  0
POINT
  5
31A
100
AcDbEntity
  8
DEFPOINTS
  6
BYBLOCK
 62
     0
100
AcDbPoint
 10
3975.0
 20
-17.450000763
 30
0.0
  0
MTEXT
  5
31B
100
AcDbEntity
  8
REGUA80
 62
     4
100
AcDbMText
 10
3855.0
 20
-32.450000763
 30
0.0
 40
20.0
 41
0.0
 71
     8
 72
     1
  1
30
 50
90.0
  0
ENDBLK
  5
31C
100
AcDbEntity
  8
0
100
AcDbBlockEnd
  0
BLOCK
  5
31F
100
AcDbEntity
 67
     1
  8
0
100
AcDbBlockBegin
  2
*D9
 70
     0
 10
0.0
 20
0.0
 30
0.0
  3
*D9
  1

  0
LINE
  5
320
100
AcDbEntity
  8
0
100
AcDbLine
 10
3970.0
 20
-17.450000763
 30
0.0
 11
3855.0
 21
-17.450000763
 31
0.0
  0
LINE
  5
321
100
AcDbEntity
  8
0
100
AcDbLine
 10
3970.0
 20
17.450000763
 30
0.0
 11
3855.0
 21
17.450000763
 31
0.0
  0
TRACE
  5
322
100
AcDbEntity
  8
0
100
AcDbTrace
 10
3865.0
 20
-17.450000763
 30
0.0
 11
3861.666666667
 21
2.549999237
 31
0.0
 12
3868.333333333
 22
2.549999237
 32
0.0
 13
3868.333333333
 23
2.549999237
 33
0.0
  0
TRACE
  5
323
100
AcDbEntity
  8
0
100
AcDbTrace
 10
3865.0
 20
17.450000763
 30
0.0
 11
3868.333333333
 21
-2.549999237
 31
0.0
 12
3861.666666667
 22
-2.549999237
 32
0.0
 13
3861.666666667
 23
-2.549999237
 33
0.0
  0
LINE
  5
324
100
AcDbEntity
  8
0
100
AcDbLine
 10
3865.0
 20
2.549999237
 30
0.0
 11
3865.0
 21
-2.549999237
 31
0.0
  0
POINT
  5
325
100
AcDbEntity
  8
DEFPOINTS
  6
BYBLOCK
 62
     0
100
AcDbPoint
 10
3975.0
 20
-17.450000763
 30
0.0
  0
POINT
  5
326
100
AcDbEntity
  8
DEFPOINTS
  6
BYBLOCK
 62
     0
100
AcDbPoint
 10
3975.0
 20
17.450000763
 30
0.0
  0
MTEXT
  5
327
100
AcDbEntity
  8
REGUA80
 62
     4
100
AcDbMText
 10
3855.0
 20
0.0
 30
0.0
 40
20.0
 41
0.0
 71
     8
 72
     1
  1
35
 50
90.0
  0
ENDBLK
  5
328
100
AcDbEntity
  8
0
100
AcDbBlockEnd
  0
BLOCK
  5
32B
100
AcDbEntity
 67
     1
  8
0
100
AcDbBlockBegin
  2
*D10
 70
     0
 10
0.0
 20
0.0
 30
0.0
  3
*D10
  1

  0
LINE
  5
32C
100
AcDbEntity
  8
0
100
AcDbLine
 10
3970.0
 20
17.450000763
 30
0.0
 11
3855.0
 21
17.450000763
 31
0.0
  0
LINE
  5
32D
100
AcDbEntity
  8
0
100
AcDbLine
 10
4054.800000191
 20
182.450000763
 30
0.0
 11
3855.0
 21
182.450000763
 31
0.0
  0
TRACE
  5
32E
100
AcDbEntity
  8
0
100
AcDbTrace
 10
3865.0
 20
17.450000763
 30
0.0
 11
3861.666666667
 21
37.450000763
 31
0.0
 12
3868.333333333
 22
37.450000763
 32
0.0
 13
3868.333333333
 23
37.450000763
 33
0.0
  0
TRACE
  5
32F
100
AcDbEntity
  8
0
100
AcDbTrace
 10
3865.0
 20
182.450000763
 30
0.0
 11
3868.333333333
 21
162.450000763
 31
0.0
 12
3861.666666667
 22
162.450000763
 32
0.0
 13
3861.666666667
 23
162.450000763
 33
0.0
  0
LINE
  5
330
100
AcDbEntity
  8
0
100
AcDbLine
 10
3865.0
 20
37.450000763
 30
0.0
 11
3865.0
 21
162.450000763
 31
0.0
  0
POINT
  5
331
100
AcDbEntity
  8
DEFPOINTS
  6
BYBLOCK
 62
     0
100
AcDbPoint
 10
3975.0
 20
17.450000763
 30
0.0
  0
POINT
  5
332
100
AcDbEntity
  8
DEFPOINTS
  6
BYBLOCK
 62
     0
100
AcDbPoint
 10
4059.800000191
 20
182.450000763
 30
0.0
  0
MTEXT
  5
333
100
AcDbEntity
  8
REGUA80
 62
     4
100
AcDbMText
 10
3855.0
 20
99.950000763
 30
0.0
 40
20.0
 41
0.0
 71
     8
 72
     1
  1
165
 50
90.0
  0
ENDBLK
  5
334
100
AcDbEntity
  8
0
100
AcDbBlockEnd
  0
BLOCK
  5
341
100
AcDbEntity
 67
     1
  8
0
100
AcDbBlockBegin
  2
*D11
 70
     0
 10
0.0
 20
0.0
 30
0.0
  3
*D11
  1

  0
LINE
  5
342
100
AcDbEntity
  8
0
100
AcDbLine
 10
4250.0
 20
-22.450000763
 30
0.0
 11
4250.0
 21
-137.450000763
 31
0.0
  0
LINE
  5
343
100
AcDbEntity
  8
0
100
AcDbLine
 10
3975.0
 20
-22.450000763
 30
0.0
 11
3975.0
 21
-137.450000763
 31
0.0
  0
TRACE
  5
344
100
AcDbEntity
  8
0
100
AcDbTrace
 10
4250.0
 20
-127.450000763
 30
0.0
 11
4230.0
 21
-130.783334096
 31
0.0
 12
4230.0
 22
-124.11666743
 32
0.0
 13
4230.0
 23
-124.11666743
 33
0.0
  0
TRACE
  5
345
100
AcDbEntity
  8
0
100
AcDbTrace
 10
3975.0
 20
-127.450000763
 30
0.0
 11
3995.0
 21
-124.11666743
 31
0.0
 12
3995.0
 22
-130.783334096
 32
0.0
 13
3995.0
 23
-130.783334096
 33
0.0
  0
LINE
  5
346
100
AcDbEntity
  8
0
100
AcDbLine
 10
4230.0
 20
-127.450000763
 30
0.0
 11
3995.0
 21
-127.450000763
 31
0.0
  0
MTEXT
  5
347
100
AcDbEntity
  8
REGUA80
 62
     4
100
AcDbMText
 10
4112.5
 20
-117.450000763
 30
0.0
 40
20.0
 41
0.0
 71
     8
 72
     1
  1
275
 50
0.0
  0
POINT
  5
348
100
AcDbEntity
  8
DEFPOINTS
 62
     0
100
AcDbPoint
 10
4250.0
 20
-17.450000763
 30
0.0
  0
POINT
  5
349
100
AcDbEntity
  8
DEFPOINTS
 62
     0
100
AcDbPoint
 10
3975.0
 20
-17.450000763
 30
0.0
  0
POINT
  5
34A
100
AcDbEntity
  8
DEFPOINTS
 62
     0
100
AcDbPoint
 10
4112.5
 20
-117.450000763
 30
0.0
  0
ENDBLK
  5
34B
100
AcDbEntity
  8
0
100
AcDbBlockEnd
  0
BLOCK
  5
34E
100
AcDbEntity
 67
     1
  8
0
100
AcDbBlockBegin
  2
*D12
 70
     0
 10
0.0
 20
0.0
 30
0.0
  3
*D12
  1

  0
LINE
  5
34F
100
AcDbEntity
  8
0
100
AcDbLine
 10
4525.0
 20
-22.450000763
 30
0.0
 11
4525.0
 21
-137.450000763
 31
0.0
  0
LINE
  5
350
100
AcDbEntity
  8
0
100
AcDbLine
 10
4250.0
 20
-22.450000763
 30
0.0
 11
4250.0
 21
-137.450000763
 31
0.0
  0
TRACE
  5
351
100
AcDbEntity
  8
0
100
AcDbTrace
 10
4525.0
 20
-127.450000763
 30
0.0
 11
4505.0
 21
-130.783334096
 31
0.0
 12
4505.0
 22
-124.11666743
 32
0.0
 13
4505.0
 23
-124.11666743
 33
0.0
  0
TRACE
  5
352
100
AcDbEntity
  8
0
100
AcDbTrace
 10
4250.0
 20
-127.450000763
 30
0.0
 11
4270.0
 21
-124.11666743
 31
0.0
 12
4270.0
 22
-130.783334096
 32
0.0
 13
4270.0
 23
-130.783334096
 33
0.0
  0
LINE
  5
353
100
AcDbEntity
  8
0
100
AcDbLine
 10
4505.0
 20
-127.450000763
 30
0.0
 11
4270.0
 21
-127.450000763
 31
0.0
  0
MTEXT
  5
354
100
AcDbEntity
  8
REGUA80
 62
     4
100
AcDbMText
 10
4387.5
 20
-117.450000763
 30
0.0
 40
20.0
 41
0.0
 71
     8
 72
     1
  1
275
 50
0.0
  0
POINT
  5
355
100
AcDbEntity
  8
DEFPOINTS
 62
     0
100
AcDbPoint
 10
4525.0
 20
-17.450000763
 30
0.0
  0
POINT
  5
356
100
AcDbEntity
  8
DEFPOINTS
 62
     0
100
AcDbPoint
 10
4250.0
 20
-17.450000763
 30
0.0
  0
POINT
  5
357
100
AcDbEntity
  8
DEFPOINTS
 62
     0
100
AcDbPoint
 10
4387.5
 20
-117.450000763
 30
0.0
  0
ENDBLK
  5
358
100
AcDbEntity
  8
0
100
AcDbBlockEnd
  0
BLOCK
  5
378
100
AcDbEntity
 67
     1
  8
0
100
AcDbBlockBegin
  2
*D13
 70
     0
 10
0.0
 20
0.0
 30
0.0
  3
*D13
  1

  0
LINE
  5
379
100
AcDbEntity
  8
0
100
AcDbLine
 10
-430.0
 20
-3421.0
 30
0.0
 11
-545.0
 21
-3421.0
 31
0.0
  0
LINE
  5
37A
100
AcDbEntity
  8
0
100
AcDbLine
 10
-430.0
 20
-3200.0
 30
0.0
 11
-545.0
 21
-3200.0
 31
0.0
  0
TRACE
  5
37B
100
AcDbEntity
  8
0
100
AcDbTrace
 10
-535.0
 20
-3421.0
 30
0.0
 11
-538.333333333
 21
-3401.0
 31
0.0
 12
-531.666666667
 22
-3401.0
 32
0.0
 13
-531.666666667
 23
-3401.0
 33
0.0
  0
TRACE
  5
37C
100
AcDbEntity
  8
0
100
AcDbTrace
 10
-535.0
 20
-3200.0
 30
0.0
 11
-531.666666667
 21
-3220.0
 31
0.0
 12
-538.333333333
 22
-3220.0
 32
0.0
 13
-538.333333333
 23
-3220.0
 33
0.0
  0
LINE
  5
37D
100
AcDbEntity
  8
0
100
AcDbLine
 10
-535.0
 20
-3401.0
 30
0.0
 11
-535.0
 21
-3220.0
 31
0.0
  0
POINT
  5
37E
100
AcDbEntity
  8
DEFPOINTS
  6
BYBLOCK
 62
     0
100
AcDbPoint
 10
-425.0
 20
-3421.0
 30
0.0
  0
POINT
  5
37F
100
AcDbEntity
  8
DEFPOINTS
  6
BYBLOCK
 62
     0
100
AcDbPoint
 10
-425.0
 20
-3200.0
 30
0.0
  0
MTEXT
  5
380
100
AcDbEntity
  8
REGUA80
 62
     4
100
AcDbMText
 10
-545.0
 20
-3310.5
 30
0.0
 40
20.0
 41
0.0
 71
     8
 72
     1
  1
221
 50
90.0
  0
ENDBLK
  5
381
100
AcDbEntity
  8
0
100
AcDbBlockEnd
  0
BLOCK
  5
384
100
AcDbEntity
 67
     1
  8
0
100
AcDbBlockBegin
  2
*D14
 70
     0
 10
0.0
 20
0.0
 30
0.0
  3
*D14
  1

  0
LINE
  5
385
100
AcDbEntity
  8
0
100
AcDbLine
 10
-430.0
 20
-3200.0
 30
0.0
 11
-545.0
 21
-3200.0
 31
0.0
  0
LINE
  5
386
100
AcDbEntity
  8
0
100
AcDbLine
 10
-430.0
 20
-2979.0
 30
0.0
 11
-545.0
 21
-2979.0
 31
0.0
  0
TRACE
  5
387
100
AcDbEntity
  8
0
100
AcDbTrace
 10
-535.0
 20
-3200.0
 30
0.0
 11
-538.333333333
 21
-3180.0
 31
0.0
 12
-531.666666667
 22
-3180.0
 32
0.0
 13
-531.666666667
 23
-3180.0
 33
0.0
  0
TRACE
  5
388
100
AcDbEntity
  8
0
100
AcDbTrace
 10
-535.0
 20
-2979.0
 30
0.0
 11
-531.666666667
 21
-2999.0
 31
0.0
 12
-538.333333333
 22
-2999.0
 32
0.0
 13
-538.333333333
 23
-2999.0
 33
0.0
  0
LINE
  5
389
100
AcDbEntity
  8
0
100
AcDbLine
 10
-535.0
 20
-3180.0
 30
0.0
 11
-535.0
 21
-2999.0
 31
0.0
  0
POINT
  5
38A
100
AcDbEntity
  8
DEFPOINTS
  6
BYBLOCK
 62
     0
100
AcDbPoint
 10
-425.0
 20
-3200.0
 30
0.0
  0
POINT
  5
38B
100
AcDbEntity
  8
DEFPOINTS
  6
BYBLOCK
 62
     0
100
AcDbPoint
 10
-425.0
 20
-2979.0
 30
0.0
  0
MTEXT
  5
38C
100
AcDbEntity
  8
REGUA80
 62
     4
100
AcDbMText
 10
-545.0
 20
-3089.5
 30
0.0
 40
20.0
 41
0.0
 71
     8
 72
     1
  1
221
 50
90.0
  0
ENDBLK
  5
38D
100
AcDbEntity
  8
0
100
AcDbBlockEnd
  0
BLOCK
  5
390
100
AcDbEntity
 67
     1
  8
0
100
AcDbBlockBegin
  2
*D15
 70
     0
 10
0.0
 20
0.0
 30
0.0
  3
*D15
  1

  0
LINE
  5
391
100
AcDbEntity
  8
0
100
AcDbLine
 10
-371.0
 20
-2920.0
 30
0.0
 11
-371.0
 21
-2805.0
 31
0.0
  0
LINE
  5
392
100
AcDbEntity
  8
0
100
AcDbLine
 10
0.0
 20
-2920.0
 30
0.0
 11
0.0
 21
-2805.0
 31
0.0
  0
TRACE
  5
393
100
AcDbEntity
  8
0
100
AcDbTrace
 10
-371.0
 20
-2815.0
 30
0.0
 11
-351.0
 21
-2811.666666667
 31
0.0
 12
-351.0
 22
-2818.333333333
 32
0.0
 13
-351.0
 23
-2818.333333333
 33
0.0
  0
TRACE
  5
394
100
AcDbEntity
  8
0
100
AcDbTrace
 10
0.0
 20
-2815.0
 30
0.0
 11
-20.0
 21
-2818.333333333
 31
0.0
 12
-20.0
 22
-2811.666666667
 32
0.0
 13
-20.0
 23
-2811.666666667
 33
0.0
  0
LINE
  5
395
100
AcDbEntity
  8
0
100
AcDbLine
 10
-351.0
 20
-2815.0
 30
0.0
 11
-20.0
 21
-2815.0
 31
0.0
  0
MTEXT
  5
396
100
AcDbEntity
  8
REGUA80
 62
     4
100
AcDbMText
 10
-185.5
 20
-2805.0
 30
0.0
 40
20.0
 41
0.0
 71
     8
 72
     1
  1
371
 50
0.0
  0
POINT
  5
397
100
AcDbEntity
  8
DEFPOINTS
 62
     0
100
AcDbPoint
 10
-371.0
 20
-2925.0
 30
0.0
  0
POINT
  5
398
100
AcDbEntity
  8
DEFPOINTS
 62
     0
100
AcDbPoint
 10
0.0
 20
-2925.0
 30
0.0
  0
POINT
  5
399
100
AcDbEntity
  8
DEFPOINTS
 62
     0
100
AcDbPoint
 10
-185.5
 20
-2805.0
 30
0.0
  0
ENDBLK
  5
39A
100
AcDbEntity
  8
0
100
AcDbBlockEnd
  0
BLOCK
  5
39D
100
AcDbEntity
 67
     1
  8
0
100
AcDbBlockBegin
  2
*D16
 70
     0
 10
0.0
 20
0.0
 30
0.0
  3
*D16
  1

  0
LINE
  5
39E
100
AcDbEntity
  8
0
100
AcDbLine
 10
0.0
 20
-2920.0
 30
0.0
 11
0.0
 21
-2805.0
 31
0.0
  0
LINE
  5
39F
100
AcDbEntity
  8
0
100
AcDbLine
 10
371.0
 20
-2920.0
 30
0.0
 11
371.0
 21
-2805.0
 31
0.0
  0
TRACE
  5
3A0
100
AcDbEntity
  8
0
100
AcDbTrace
 10
0.0
 20
-2815.0
 30
0.0
 11
20.0
 21
-2811.666666667
 31
0.0
 12
20.0
 22
-2818.333333333
 32
0.0
 13
20.0
 23
-2818.333333333
 33
0.0
  0
TRACE
  5
3A1
100
AcDbEntity
  8
0
100
AcDbTrace
 10
371.0
 20
-2815.0
 30
0.0
 11
351.0
 21
-2818.333333333
 31
0.0
 12
351.0
 22
-2811.666666667
 32
0.0
 13
351.0
 23
-2811.666666667
 33
0.0
  0
LINE
  5
3A2
100
AcDbEntity
  8
0
100
AcDbLine
 10
20.0
 20
-2815.0
 30
0.0
 11
351.0
 21
-2815.0
 31
0.0
  0
MTEXT
  5
3A3
100
AcDbEntity
  8
REGUA80
 62
     4
100
AcDbMText
 10
185.5
 20
-2805.0
 30
0.0
 40
20.0
 41
0.0
 71
     8
 72
     1
  1
371
 50
0.0
  0
POINT
  5
3A4
100
AcDbEntity
  8
DEFPOINTS
 62
     0
100
AcDbPoint
 10
0.0
 20
-2925.0
 30
0.0
  0
POINT
  5
3A5
100
AcDbEntity
  8
DEFPOINTS
 62
     0
100
AcDbPoint
 10
371.0
 20
-2925.0
 30
0.0
  0
POINT
  5
3A6
100
AcDbEntity
  8
DEFPOINTS
 62
     0
100
AcDbPoint
 10
185.5
 20
-2805.0
 30
0.0
  0
ENDBLK
  5
3A7
100
AcDbEntity
  8
0
100
AcDbBlockEnd
  0
BLOCK
  5
3AE
100
AcDbEntity
 67
     1
  8
0
100
AcDbBlockBegin
  2
*D17
 70
     0
 10
0.0
 20
0.0
 30
0.0
  3
*D17
  1

  0
LINE
  5
3AF
100
AcDbEntity
  8
0
100
AcDbLine
 10
3820.0
 20
-3475.0
 30
0.0
 11
3705.0
 21
-3475.0
 31
0.0
  0
LINE
  5
3B0
100
AcDbEntity
  8
0
100
AcDbLine
 10
3820.0
 20
-3421.0
 30
0.0
 11
3705.0
 21
-3421.0
 31
0.0
  0
TRACE
  5
3B1
100
AcDbEntity
  8
0
100
AcDbTrace
 10
3715.0
 20
-3475.0
 30
0.0
 11
3711.666666667
 21
-3455.0
 31
0.0
 12
3718.333333333
 22
-3455.0
 32
0.0
 13
3718.333333333
 23
-3455.0
 33
0.0
  0
TRACE
  5
3B2
100
AcDbEntity
  8
0
100
AcDbTrace
 10
3715.0
 20
-3421.0
 30
0.0
 11
3718.333333333
 21
-3441.0
 31
0.0
 12
3711.666666667
 22
-3441.0
 32
0.0
 13
3711.666666667
 23
-3441.0
 33
0.0
  0
LINE
  5
3B3
100
AcDbEntity
  8
0
100
AcDbLine
 10
3715.0
 20
-3455.0
 30
0.0
 11
3715.0
 21
-3441.0
 31
0.0
  0
POINT
  5
3B4
100
AcDbEntity
  8
DEFPOINTS
  6
BYBLOCK
 62
     0
100
AcDbPoint
 10
3825.0
 20
-3475.0
 30
0.0
  0
POINT
  5
3B5
100
AcDbEntity
  8
DEFPOINTS
  6
BYBLOCK
 62
     0
100
AcDbPoint
 10
3825.0
 20
-3421.0
 30
0.0
  0
MTEXT
  5
3B6
100
AcDbEntity
  8
REGUA80
 62
     4
100
AcDbMText
 10
3705.0
 20
-3448.0
 30
0.0
 40
20.0
 41
0.0
 71
     8
 72
     1
  1
54
 50
90.0
  0
ENDBLK
  5
3B7
100
AcDbEntity
  8
0
100
AcDbBlockEnd
  0
BLOCK
  5
3BA
100
AcDbEntity
 67
     1
  8
0
100
AcDbBlockBegin
  2
*D18
 70
     0
 10
0.0
 20
0.0
 30
0.0
  3
*D18
  1

  0
LINE
  5
3BB
100
AcDbEntity
  8
0
100
AcDbLine
 10
3820.0
 20
-3421.0
 30
0.0
 11
3705.0
 21
-3421.0
 31
0.0
  0
LINE
  5
3BC
100
AcDbEntity
  8
0
100
AcDbLine
 10
3820.0
 20
-3200.0
 30
0.0
 11
3705.0
 21
-3200.0
 31
0.0
  0
TRACE
  5
3BD
100
AcDbEntity
  8
0
100
AcDbTrace
 10
3715.0
 20
-3421.0
 30
0.0
 11
3711.666666667
 21
-3401.0
 31
0.0
 12
3718.333333333
 22
-3401.0
 32
0.0
 13
3718.333333333
 23
-3401.0
 33
0.0
  0
TRACE
  5
3BE
100
AcDbEntity
  8
0
100
AcDbTrace
 10
3715.0
 20
-3200.0
 30
0.0
 11
3718.333333333
 21
-3220.0
 31
0.0
 12
3711.666666667
 22
-3220.0
 32
0.0
 13
3711.666666667
 23
-3220.0
 33
0.0
  0
LINE
  5
3BF
100
AcDbEntity
  8
0
100
AcDbLine
 10
3715.0
 20
-3401.0
 30
0.0
 11
3715.0
 21
-3220.0
 31
0.0
  0
POINT
  5
3C0
100
AcDbEntity
  8
DEFPOINTS
  6
BYBLOCK
 62
     0
100
AcDbPoint
 10
3825.0
 20
-3421.0
 30
0.0
  0
POINT
  5
3C1
100
AcDbEntity
  8
DEFPOINTS
  6
BYBLOCK
 62
     0
100
AcDbPoint
 10
3825.0
 20
-3200.0
 30
0.0
  0
MTEXT
  5
3C2
100
AcDbEntity
  8
REGUA80
 62
     4
100
AcDbMText
 10
3705.0
 20
-3310.5
 30
0.0
 40
20.0
 41
0.0
 71
     8
 72
     1
  1
221
 50
90.0
  0
ENDBLK
  5
3C3
100
AcDbEntity
  8
0
100
AcDbBlockEnd
  0
BLOCK
  5
3C6
100
AcDbEntity
 67
     1
  8
0
100
AcDbBlockBegin
  2
*D19
 70
     0
 10
0.0
 20
0.0
 30
0.0
  3
*D19
  1

  0
LINE
  5
3C7
100
AcDbEntity
  8
0
100
AcDbLine
 10
3820.0
 20
-3200.0
 30
0.0
 11
3705.0
 21
-3200.0
 31
0.0
  0
LINE
  5
3C8
100
AcDbEntity
  8
0
100
AcDbLine
 10
3820.0
 20
-2979.0
 30
0.0
 11
3705.0
 21
-2979.0
 31
0.0
  0
TRACE
  5
3C9
100
AcDbEntity
  8
0
100
AcDbTrace
 10
3715.0
 20
-3200.0
 30
0.0
 11
3711.666666667
 21
-3180.0
 31
0.0
 12
3718.333333333
 22
-3180.0
 32
0.0
 13
3718.333333333
 23
-3180.0
 33
0.0
  0
TRACE
  5
3CA
100
AcDbEntity
  8
0
100
AcDbTrace
 10
3715.0
 20
-2979.0
 30
0.0
 11
3718.333333333
 21
-2999.0
 31
0.0
 12
3711.666666667
 22
-2999.0
 32
0.0
 13
3711.666666667
 23
-2999.0
 33
0.0
  0
LINE
  5
3CB
100
AcDbEntity
  8
0
100
AcDbLine
 10
3715.0
 20
-3180.0
 30
0.0
 11
3715.0
 21
-2999.0
 31
0.0
  0
POINT
  5
3CC
100
AcDbEntity
  8
DEFPOINTS
  6
BYBLOCK
 62
     0
100
AcDbPoint
 10
3825.0
 20
-3200.0
 30
0.0
  0
POINT
  5
3CD
100
AcDbEntity
  8
DEFPOINTS
  6
BYBLOCK
 62
     0
100
AcDbPoint
 10
3825.0
 20
-2979.0
 30
0.0
  0
MTEXT
  5
3CE
100
AcDbEntity
  8
REGUA80
 62
     4
100
AcDbMText
 10
3705.0
 20
-3089.5
 30
0.0
 40
20.0
 41
0.0
 71
     8
 72
     1
  1
221
 50
90.0
  0
ENDBLK
  5
3CF
100
AcDbEntity
  8
0
100
AcDbBlockEnd
  0
BLOCK
  5
3D2
100
AcDbEntity
 67
     1
  8
0
100
AcDbBlockBegin
  2
*D20
 70
     0
 10
0.0
 20
0.0
 30
0.0
  3
*D20
  1

  0
LINE
  5
3D3
100
AcDbEntity
  8
0
100
AcDbLine
 10
3820.0
 20
-2979.0
 30
0.0
 11
3705.0
 21
-2979.0
 31
0.0
  0
LINE
  5
3D4
100
AcDbEntity
  8
0
100
AcDbLine
 10
3820.0
 20
-2925.0
 30
0.0
 11
3705.0
 21
-2925.0
 31
0.0
  0
TRACE
  5
3D5
100
AcDbEntity
  8
0
100
AcDbTrace
 10
3715.0
 20
-2979.0
 30
0.0
 11
3711.666666667
 21
-2959.0
 31
0.0
 12
3718.333333333
 22
-2959.0
 32
0.0
 13
3718.333333333
 23
-2959.0
 33
0.0
  0
TRACE
  5
3D6
100
AcDbEntity
  8
0
100
AcDbTrace
 10
3715.0
 20
-2925.0
 30
0.0
 11
3718.333333333
 21
-2945.0
 31
0.0
 12
3711.666666667
 22
-2945.0
 32
0.0
 13
3711.666666667
 23
-2945.0
 33
0.0
  0
LINE
  5
3D7
100
AcDbEntity
  8
0
100
AcDbLine
 10
3715.0
 20
-2959.0
 30
0.0
 11
3715.0
 21
-2945.0
 31
0.0
  0
POINT
  5
3D8
100
AcDbEntity
  8
DEFPOINTS
  6
BYBLOCK
 62
     0
100
AcDbPoint
 10
3825.0
 20
-2979.0
 30
0.0
  0
POINT
  5
3D9
100
AcDbEntity
  8
DEFPOINTS
  6
BYBLOCK
 62
     0
100
AcDbPoint
 10
3825.0
 20
-2925.0
 30
0.0
  0
MTEXT
  5
3DA
100
AcDbEntity
  8
REGUA80
 62
     4
100
AcDbMText
 10
3705.0
 20
-2952.0
 30
0.0
 40
20.0
 41
0.0
 71
     8
 72
     1
  1
54
 50
90.0
  0
ENDBLK
  5
3DB
100
AcDbEntity
  8
0
100
AcDbBlockEnd
  0
BLOCK
  5
3DE
100
AcDbEntity
 67
     1
  8
0
100
AcDbBlockBegin
  2
*D21
 70
     0
 10
0.0
 20
0.0
 30
0.0
  3
*D21
  1

  0
LINE
  5
3DF
100
AcDbEntity
  8
0
100
AcDbLine
 10
3825.0
 20
-2920.0
 30
0.0
 11
3825.0
 21
-2805.0
 31
0.0
  0
LINE
  5
3E0
100
AcDbEntity
  8
0
100
AcDbLine
 10
3879.0
 20
-2920.0
 30
0.0
 11
3879.0
 21
-2805.0
 31
0.0
  0
TRACE
  5
3E1
100
AcDbEntity
  8
0
100
AcDbTrace
 10
3825.0
 20
-2815.0
 30
0.0
 11
3845.0
 21
-2811.666666667
 31
0.0
 12
3845.0
 22
-2818.333333333
 32
0.0
 13
3845.0
 23
-2818.333333333
 33
0.0
  0
TRACE
  5
3E2
100
AcDbEntity
  8
0
100
AcDbTrace
 10
3879.0
 20
-2815.0
 30
0.0
 11
3859.0
 21
-2818.333333333
 31
0.0
 12
3859.0
 22
-2811.666666667
 32
0.0
 13
3859.0
 23
-2811.666666667
 33
0.0
  0
LINE
  5
3E3
100
AcDbEntity
  8
0
100
AcDbLine
 10
3845.0
 20
-2815.0
 30
0.0
 11
3859.0
 21
-2815.0
 31
0.0
  0
MTEXT
  5
3E4
100
AcDbEntity
  8
REGUA80
 62
     4
100
AcDbMText
 10
3852.0
 20
-2805.0
 30
0.0
 40
20.0
 41
0.0
 71
     8
 72
     1
  1
54
 50
0.0
  0
POINT
  5
3E5
100
AcDbEntity
  8
DEFPOINTS
 62
     0
100
AcDbPoint
 10
3825.0
 20
-2925.0
 30
0.0
  0
POINT
  5
3E6
100
AcDbEntity
  8
DEFPOINTS
 62
     0
100
AcDbPoint
 10
3879.0
 20
-2925.0
 30
0.0
  0
POINT
  5
3E7
100
AcDbEntity
  8
DEFPOINTS
 62
     0
100
AcDbPoint
 10
3852.0
 20
-2805.0
 30
0.0
  0
ENDBLK
  5
3E8
100
AcDbEntity
  8
0
100
AcDbBlockEnd
  0
BLOCK
  5
3EB
100
AcDbEntity
 67
     1
  8
0
100
AcDbBlockBegin
  2
*D22
 70
     0
 10
0.0
 20
0.0
 30
0.0
  3
*D22
  1

  0
LINE
  5
3EC
100
AcDbEntity
  8
0
100
AcDbLine
 10
3879.0
 20
-2920.0
 30
0.0
 11
3879.0
 21
-2805.0
 31
0.0
  0
LINE
  5
3ED
100
AcDbEntity
  8
0
100
AcDbLine
 10
4250.0
 20
-2920.0
 30
0.0
 11
4250.0
 21
-2805.0
 31
0.0
  0
TRACE
  5
3EE
100
AcDbEntity
  8
0
100
AcDbTrace
 10
3879.0
 20
-2815.0
 30
0.0
 11
3899.0
 21
-2811.666666667
 31
0.0
 12
3899.0
 22
-2818.333333333
 32
0.0
 13
3899.0
 23
-2818.333333333
 33
0.0
  0
TRACE
  5
3EF
100
AcDbEntity
  8
0
100
AcDbTrace
 10
4250.0
 20
-2815.0
 30
0.0
 11
4230.0
 21
-2818.333333333
 31
0.0
 12
4230.0
 22
-2811.666666667
 32
0.0
 13
4230.0
 23
-2811.666666667
 33
0.0
  0
LINE
  5
3F0
100
AcDbEntity
  8
0
100
AcDbLine
 10
3899.0
 20
-2815.0
 30
0.0
 11
4230.0
 21
-2815.0
 31
0.0
  0
MTEXT
  5
3F1
100
AcDbEntity
  8
REGUA80
 62
     4
100
AcDbMText
 10
4064.5
 20
-2805.0
 30
0.0
 40
20.0
 41
0.0
 71
     8
 72
     1
  1
371
 50
0.0
  0
POINT
  5
3F2
100
AcDbEntity
  8
DEFPOINTS
 62
     0
100
AcDbPoint
 10
3879.0
 20
-2925.0
 30
0.0
  0
POINT
  5
3F3
100
AcDbEntity
  8
DEFPOINTS
 62
     0
100
AcDbPoint
 10
4250.0
 20
-2925.0
 30
0.0
  0
POINT
  5
3F4
100
AcDbEntity
  8
DEFPOINTS
 62
     0
100
AcDbPoint
 10
4064.5
 20
-2805.0
 30
0.0
  0
ENDBLK
  5
3F5
100
AcDbEntity
  8
0
100
AcDbBlockEnd
  0
BLOCK
  5
3F8
100
AcDbEntity
 67
     1
  8
0
100
AcDbBlockBegin
  2
*D23
 70
     0
 10
0.0
 20
0.0
 30
0.0
  3
*D23
  1

  0
LINE
  5
3F9
100
AcDbEntity
  8
0
100
AcDbLine
 10
4250.0
 20
-2920.0
 30
0.0
 11
4250.0
 21
-2805.0
 31
0.0
  0
LINE
  5
3FA
100
AcDbEntity
  8
0
100
AcDbLine
 10
4621.0
 20
-2920.0
 30
0.0
 11
4621.0
 21
-2805.0
 31
0.0
  0
TRACE
  5
3FB
100
AcDbEntity
  8
0
100
AcDbTrace
 10
4250.0
 20
-2815.0
 30
0.0
 11
4270.0
 21
-2811.666666667
 31
0.0
 12
4270.0
 22
-2818.333333333
 32
0.0
 13
4270.0
 23
-2818.333333333
 33
0.0
  0
TRACE
  5
3FC
100
AcDbEntity
  8
0
100
AcDbTrace
 10
4621.0
 20
-2815.0
 30
0.0
 11
4601.0
 21
-2818.333333333
 31
0.0
 12
4601.0
 22
-2811.666666667
 32
0.0
 13
4601.0
 23
-2811.666666667
 33
0.0
  0
LINE
  5
3FD
100
AcDbEntity
  8
0
100
AcDbLine
 10
4270.0
 20
-2815.0
 30
0.0
 11
4601.0
 21
-2815.0
 31
0.0
  0
MTEXT
  5
3FE
100
AcDbEntity
  8
REGUA80
 62
     4
100
AcDbMText
 10
4435.5
 20
-2805.0
 30
0.0
 40
20.0
 41
0.0
 71
     8
 72
     1
  1
371
 50
0.0
  0
POINT
  5
3FF
100
AcDbEntity
  8
DEFPOINTS
 62
     0
100
AcDbPoint
 10
4250.0
 20
-2925.0
 30
0.0
  0
POINT
  5
400
100
AcDbEntity
  8
DEFPOINTS
 62
     0
100
AcDbPoint
 10
4621.0
 20
-2925.0
 30
0.0
  0
POINT
  5
401
100
AcDbEntity
  8
DEFPOINTS
 62
     0
100
AcDbPoint
 10
4435.5
 20
-2805.0
 30
0.0
  0
ENDBLK
  5
402
100
AcDbEntity
  8
0
100
AcDbBlockEnd
  0
BLOCK
  5
405
100
AcDbEntity
 67
     1
  8
0
100
AcDbBlockBegin
  2
*D24
 70
     0
 10
0.0
 20
0.0
 30
0.0
  3
*D24
  1

  0
LINE
  5
406
100
AcDbEntity
  8
0
100
AcDbLine
 10
4621.0
 20
-2920.0
 30
0.0
 11
4621.0
 21
-2805.0
 31
0.0
  0
LINE
  5
407
100
AcDbEntity
  8
0
100
AcDbLine
 10
4675.0
 20
-2920.0
 30
0.0
 11
4675.0
 21
-2805.0
 31
0.0
  0
TRACE
  5
408
100
AcDbEntity
  8
0
100
AcDbTrace
 10
4621.0
 20
-2815.0
 30
0.0
 11
4641.0
 21
-2811.666666667
 31
0.0
 12
4641.0
 22
-2818.333333333
 32
0.0
 13
4641.0
 23
-2818.333333333
 33
0.0
  0
TRACE
  5
409
100
AcDbEntity
  8
0
100
AcDbTrace
 10
4675.0
 20
-2815.0
 30
0.0
 11
4655.0
 21
-2818.333333333
 31
0.0
 12
4655.0
 22
-2811.666666667
 32
0.0
 13
4655.0
 23
-2811.666666667
 33
0.0
  0
LINE
  5
40A
100
AcDbEntity
  8
0
100
AcDbLine
 10
4641.0
 20
-2815.0
 30
0.0
 11
4655.0
 21
-2815.0
 31
0.0
  0
MTEXT
  5
40B
100
AcDbEntity
  8
REGUA80
 62
     4
100
AcDbMText
 10
4648.0
 20
-2805.0
 30
0.0
 40
20.0
 41
0.0
 71
     8
 72
     1
  1
54
 50
0.0
  0
POINT
  5
40C
100
AcDbEntity
  8
DEFPOINTS
 62
     0
100
AcDbPoint
 10
4621.0
 20
-2925.0
 30
0.0
  0
POINT
  5
40D
100
AcDbEntity
  8
DEFPOINTS
 62
     0
100
AcDbPoint
 10
4675.0
 20
-2925.0
 30
0.0
  0
POINT
  5
40E
100
AcDbEntity
  8
DEFPOINTS
 62
     0
100
AcDbPoint
 10
4648.0
 20
-2805.0
 30
0.0
  0
ENDBLK
  5
40F
100
AcDbEntity
  8
0
100
AcDbBlockEnd
  0
BLOCK
  5
412
100
AcDbEntity
 67
     1
  8
0
100
AcDbBlockBegin
  2
*D25
 70
     0
 10
0.0
 20
0.0
 30
0.0
  3
*D25
  1

  0
LINE
  5
413
100
AcDbEntity
  8
0
100
AcDbLine
 10
3820.0
 20
-3475.0
 30
0.0
 11
3635.0
 21
-3475.0
 31
0.0
  0
LINE
  5
414
100
AcDbEntity
  8
0
100
AcDbLine
 10
3820.0
 20
-2925.0
 30
0.0
 11
3635.0
 21
-2925.0
 31
0.0
  0
TRACE
  5
415
100
AcDbEntity
  8
0
100
AcDbTrace
 10
3645.0
 20
-3475.0
 30
0.0
 11
3641.666666667
 21
-3455.0
 31
0.0
 12
3648.333333333
 22
-3455.0
 32
0.0
 13
3648.333333333
 23
-3455.0
 33
0.0
  0
TRACE
  5
416
100
AcDbEntity
  8
0
100
AcDbTrace
 10
3645.0
 20
-2925.0
 30
0.0
 11
3648.333333333
 21
-2945.0
 31
0.0
 12
3641.666666667
 22
-2945.0
 32
0.0
 13
3641.666666667
 23
-2945.0
 33
0.0
  0
LINE
  5
417
100
AcDbEntity
  8
0
100
AcDbLine
 10
3645.0
 20
-3455.0
 30
0.0
 11
3645.0
 21
-2945.0
 31
0.0
  0
POINT
  5
418
100
AcDbEntity
  8
DEFPOINTS
  6
BYBLOCK
 62
     0
100
AcDbPoint
 10
3825.0
 20
-3475.0
 30
0.0
  0
POINT
  5
419
100
AcDbEntity
  8
DEFPOINTS
  6
BYBLOCK
 62
     0
100
AcDbPoint
 10
3825.0
 20
-2925.0
 30
0.0
  0
MTEXT
  5
41A
100
AcDbEntity
  8
REGUA80
 62
     4
100
AcDbMText
 10
3635.0
 20
-3200.0
 30
0.0
 40
20.0
 41
0.0
 71
     8
 72
     1
  1
550
 50
90.0
  0
ENDBLK
  5
41B
100
AcDbEntity
  8
0
100
AcDbBlockEnd
  0
BLOCK
  5
41E
100
AcDbEntity
 67
     1
  8
0
100
AcDbBlockBegin
  2
*D26
 70
     0
 10
0.0
 20
0.0
 30
0.0
  3
*D26
  1

  0
LINE
  5
41F
100
AcDbEntity
  8
0
100
AcDbLine
 10
3825.0
 20
-2920.0
 30
0.0
 11
3825.0
 21
-2735.0
 31
0.0
  0
LINE
  5
420
100
AcDbEntity
  8
0
100
AcDbLine
 10
4675.0
 20
-2920.0
 30
0.0
 11
4675.0
 21
-2735.0
 31
0.0
  0
TRACE
  5
421
100
AcDbEntity
  8
0
100
AcDbTrace
 10
3825.0
 20
-2745.0
 30
0.0
 11
3845.0
 21
-2741.666666667
 31
0.0
 12
3845.0
 22
-2748.333333333
 32
0.0
 13
3845.0
 23
-2748.333333333
 33
0.0
  0
TRACE
  5
422
100
AcDbEntity
  8
0
100
AcDbTrace
 10
4675.0
 20
-2745.0
 30
0.0
 11
4655.0
 21
-2748.333333333
 31
0.0
 12
4655.0
 22
-2741.666666667
 32
0.0
 13
4655.0
 23
-2741.666666667
 33
0.0
  0
LINE
  5
423
100
AcDbEntity
  8
0
100
AcDbLine
 10
3845.0
 20
-2745.0
 30
0.0
 11
4655.0
 21
-2745.0
 31
0.0
  0
MTEXT
  5
424
100
AcDbEntity
  8
REGUA80
 62
     4
100
AcDbMText
 10
4250.0
 20
-2735.0
 30
0.0
 40
20.0
 41
0.0
 71
     8
 72
     1
  1
850
 50
0.0
  0
POINT
  5
425
100
AcDbEntity
  8
DEFPOINTS
 62
     0
100
AcDbPoint
 10
3825.0
 20
-2925.0
 30
0.0
  0
POINT
  5
426
100
AcDbEntity
  8
DEFPOINTS
 62
     0
100
AcDbPoint
 10
4675.0
 20
-2925.0
 30
0.0
  0
POINT
  5
427
100
AcDbEntity
  8
DEFPOINTS
 62
     0
100
AcDbPoint
 10
4250.0
 20
-2735.0
 30
0.0
  0
ENDBLK
  5
428
100
AcDbEntity
  8
0
100
AcDbBlockEnd
  0
BLOCK
  5
456
100
AcDbEntity
 67
     1
  8
0
100
AcDbBlockBegin
  2
*D27
 70
     0
 10
0.0
 20
0.0
 30
0.0
  3
*D27
  1

  0
LINE
  5
457
100
AcDbEntity
  8
0
100
AcDbLine
 10
8075.0
 20
37.0
 30
0.0
 11
8075.0
 21
302.0
 31
0.0
  0
LINE
  5
458
100
AcDbEntity
  8
0
100
AcDbLine
 10
8177.0
 20
187.0
 30
0.0
 11
8177.0
 21
302.0
 31
0.0
  0
TRACE
  5
459
100
AcDbEntity
  8
0
100
AcDbTrace
 10
8075.0
 20
292.0
 30
0.0
 11
8095.0
 21
295.333333333
 31
0.0
 12
8095.0
 22
288.666666667
 32
0.0
 13
8095.0
 23
288.666666667
 33
0.0
  0
TRACE
  5
45A
100
AcDbEntity
  8
0
100
AcDbTrace
 10
8177.0
 20
292.0
 30
0.0
 11
8157.0
 21
288.666666667
 31
0.0
 12
8157.0
 22
295.333333333
 32
0.0
 13
8157.0
 23
295.333333333
 33
0.0
  0
LINE
  5
45B
100
AcDbEntity
  8
0
100
AcDbLine
 10
8095.0
 20
292.0
 30
0.0
 11
8157.0
 21
292.0
 31
0.0
  0
MTEXT
  5
45C
100
AcDbEntity
  8
REGUA80
 62
     4
100
AcDbMText
 10
8126.0
 20
302.0
 30
0.0
 40
20.0
 41
0.0
 71
     8
 72
     1
  1
102
 50
0.0
  0
POINT
  5
45D
100
AcDbEntity
  8
DEFPOINTS
 62
     0
100
AcDbPoint
 10
8075.0
 20
32.0
 30
0.0
  0
POINT
  5
45E
100
AcDbEntity
  8
DEFPOINTS
 62
     0
100
AcDbPoint
 10
8177.0
 20
182.0
 30
0.0
  0
POINT
  5
45F
100
AcDbEntity
  8
DEFPOINTS
 62
     0
100
AcDbPoint
 10
8126.0
 20
302.0
 30
0.0
  0
ENDBLK
  5
460
100
AcDbEntity
  8
0
100
AcDbBlockEnd
  0
BLOCK
  5
463
100
AcDbEntity
 67
     1
  8
0
100
AcDbBlockBegin
  2
*D28
 70
     0
 10
0.0
 20
0.0
 30
0.0
  3
*D28
  1

  0
LINE
  5
464
100
AcDbEntity
  8
0
100
AcDbLine
 10
8177.0
 20
187.0
 30
0.0
 11
8177.0
 21
302.0
 31
0.0
  0
LINE
  5
465
100
AcDbEntity
  8
0
100
AcDbLine
 10
8823.0
 20
187.0
 30
0.0
 11
8823.0
 21
302.0
 31
0.0
  0
TRACE
  5
466
100
AcDbEntity
  8
0
100
AcDbTrace
 10
8177.0
 20
292.0
 30
0.0
 11
8197.0
 21
295.333333333
 31
0.0
 12
8197.0
 22
288.666666667
 32
0.0
 13
8197.0
 23
288.666666667
 33
0.0
  0
TRACE
  5
467
100
AcDbEntity
  8
0
100
AcDbTrace
 10
8823.0
 20
292.0
 30
0.0
 11
8803.0
 21
288.666666667
 31
0.0
 12
8803.0
 22
295.333333333
 32
0.0
 13
8803.0
 23
295.333333333
 33
0.0
  0
LINE
  5
468
100
AcDbEntity
  8
0
100
AcDbLine
 10
8197.0
 20
292.0
 30
0.0
 11
8803.0
 21
292.0
 31
0.0
  0
MTEXT
  5
469
100
AcDbEntity
  8
REGUA80
 62
     4
100
AcDbMText
 10
8500.0
 20
302.0
 30
0.0
 40
20.0
 41
0.0
 71
     8
 72
     1
  1
646
 50
0.0
  0
POINT
  5
46A
100
AcDbEntity
  8
DEFPOINTS
 62
     0
100
AcDbPoint
 10
8177.0
 20
182.0
 30
0.0
  0
POINT
  5
46B
100
AcDbEntity
  8
DEFPOINTS
 62
     0
100
AcDbPoint
 10
8823.0
 20
182.0
 30
0.0
  0
POINT
  5
46C
100
AcDbEntity
  8
DEFPOINTS
 62
     0
100
AcDbPoint
 10
8500.0
 20
302.0
 30
0.0
  0
ENDBLK
  5
46D
100
AcDbEntity
  8
0
100
AcDbBlockEnd
  0
BLOCK
  5
470
100
AcDbEntity
 67
     1
  8
0
100
AcDbBlockBegin
  2
*D29
 70
     0
 10
0.0
 20
0.0
 30
0.0
  3
*D29
  1

  0
LINE
  5
471
100
AcDbEntity
  8
0
100
AcDbLine
 10
8823.0
 20
187.0
 30
0.0
 11
8823.0
 21
302.0
 31
0.0
  0
LINE
  5
472
100
AcDbEntity
  8
0
100
AcDbLine
 10
8925.0
 20
37.0
 30
0.0
 11
8925.0
 21
302.0
 31
0.0
  0
TRACE
  5
473
100
AcDbEntity
  8
0
100
AcDbTrace
 10
8823.0
 20
292.0
 30
0.0
 11
8843.0
 21
295.333333333
 31
0.0
 12
8843.0
 22
288.666666667
 32
0.0
 13
8843.0
 23
288.666666667
 33
0.0
  0
TRACE
  5
474
100
AcDbEntity
  8
0
100
AcDbTrace
 10
8925.0
 20
292.0
 30
0.0
 11
8905.0
 21
288.666666667
 31
0.0
 12
8905.0
 22
295.333333333
 32
0.0
 13
8905.0
 23
295.333333333
 33
0.0
  0
LINE
  5
475
100
AcDbEntity
  8
0
100
AcDbLine
 10
8843.0
 20
292.0
 30
0.0
 11
8905.0
 21
292.0
 31
0.0
  0
MTEXT
  5
476
100
AcDbEntity
  8
REGUA80
 62
     4
100
AcDbMText
 10
8874.0
 20
302.0
 30
0.0
 40
20.0
 41
0.0
 71
     8
 72
     1
  1
102
 50
0.0
  0
POINT
  5
477
100
AcDbEntity
  8
DEFPOINTS
 62
     0
100
AcDbPoint
 10
8823.0
 20
182.0
 30
0.0
  0
POINT
  5
478
100
AcDbEntity
  8
DEFPOINTS
 62
     0
100
AcDbPoint
 10
8925.0
 20
32.0
 30
0.0
  0
POINT
  5
479
100
AcDbEntity
  8
DEFPOINTS
 62
     0
100
AcDbPoint
 10
8874.0
 20
302.0
 30
0.0
  0
ENDBLK
  5
47A
100
AcDbEntity
  8
0
100
AcDbBlockEnd
  0
BLOCK
  5
47D
100
AcDbEntity
 67
     1
  8
0
100
AcDbBlockBegin
  2
*D30
 70
     0
 10
0.0
 20
0.0
 30
0.0
  3
*D30
  1

  0
LINE
  5
47E
100
AcDbEntity
  8
0
100
AcDbLine
 10
8075.0
 20
22.0
 30
0.0
 11
8075.0
 21
389.0
 31
0.0
  0
LINE
  5
47F
100
AcDbEntity
  8
0
100
AcDbLine
 10
8925.0
 20
22.0
 30
0.0
 11
8925.0
 21
389.0
 31
0.0
  0
TRACE
  5
480
100
AcDbEntity
  8
0
100
AcDbTrace
 10
8075.0
 20
379.0
 30
0.0
 11
8095.0
 21
382.333333333
 31
0.0
 12
8095.0
 22
375.666666667
 32
0.0
 13
8095.0
 23
375.666666667
 33
0.0
  0
TRACE
  5
481
100
AcDbEntity
  8
0
100
AcDbTrace
 10
8925.0
 20
379.0
 30
0.0
 11
8905.0
 21
375.666666667
 31
0.0
 12
8905.0
 22
382.333333333
 32
0.0
 13
8905.0
 23
382.333333333
 33
0.0
  0
LINE
  5
482
100
AcDbEntity
  8
0
100
AcDbLine
 10
8095.0
 20
379.0
 30
0.0
 11
8905.0
 21
379.0
 31
0.0
  0
MTEXT
  5
483
100
AcDbEntity
  8
REGUA80
 62
     4
100
AcDbMText
 10
8500.0
 20
389.0
 30
0.0
 40
20.0
 41
0.0
 71
     8
 72
     1
  1
850
 50
0.0
  0
POINT
  5
484
100
AcDbEntity
  8
DEFPOINTS
 62
     0
100
AcDbPoint
 10
8075.0
 20
17.0
 30
0.0
  0
POINT
  5
485
100
AcDbEntity
  8
DEFPOINTS
 62
     0
100
AcDbPoint
 10
8925.0
 20
17.0
 30
0.0
  0
POINT
  5
486
100
AcDbEntity
  8
DEFPOINTS
 62
     0
100
AcDbPoint
 10
8500.0
 20
389.0
 30
0.0
  0
ENDBLK
  5
487
100
AcDbEntity
  8
0
100
AcDbBlockEnd
  0
BLOCK
  5
48A
100
AcDbEntity
 67
     1
  8
0
100
AcDbBlockBegin
  2
*D31
 70
     0
 10
0.0
 20
0.0
 30
0.0
  3
*D31
  1

  0
LINE
  5
48B
100
AcDbEntity
  8
0
100
AcDbLine
 10
8070.0
 20
17.450000763
 30
0.0
 11
7955.0
 21
17.450000763
 31
0.0
  0
LINE
  5
48C
100
AcDbEntity
  8
0
100
AcDbLine
 10
8070.0
 20
32.450000763
 30
0.0
 11
7955.0
 21
32.450000763
 31
0.0
  0
TRACE
  5
48D
100
AcDbEntity
  8
0
100
AcDbTrace
 10
7965.0
 20
17.450000763
 30
0.0
 11
7961.666666667
 21
37.450000763
 31
0.0
 12
7968.333333333
 22
37.450000763
 32
0.0
 13
7968.333333333
 23
37.450000763
 33
0.0
  0
TRACE
  5
48E
100
AcDbEntity
  8
0
100
AcDbTrace
 10
7965.0
 20
32.450000763
 30
0.0
 11
7968.333333333
 21
12.450000763
 31
0.0
 12
7961.666666667
 22
12.450000763
 32
0.0
 13
7961.666666667
 23
12.450000763
 33
0.0
  0
LINE
  5
48F
100
AcDbEntity
  8
0
100
AcDbLine
 10
7965.0
 20
37.450000763
 30
0.0
 11
7965.0
 21
12.450000763
 31
0.0
  0
POINT
  5
490
100
AcDbEntity
  8
DEFPOINTS
  6
BYBLOCK
 62
     0
100
AcDbPoint
 10
8075.0
 20
17.450000763
 30
0.0
  0
POINT
  5
491
100
AcDbEntity
  8
DEFPOINTS
  6
BYBLOCK
 62
     0
100
AcDbPoint
 10
8075.0
 20
32.450000763
 30
0.0
  0
MTEXT
  5
492
100
AcDbEntity
  8
REGUA80
 62
     4
100
AcDbMText
 10
7955.0
 20
24.950000763
 30
0.0
 40
20.0
 41
0.0
 71
     8
 72
     1
  1
15
 50
90.0
  0
ENDBLK
  5
493
100
AcDbEntity
  8
0
100
AcDbBlockEnd
  0
BLOCK
  5
496
100
AcDbEntity
 67
     1
  8
0
100
AcDbBlockBegin
  2
*D32
 70
     0
 10
0.0
 20
0.0
 30
0.0
  3
*D32
  1

  0
LINE
  5
497
100
AcDbEntity
  8
0
100
AcDbLine
 10
8828.0
 20
182.449996948
 30
0.0
 11
9045.0
 21
182.449996948
 31
0.0
  0
LINE
  5
498
100
AcDbEntity
  8
0
100
AcDbLine
 10
8930.0
 20
17.450000763
 30
0.0
 11
9045.0
 21
17.450000763
 31
0.0
  0
TRACE
  5
499
100
AcDbEntity
  8
0
100
AcDbTrace
 10
9035.0
 20
182.449996948
 30
0.0
 11
9038.333333333
 21
162.449996948
 31
0.0
 12
9031.666666667
 22
162.449996948
 32
0.0
 13
9031.666666667
 23
162.449996948
 33
0.0
  0
TRACE
  5
49A
100
AcDbEntity
  8
0
100
AcDbTrace
 10
9035.0
 20
17.450000763
 30
0.0
 11
9031.666666667
 21
37.450000763
 31
0.0
 12
9038.333333333
 22
37.450000763
 32
0.0
 13
9038.333333333
 23
37.450000763
 33
0.0
  0
LINE
  5
49B
100
AcDbEntity
  8
0
100
AcDbLine
 10
9035.0
 20
162.449996948
 30
0.0
 11
9035.0
 21
37.450000763
 31
0.0
  0
POINT
  5
49C
100
AcDbEntity
  8
DEFPOINTS
  6
BYBLOCK
 62
     0
100
AcDbPoint
 10
8823.0
 20
182.449996948
 30
0.0
  0
POINT
  5
49D
100
AcDbEntity
  8
DEFPOINTS
  6
BYBLOCK
 62
     0
100
AcDbPoint
 10
8925.0
 20
17.450000763
 30
0.0
  0
MTEXT
  5
49E
100
AcDbEntity
  8
REGUA80
 62
     4
100
AcDbMText
 10
9025.0
 20
99.949998856
 30
0.0
 40
20.0
 41
0.0
 71
     8
 72
     1
  1
165
 50
90.0
  0
ENDBLK
  5
49F
100
AcDbEntity
  8
0
100
AcDbBlockEnd
  0
BLOCK
  5
4A7
100
AcDbEntity
 67
     1
  8
0
100
AcDbBlockBegin
  2
*D33
 70
     0
 10
0.0
 20
0.0
 30
0.0
  3
*D33
  1

  0
LINE
  5
4A8
100
AcDbEntity
  8
0
100
AcDbLine
 10
8554.799804688
 20
-3017.550048828
 30
0.0
 11
8669.799804688
 21
-3017.550048828
 31
0.0
  0
LINE
  5
4A9
100
AcDbEntity
  8
0
100
AcDbLine
 10
8554.799804688
 20
-3182.550048828
 30
0.0
 11
8669.799804688
 21
-3182.550048828
 31
0.0
  0
TRACE
  5
4AA
100
AcDbEntity
  8
0
100
AcDbTrace
 10
8659.799804688
 20
-3017.550048828
 30
0.0
 11
8663.133138021
 21
-3037.550048828
 31
0.0
 12
8656.466471354
 22
-3037.550048828
 32
0.0
 13
8656.466471354
 23
-3037.550048828
 33
0.0
  0
TRACE
  5
4AB
100
AcDbEntity
  8
0
100
AcDbTrace
 10
8659.799804688
 20
-3182.550048828
 30
0.0
 11
8656.466471354
 21
-3162.550048828
 31
0.0
 12
8663.133138021
 22
-3162.550048828
 32
0.0
 13
8663.133138021
 23
-3162.550048828
 33
0.0
  0
LINE
  5
4AC
100
AcDbEntity
  8
0
100
AcDbLine
 10
8659.799804688
 20
-3037.550048828
 30
0.0
 11
8659.799804688
 21
-3162.550048828
 31
0.0
  0
POINT
  5
4AD
100
AcDbEntity
  8
DEFPOINTS
  6
BYBLOCK
 62
     0
100
AcDbPoint
 10
8549.799804688
 20
-3017.550048828
 30
0.0
  0
POINT
  5
4AE
100
AcDbEntity
  8
DEFPOINTS
  6
BYBLOCK
 62
     0
100
AcDbPoint
 10
8549.799804688
 20
-3182.550048828
 30
0.0
  0
MTEXT
  5
4AF
100
AcDbEntity
  8
REGUA80
 62
     4
100
AcDbMText
 10
8649.799804688
 20
-3100.050048828
 30
0.0
 40
20.0
 41
0.0
 71
     8
 72
     1
  1
165
 50
90.0
  0
ENDBLK
  5
4B0
100
AcDbEntity
  8
0
100
AcDbBlockEnd
  0
BLOCK
  5
4B3
100
AcDbEntity
 67
     1
  8
0
100
AcDbBlockBegin
  2
*D34
 70
     0
 10
0.0
 20
0.0
 30
0.0
  3
*D34
  1

  0
LINE
  5
4B4
100
AcDbEntity
  8
0
100
AcDbLine
 10
8549.799804688
 20
-3187.550048828
 30
0.0
 11
8549.799804688
 21
-3302.550048828
 31
0.0
  0
LINE
  5
4B5
100
AcDbEntity
  8
0
100
AcDbLine
 10
8450.0
 20
-3187.550048828
 30
0.0
 11
8450.0
 21
-3302.550048828
 31
0.0
  0
TRACE
  5
4B6
100
AcDbEntity
  8
0
100
AcDbTrace
 10
8549.799804688
 20
-3292.550048828
 30
0.0
 11
8529.799804688
 21
-3295.883382161
 31
0.0
 12
8529.799804688
 22
-3289.216715495
 32
0.0
 13
8529.799804688
 23
-3289.216715495
 33
0.0
  0
TRACE
  5
4B7
100
AcDbEntity
  8
0
100
AcDbTrace
 10
8450.0
 20
-3292.550048828
 30
0.0
 11
8470.0
 21
-3289.216715495
 31
0.0
 12
8470.0
 22
-3295.883382161
 32
0.0
 13
8470.0
 23
-3295.883382161
 33
0.0
  0
LINE
  5
4B8
100
AcDbEntity
  8
0
100
AcDbLine
 10
8529.799804688
 20
-3292.550048828
 30
0.0
 11
8470.0
 21
-3292.550048828
 31
0.0
  0
MTEXT
  5
4B9
100
AcDbEntity
  8
REGUA80
 62
     4
100
AcDbMText
 10
8499.899902344
 20
-3282.550048828
 30
0.0
 40
20.0
 41
0.0
 71
     8
 72
     1
  1
100
 50
0.0
  0
POINT
  5
4BA
100
AcDbEntity
  8
DEFPOINTS
 62
     0
100
AcDbPoint
 10
8549.799804688
 20
-3182.550048828
 30
0.0
  0
POINT
  5
4BB
100
AcDbEntity
  8
DEFPOINTS
 62
     0
100
AcDbPoint
 10
8450.0
 20
-3182.550048828
 30
0.0
  0
POINT
  5
4BC
100
AcDbEntity
  8
DEFPOINTS
 62
     0
100
AcDbPoint
 10
8499.899902344
 20
-3282.550048828
 30
0.0
  0
ENDBLK
  5
4BD
100
AcDbEntity
  8
0
100
AcDbBlockEnd
  0
BLOCK
  5
4C0
100
AcDbEntity
 67
     1
  8
0
100
AcDbBlockBegin
  2
*D35
 70
     0
 10
0.0
 20
0.0
 30
0.0
  3
*D35
  1

  0
LINE
  5
4C1
100
AcDbEntity
  8
0
100
AcDbLine
 10
8445.0
 20
-3182.550048828
 30
0.0
 11
8330.0
 21
-3182.550048828
 31
0.0
  0
LINE
  5
4C2
100
AcDbEntity
  8
0
100
AcDbLine
 10
8445.0
 20
-3167.550048828
 30
0.0
 11
8330.0
 21
-3167.550048828
 31
0.0
  0
TRACE
  5
4C3
100
AcDbEntity
  8
0
100
AcDbTrace
 10
8340.0
 20
-3182.550048828
 30
0.0
 11
8336.666666667
 21
-3162.550048828
 31
0.0
 12
8343.333333333
 22
-3162.550048828
 32
0.0
 13
8343.333333333
 23
-3162.550048828
 33
0.0
  0
TRACE
  5
4C4
100
AcDbEntity
  8
0
100
AcDbTrace
 10
8340.0
 20
-3167.550048828
 30
0.0
 11
8343.333333333
 21
-3187.550048828
 31
0.0
 12
8336.666666667
 22
-3187.550048828
 32
0.0
 13
8336.666666667
 23
-3187.550048828
 33
0.0
  0
LINE
  5
4C5
100
AcDbEntity
  8
0
100
AcDbLine
 10
8340.0
 20
-3162.550048828
 30
0.0
 11
8340.0
 21
-3187.550048828
 31
0.0
  0
POINT
  5
4C6
100
AcDbEntity
  8
DEFPOINTS
  6
BYBLOCK
 62
     0
100
AcDbPoint
 10
8450.0
 20
-3182.550048828
 30
0.0
  0
POINT
  5
4C7
100
AcDbEntity
  8
DEFPOINTS
  6
BYBLOCK
 62
     0
100
AcDbPoint
 10
8450.0
 20
-3167.550048828
 30
0.0
  0
MTEXT
  5
4C8
100
AcDbEntity
  8
REGUA80
 62
     4
100
AcDbMText
 10
8330.0
 20
-3175.050048828
 30
0.0
 40
20.0
 41
0.0
 71
     8
 72
     1
  1
15
 50
90.0
  0
ENDBLK
  5
4C9
100
AcDbEntity
  8
0
100
AcDbBlockEnd
  0
ENDSEC
  0
SECTION
  2
ENTITIES
  0
MTEXT
  5
1ED
100
AcDbEntity
  8
REGUA120
 62
     2
100
AcDbMText
 10
-1062.5
 20
1689.9194
 30
0.0
 40
38.0
 41
0.0
 71
     7
 72
     1
  1
DET. DA BASE DOS PILARES
 50
0.0
  0
MTEXT
  5
1EE
100
AcDbEntity
  8
REGUA80
 62
     4
100
AcDbMText
 10
-1062.2535
 20
1643.7381
 30
0.0
 40
20.0
 41
0.0
 71
     7
 72
     1
  1
ESC.: 1:10
 50
0.0
  0
MTEXT
  5
1EF
100
AcDbEntity
  8
REGUA120
 62
     2
100
AcDbMText
 10
-5312.5
 20
-660.0806
 30
0.0
 40
38.0
 41
0.0
 71
     7
 72
     1
  1
CHUMBADOR %%c25 L=1200mm
 50
0.0
  0
MTEXT
  5
1F0
100
AcDbEntity
  8
REGUA80
 62
     4
100
AcDbMText
 10
-5312.2535
 20
-706.2619
 30
0.0
 40
20.0
 41
0.0
 71
     7
 72
     1
  1
A 36
 50
0.0
  0
LWPOLYLINE
  5
1F1
100
AcDbEntity
  8
PERFIL
100
AcDbPolyline
 90
        4
 70
     1
 43
0.0
 10
-4237.300000191
 20
-1400.0
 10
-4237.300000191
 20
-2600.0
 10
-4262.699999809
 20
-2600.0
 10
-4262.699999809
 20
-1400.0
  0
LINE
  5
1F2
100
AcDbEntity
  8
PERFIL
100
AcDbLine
 10
-4256.349999905
 20
-1600.0
 30
0.0
 11
-4256.349999905
 21
-1400.0
 31
0.0
  0
LINE
  5
1F3
100
AcDbEntity
  8
PERFIL
100
AcDbLine
 10
-4243.650000095
 20
-1600.0
 30
0.0
 11
-4243.650000095
 21
-1400.0
 31
0.0
  0
LINE
  5
1F4
100
AcDbEntity
  8
PERFIL
100
AcDbLine
 10
-4262.699999809
 20
-1600.0
 30
0.0
 11
-4237.300000191
 21
-1600.0
 31
0.0
  0
LINE
  5
1F5
100
AcDbEntity
  8
PERFIL
100
AcDbLine
 10
-4256.349999905
 20
-2550.0
 30
0.0
 11
-4256.349999905
 21
-2600.0
 31
0.0
  0
LINE
  5
1F6
100
AcDbEntity
  8
PERFIL
100
AcDbLine
 10
-4243.650000095
 20
-2550.0
 30
0.0
 11
-4243.650000095
 21
-2600.0
 31
0.0
  0
LINE
  5
1F7
100
AcDbEntity
  8
PERFIL
100
AcDbLine
 10
-4262.699999809
 20
-2550.0
 30
0.0
 11
-4237.300000191
 21
-2550.0
 31
0.0
  0
LWPOLYLINE
  5
1F8
100
AcDbEntity
  8
EIXO
100
AcDbPolyline
 90
        2
 70
     0
 43
0.0
 10
-4250.0
 20
-1222.20000267
 10
-4250.0
 20
-2676.199998856
  0
ARC
  5
1F9
100
AcDbEntity
  8
CHU-CHUMBADOR
  6
CONTINUOUS
100
AcDbCircle
 10
-4244.002775469
 20
-1359.169891497
 30
0.0
 40
14.79511372
100
AcDbArc
 50
270.0
 51
293.913168486
  0
ARC
  5
1FA
100
AcDbEntity
  8
CHU-CHUMBADOR
  6
CONTINUOUS
100
AcDbCircle
 10
-4244.002775469
 20
-1364.630109648
 30
0.0
 40
14.79511372
100
AcDbArc
 50
66.086831514
 51
90.0
  0
LINE
  5
1FB
100
AcDbEntity
  8
CHU-CHUMBADOR
100
AcDbLine
 10
-4267.991673593
 20
-1373.965005217
 30
0.0
 11
-4232.008326407
 21
-1373.965005217
 31
0.0
  0
LINE
  5
1FC
100
AcDbEntity
  8
CHU-CHUMBADOR
100
AcDbLine
 10
-4267.991673593
 20
-1349.834995927
 30
0.0
 11
-4232.008326407
 21
-1349.834995927
 31
0.0
  0
ARC
  5
1FD
100
AcDbEntity
  8
CHU-CHUMBADOR
  6
CONTINUOUS
100
AcDbCircle
 10
-4255.997224531
 20
-1359.169891497
 30
0.0
 40
14.79511372
100
AcDbArc
 50
246.086831514
 51
270.0
  0
ARC
  5
1FE
100
AcDbEntity
  8
CHU-CHUMBADOR
  6
CONTINUOUS
100
AcDbCircle
 10
-4267.991673593
 20
-1359.169891497
 30
0.0
 40
14.79511372
100
AcDbArc
 50
246.086831514
 51
293.913168486
  0
LINE
  5
1FF
100
AcDbEntity
  8
CHU-CHUMBADOR
100
AcDbLine
 10
-4273.988898124
 20
-1372.695004728
 30
0.0
 11
-4273.988898124
 21
-1351.104996416
 31
0.0
  0
LINE
  5
200
100
AcDbEntity
  8
CHU-CHUMBADOR
100
AcDbLine
 10
-4261.994449062
 20
-1372.695004728
 30
0.0
 11
-4261.994449062
 21
-1351.104996416
 31
0.0
  0
ARC
  5
201
100
AcDbEntity
  8
CHU-CHUMBADOR
  6
CONTINUOUS
100
AcDbCircle
 10
-4267.991673593
 20
-1364.630109648
 30
0.0
 40
14.79511372
100
AcDbArc
 50
66.086831514
 51
113.913168486
  0
ARC
  5
202
100
AcDbEntity
  8
CHU-CHUMBADOR
  6
CONTINUOUS
100
AcDbCircle
 10
-4255.997224531
 20
-1364.630109648
 30
0.0
 40
14.79511372
100
AcDbArc
 50
90.0
 51
113.913168486
  0
ARC
  5
203
100
AcDbEntity
  8
CHU-CHUMBADOR
  6
CONTINUOUS
100
AcDbCircle
 10
-4232.008326407
 20
-1359.169891497
 30
0.0
 40
14.79511372
100
AcDbArc
 50
246.086831514
 51
293.913168486
  0
LINE
  5
204
100
AcDbEntity
  8
CHU-CHUMBADOR
100
AcDbLine
 10
-4238.005550938
 20
-1372.695004728
 30
0.0
 11
-4238.005550938
 21
-1351.104996416
 31
0.0
  0
LINE
  5
205
100
AcDbEntity
  8
CHU-CHUMBADOR
100
AcDbLine
 10
-4226.011101876
 20
-1372.695004728
 30
0.0
 11
-4226.011101876
 21
-1351.104996416
 31
0.0
  0
ARC
  5
206
100
AcDbEntity
  8
CHU-CHUMBADOR
  6
CONTINUOUS
100
AcDbCircle
 10
-4232.008326407
 20
-1364.630109648
 30
0.0
 40
14.79511372
100
AcDbArc
 50
66.086831514
 51
113.913168486
  0
LWPOLYLINE
  5
207
100
AcDbEntity
  8
CHU-CHUMBADOR
100
AcDbPolyline
 90
        4
 70
     1
 43
0.0
 10
-4279.209999561
 20
-1337.770000935
 10
-4220.790000439
 20
-1337.770000935
 10
-4220.790000439
 20
-1335.230000973
 10
-4279.209999561
 20
-1335.230000973
  0
ARC
  5
208
100
AcDbEntity
  8
CHU-CHUMBADOR
  6
CONTINUOUS
100
AcDbCircle
 10
-4244.002775469
 20
-1308.369892259
 30
0.0
 40
14.79511372
100
AcDbArc
 50
270.0
 51
293.913168486
  0
ARC
  5
209
100
AcDbEntity
  8
CHU-CHUMBADOR
  6
CONTINUOUS
100
AcDbCircle
 10
-4244.002775469
 20
-1313.830110411
 30
0.0
 40
14.79511372
100
AcDbArc
 50
66.086831514
 51
90.0
  0
LINE
  5
20A
100
AcDbEntity
  8
CHU-CHUMBADOR
100
AcDbLine
 10
-4267.991673593
 20
-1323.16500598
 30
0.0
 11
-4232.008326407
 21
-1323.16500598
 31
0.0
  0
LINE
  5
20B
100
AcDbEntity
  8
CHU-CHUMBADOR
100
AcDbLine
 10
-4267.991673593
 20
-1299.03499669
 30
0.0
 11
-4232.008326407
 21
-1299.03499669
 31
0.0
  0
ARC
  5
20C
100
AcDbEntity
  8
CHU-CHUMBADOR
  6
CONTINUOUS
100
AcDbCircle
 10
-4255.997224531
 20
-1308.369892259
 30
0.0
 40
14.79511372
100
AcDbArc
 50
246.086831514
 51
270.0
  0
ARC
  5
20D
100
AcDbEntity
  8
CHU-CHUMBADOR
  6
CONTINUOUS
100
AcDbCircle
 10
-4267.991673593
 20
-1308.369892259
 30
0.0
 40
14.79511372
100
AcDbArc
 50
246.086831514
 51
293.913168486
  0
LINE
  5
20E
100
AcDbEntity
  8
CHU-CHUMBADOR
100
AcDbLine
 10
-4273.988898124
 20
-1321.895005491
 30
0.0
 11
-4273.988898124
 21
-1300.304997179
 31
0.0
  0
LINE
  5
20F
100
AcDbEntity
  8
CHU-CHUMBADOR
100
AcDbLine
 10
-4261.994449062
 20
-1321.895005491
 30
0.0
 11
-4261.994449062
 21
-1300.304997179
 31
0.0
  0
ARC
  5
210
100
AcDbEntity
  8
CHU-CHUMBADOR
  6
CONTINUOUS
100
AcDbCircle
 10
-4267.991673593
 20
-1313.830110411
 30
0.0
 40
14.79511372
100
AcDbArc
 50
66.086831514
 51
113.913168486
  0
ARC
  5
211
100
AcDbEntity
  8
CHU-CHUMBADOR
  6
CONTINUOUS
100
AcDbCircle
 10
-4255.997224531
 20
-1313.830110411
 30
0.0
 40
14.79511372
100
AcDbArc
 50
90.0
 51
113.913168486
  0
ARC
  5
212
100
AcDbEntity
  8
CHU-CHUMBADOR
  6
CONTINUOUS
100
AcDbCircle
 10
-4232.008326407
 20
-1308.369892259
 30
0.0
 40
14.79511372
100
AcDbArc
 50
246.086831514
 51
293.913168486
  0
LINE
  5
213
100
AcDbEntity
  8
CHU-CHUMBADOR
100
AcDbLine
 10
-4238.005550938
 20
-1321.895005491
 30
0.0
 11
-4238.005550938
 21
-1300.304997179
 31
0.0
  0
LINE
  5
214
100
AcDbEntity
  8
CHU-CHUMBADOR
100
AcDbLine
 10
-4226.011101876
 20
-1321.895005491
 30
0.0
 11
-4226.011101876
 21
-1300.304997179
 31
0.0
  0
ARC
  5
215
100
AcDbEntity
  8
CHU-CHUMBADOR
  6
CONTINUOUS
100
AcDbCircle
 10
-4232.008326407
 20
-1313.830110411
 30
0.0
 40
14.79511372
100
AcDbArc
 50
66.086831514
 51
113.913168486
  0
ARC
  5
216
100
AcDbEntity
  8
CHU-CHUMBADOR
  6
CONTINUOUS
100
AcDbCircle
 10
-4244.002775469
 20
-1257.569893022
 30
0.0
 40
14.79511372
100
AcDbArc
 50
270.0
 51
293.913168486
  0
ARC
  5
217
100
AcDbEntity
  8
CHU-CHUMBADOR
  6
CONTINUOUS
100
AcDbCircle
 10
-4244.002775469
 20
-1263.030111174
 30
0.0
 40
14.79511372
100
AcDbArc
 50
66.086831514
 51
90.0
  0
LINE
  5
218
100
AcDbEntity
  8
CHU-CHUMBADOR
100
AcDbLine
 10
-4267.991673593
 20
-1272.365006743
 30
0.0
 11
-4232.008326407
 21
-1272.365006743
 31
0.0
  0
LINE
  5
219
100
AcDbEntity
  8
CHU-CHUMBADOR
100
AcDbLine
 10
-4267.991673593
 20
-1248.234997453
 30
0.0
 11
-4232.008326407
 21
-1248.234997453
 31
0.0
  0
ARC
  5
21A
100
AcDbEntity
  8
CHU-CHUMBADOR
  6
CONTINUOUS
100
AcDbCircle
 10
-4255.997224531
 20
-1257.569893022
 30
0.0
 40
14.79511372
100
AcDbArc
 50
246.086831514
 51
270.0
  0
ARC
  5
21B
100
AcDbEntity
  8
CHU-CHUMBADOR
  6
CONTINUOUS
100
AcDbCircle
 10
-4267.991673593
 20
-1257.569893022
 30
0.0
 40
14.79511372
100
AcDbArc
 50
246.086831514
 51
293.913168486
  0
LINE
  5
21C
100
AcDbEntity
  8
CHU-CHUMBADOR
100
AcDbLine
 10
-4273.988898124
 20
-1271.095006254
 30
0.0
 11
-4273.988898124
 21
-1249.504997942
 31
0.0
  0
LINE
  5
21D
100
AcDbEntity
  8
CHU-CHUMBADOR
100
AcDbLine
 10
-4261.994449062
 20
-1271.095006254
 30
0.0
 11
-4261.994449062
 21
-1249.504997942
 31
0.0
  0
ARC
  5
21E
100
AcDbEntity
  8
CHU-CHUMBADOR
  6
CONTINUOUS
100
AcDbCircle
 10
-4267.991673593
 20
-1263.030111174
 30
0.0
 40
14.79511372
100
AcDbArc
 50
66.086831514
 51
113.913168486
  0
ARC
  5
21F
100
AcDbEntity
  8
CHU-CHUMBADOR
  6
CONTINUOUS
100
AcDbCircle
 10
-4255.997224531
 20
-1263.030111174
 30
0.0
 40
14.79511372
100
AcDbArc
 50
90.0
 51
113.913168486
  0
ARC
  5
220
100
AcDbEntity
  8
CHU-CHUMBADOR
  6
CONTINUOUS
100
AcDbCircle
 10
-4232.008326407
 20
-1257.569893022
 30
0.0
 40
14.79511372
100
AcDbArc
 50
246.086831514
 51
293.913168486
  0
LINE
  5
221
100
AcDbEntity
  8
CHU-CHUMBADOR
100
AcDbLine
 10
-4238.005550938
 20
-1271.095006254
 30
0.0
 11
-4238.005550938
 21
-1249.504997942
 31
0.0
  0
LINE
  5
222
100
AcDbEntity
  8
CHU-CHUMBADOR
100
AcDbLine
 10
-4226.011101876
 20
-1271.095006254
 30
0.0
 11
-4226.011101876
 21
-1249.504997942
 31
0.0
  0
ARC
  5
223
100
AcDbEntity
  8
CHU-CHUMBADOR
  6
CONTINUOUS
100
AcDbCircle
 10
-4232.008326407
 20
-1263.030111174
 30
0.0
 40
14.79511372
100
AcDbArc
 50
66.086831514
 51
113.913168486
  0
LINE
  5
224
100
AcDbEntity
  8
0
100
AcDbLine
 10
-4432.879997253
 20
-1620.0
 30
0.0
 11
-4067.120002747
 21
-1620.0
 31
0.0
  0
HATCH
  5
225
100
AcDbEntity
  8
0
100
AcDbHatch
 10
0.0
 20
0.0
 30
0.0
210
0.0
220
0.0
230
1.0
  2
ANSI31
 70
     0
 71
     0
 91
     1
 92
     1
 93
     4
 72
     1
 10
-4432.879997253
 20
-1620.0
 11
-4432.879997253
 21
-1635.0
 72
     1
 10
-4432.879997253
 20
-1635.0
 11
-4265.199999809
 21
-1635.0
 72
     1
 10
-4265.199999809
 20
-1635.0
 11
-4265.199999809
 21
-1620.0
 72
     1
 10
-4265.199999809
 20
-1620.0
 11
-4432.879997253
 21
-1620.0
 97
     0
 75
     0
 76
     1
 52
0.0
 41
1.0
 77
     0
 78
     1
 53
45.0
 43
0.0
 44
0.0
 45
-2.24506403
 46
2.24506403
 79
     0
 98
     1
 10
0.0
 20
0.0
  0
HATCH
  5
226
100
AcDbEntity
  8
0
100
AcDbHatch
 10
0.0
 20
0.0
 30
0.0
210
0.0
220
0.0
230
1.0
  2
ANSI31
 70
     0
 71
     0
 91
     1
 92
     1
 93
     4
 72
     1
 10
-4067.120002747
 20
-1620.0
 11
-4067.120002747
 21
-1635.0
 72
     1
 10
-4067.120002747
 20
-1635.0
 11
-4234.800000191
 21
-1635.0
 72
     1
 10
-4234.800000191
 20
-1635.0
 11
-4234.800000191
 21
-1620.0
 72
     1
 10
-4234.800000191
 20
-1620.0
 11
-4067.120002747
 21
-1620.0
 97
     0
 75
     0
 76
     1
 52
0.0
 41
1.0
 77
     0
 78
     1
 53
45.0
 43
0.0
 44
0.0
 45
-2.24506403
 46
2.24506403
 79
     0
 98
     1
 10
0.0
 20
0.0
  0
TRACE
  5
227
100
AcDbEntity
  8
0
100
AcDbTrace
 10
-4092.520002365
 20
-1620.0
 30
0.0
 11
-4096.686669032
 21
-1595.0
 31
0.0
 12
-4088.353335698
 22
-1595.0
 32
0.0
 13
-4088.353335698
 23
-1595.0
 33
0.0
  0
MTEXT
  5
228
100
AcDbEntity
  8
0
 62
     4
100
AcDbMText
 10
-4072.520002365
 20
-1497.5
 30
0.0
 40
25.0
 41
0.0
 71
     7
 72
     1
  1
TOPO DO CONCRETO BRUTO
 50
0.0
  0
LWPOLYLINE
  5
229
100
AcDbEntity
  8
0
100
AcDbPolyline
 90
        3
 70
     0
 43
0.0
 10
-4092.520002365
 20
-1595.0
 10
-4092.520002365
 20
-1510.0
 10
-4001.020663261
 20
-1510.0
  0
DIMENSION
  5
235
100
AcDbEntity
  8
0
100
AcDbDimension
  2
*D0
 10
-4555.579997063
 20
-1600.0
 30
0.0
 11
-4555.579997063
 21
-2100.0
 31
0.0
 70
   160
 42
1000.0
  1
1000
  3
ISO-25
100
AcDbAlignedDimension
 13
-4262.699999809
 23
-2600.0
 33
0.0
 14
-4262.699999809
 24
-1600.0
 34
0.0
 50
90.0
100
AcDbRotatedDimension
1001
ACAD
1000
DSTYLE
1002
{
1070
    41
1040
20.0
1070
   147
1040
10.0
1070
   140
1040
20
1002
}
  0
DIMENSION
  5
241
100
AcDbEntity
  8
0
100
AcDbDimension
  2
*D1
 10
-4555.579997063
 20
-1400.0
 30
0.0
 11
-4555.579997063
 21
-1500.0
 31
0.0
 70
   160
 42
200.0
  1
200
  3
ISO-25
100
AcDbAlignedDimension
 13
-4262.699999809
 23
-1600.0
 33
0.0
 14
-4262.699999809
 24
-1400.0
 34
0.0
 50
90.0
100
AcDbRotatedDimension
1001
ACAD
1000
DSTYLE
1002
{
1070
    41
1040
20.0
1070
   147
1040
10.0
1070
   140
1040
20
1002
}
  0
DIMENSION
  5
24D
100
AcDbEntity
  8
0
100
AcDbDimension
  2
*D2
 10
-4625.579997063
 20
-1400.0
 30
0.0
 11
-4625.579997063
 21
-2000.0
 31
0.0
 70
   160
 42
1200.0
  1
1200
  3
ISO-25
100
AcDbAlignedDimension
 13
-4262.699999809
 23
-2600.0
 33
0.0
 14
-4262.699999809
 24
-1400.0
 34
0.0
 50
90.0
100
AcDbRotatedDimension
1001
ACAD
1000
DSTYLE
1002
{
1070
    41
1040
20.0
1070
   147
1040
10.0
1070
   140
1040
20
1002
}
  0
ARC
  5
24E
100
AcDbEntity
  8
CHU-CHUMBADOR
  6
CONTINUOUS
100
AcDbCircle
 10
-4244.002775469
 20
-2635.369890352
 30
0.0
 40
14.79511372
100
AcDbArc
 50
270.0
 51
293.913168486
  0
ARC
  5
24F
100
AcDbEntity
  8
CHU-CHUMBADOR
  6
CONTINUOUS
100
AcDbCircle
 10
-4244.002775469
 20
-2640.830108503
 30
0.0
 40
14.79511372
100
AcDbArc
 50
66.086831514
 51
90.0
  0
LINE
  5
250
100
AcDbEntity
  8
CHU-CHUMBADOR
100
AcDbLine
 10
-4267.991673593
 20
-2650.165004073
 30
0.0
 11
-4232.008326407
 21
-2650.165004073
 31
0.0
  0
LINE
  5
251
100
AcDbEntity
  8
CHU-CHUMBADOR
100
AcDbLine
 10
-4267.991673593
 20
-2626.034994783
 30
0.0
 11
-4232.008326407
 21
-2626.034994783
 31
0.0
  0
ARC
  5
252
100
AcDbEntity
  8
CHU-CHUMBADOR
  6
CONTINUOUS
100
AcDbCircle
 10
-4255.997224531
 20
-2635.369890352
 30
0.0
 40
14.79511372
100
AcDbArc
 50
246.086831514
 51
270.0
  0
ARC
  5
253
100
AcDbEntity
  8
CHU-CHUMBADOR
  6
CONTINUOUS
100
AcDbCircle
 10
-4267.991673593
 20
-2635.369890352
 30
0.0
 40
14.79511372
100
AcDbArc
 50
246.086831514
 51
293.913168486
  0
LINE
  5
254
100
AcDbEntity
  8
CHU-CHUMBADOR
100
AcDbLine
 10
-4273.988898124
 20
-2648.895003584
 30
0.0
 11
-4273.988898124
 21
-2627.304995272
 31
0.0
  0
LINE
  5
255
100
AcDbEntity
  8
CHU-CHUMBADOR
100
AcDbLine
 10
-4261.994449062
 20
-2648.895003584
 30
0.0
 11
-4261.994449062
 21
-2627.304995272
 31
0.0
  0
ARC
  5
256
100
AcDbEntity
  8
CHU-CHUMBADOR
  6
CONTINUOUS
100
AcDbCircle
 10
-4267.991673593
 20
-2640.830108503
 30
0.0
 40
14.79511372
100
AcDbArc
 50
66.086831514
 51
113.913168486
  0
ARC
  5
257
100
AcDbEntity
  8
CHU-CHUMBADOR
  6
CONTINUOUS
100
AcDbCircle
 10
-4255.997224531
 20
-2640.830108503
 30
0.0
 40
14.79511372
100
AcDbArc
 50
90.0
 51
113.913168486
  0
ARC
  5
258
100
AcDbEntity
  8
CHU-CHUMBADOR
  6
CONTINUOUS
100
AcDbCircle
 10
-4232.008326407
 20
-2635.369890352
 30
0.0
 40
14.79511372
100
AcDbArc
 50
246.086831514
 51
293.913168486
  0
LINE
  5
259
100
AcDbEntity
  8
CHU-CHUMBADOR
100
AcDbLine
 10
-4238.005550938
 20
-2648.895003584
 30
0.0
 11
-4238.005550938
 21
-2627.304995272
 31
0.0
  0
LINE
  5
25A
100
AcDbEntity
  8
CHU-CHUMBADOR
100
AcDbLine
 10
-4226.011101876
 20
-2648.895003584
 30
0.0
 11
-4226.011101876
 21
-2627.304995272
 31
0.0
  0
ARC
  5
25B
100
AcDbEntity
  8
CHU-CHUMBADOR
  6
CONTINUOUS
100
AcDbCircle
 10
-4232.008326407
 20
-2640.830108503
 30
0.0
 40
14.79511372
100
AcDbArc
 50
66.086831514
 51
113.913168486
  0
TRACE
  5
25C
100
AcDbEntity
  8
0
100
AcDbTrace
 10
-4226.011101876
 20
-2638.099999428
 30
0.0
 11
-4211.279710601
 21
-2617.476051643
 31
0.0
 12
-4205.387154091
 22
-2623.368608153
 32
0.0
 13
-4205.387154091
 23
-2623.368608153
 33
0.0
  0
MTEXT
  5
25D
100
AcDbEntity
  8
0
 62
     4
100
AcDbMText
 10
-4116.011101876
 20
-2528.099999428
 30
0.0
 40
25.0
 41
0.0
 71
     4
 72
     1
  1
PORCA\P%%c25
 50
0.0
  0
LWPOLYLINE
  5
25E
100
AcDbEntity
  8
0
100
AcDbPolyline
 90
        3
 70
     0
 43
0.0
 10
-4208.333432346
 20
-2620.422329898
 10
-4116.011101876
 20
-2528.099999428
 10
-4037.26125208
 20
-2528.099999428
  0
TRACE
  5
25F
100
AcDbEntity
  8
0
100
AcDbTrace
 10
-4262.699999809
 20
-2100.0
 30
0.0
 11
-4287.699999809
 21
-2104.166666667
 31
0.0
 12
-4287.699999809
 22
-2095.833333333
 32
0.0
 13
-4287.699999809
 23
-2095.833333333
 33
0.0
  0
MTEXT
  5
260
100
AcDbEntity
  8
0
 62
     4
100
AcDbMText
 10
-4422.699999809
 20
-2087.5
 30
0.0
 40
25.0
 41
0.0
 71
     9
 72
     1
  1
%%c25
 50
0.0
  0
LWPOLYLINE
  5
261
100
AcDbEntity
  8
0
100
AcDbPolyline
 90
        3
 70
     0
 43
0.0
 10
-4287.699999809
 20
-2100.0
 10
-4332.699999809
 20
-2100.0
 10
-4409.949909687
 20
-2100.0
  0
TRACE
  5
262
100
AcDbEntity
  8
0
100
AcDbTrace
 10
-4226.011101876
 20
-1361.900000572
 30
0.0
 11
-4211.279710601
 21
-1341.276052788
 31
0.0
 12
-4205.387154091
 22
-1347.168609297
 32
0.0
 13
-4205.387154091
 23
-1347.168609297
 33
0.0
  0
MTEXT
  5
263
100
AcDbEntity
  8
0
 62
     4
100
AcDbMText
 10
-4116.011101876
 20
-1251.900000572
 30
0.0
 40
25.0
 41
0.0
 71
     4
 72
     1
  1
PORCA E CONTRA-PORCA\P%%c25
 50
0.0
  0
LWPOLYLINE
  5
264
100
AcDbEntity
  8
0
100
AcDbPolyline
 90
        3
 70
     0
 43
0.0
 10
-4208.333432346
 20
-1344.222331043
 10
-4116.011101876
 20
-1251.900000572
 10
-4026.011702691
 20
-1251.900000572
  0
TRACE
  5
265
100
AcDbEntity
  8
0
100
AcDbTrace
 10
-4226.011101876
 20
-1311.100001335
 30
0.0
 11
-4205.971374754
 21
-1295.583221773
 31
0.0
 12
-4202.0221342
 22
-1302.921337573
 32
0.0
 13
-4202.0221342
 23
-1302.921337573
 33
0.0
  0
LWPOLYLINE
  5
266
100
AcDbEntity
  8
0
100
AcDbPolyline
 90
        2
 70
     0
 43
0.0
 10
-4203.996754477
 20
-1299.252279673
 10
-4116.011101876
 20
-1251.900000572
  0
TRACE
  5
267
100
AcDbEntity
  8
0
100
AcDbTrace
 10
-4226.011101876
 20
-1260.300002098
 30
0.0
 11
-4201.400935396
 21
-1254.241882181
 31
0.0
 12
-4200.766419016
 22
-1262.551023738
 32
0.0
 13
-4200.766419016
 23
-1262.551023738
 33
0.0
  0
LWPOLYLINE
  5
268
100
AcDbEntity
  8
0
100
AcDbPolyline
 90
        2
 70
     0
 43
0.0
 10
-4201.083677206
 20
-1258.396452959
 10
-4116.011101876
 20
-1251.900000572
  0
TRACE
  5
269
100
AcDbEntity
  8
0
100
AcDbTrace
 10
-4279.209999561
 20
-1336.500000954
 30
0.0
 11
-4299.833947346
 21
-1321.768609679
 31
0.0
 12
-4293.941390836
 22
-1315.876053169
 32
0.0
 13
-4293.941390836
 23
-1315.876053169
 33
0.0
  0
MTEXT
  5
26A
100
AcDbEntity
  8
0
 62
     4
100
AcDbMText
 10
-4479.209999561
 20
-1214.000000954
 30
0.0
 40
25.0
 41
0.0
 71
     9
 72
     1
  1
ARRUELA %%c25
 50
0.0
  0
LWPOLYLINE
  5
26B
100
AcDbEntity
  8
0
100
AcDbPolyline
 90
        3
 70
     0
 43
0.0
 10
-4296.887669091
 20
-1318.822331424
 10
-4389.209999561
 20
-1226.500000954
 10
-4472.459669113
 20
-1226.500000954
  0
LINE
  5
26C
100
AcDbEntity
  8
PERFIL
100
AcDbLine
 10
-308.0
 20
17.450000763
 30
0.0
 11
-308.0
 21
1062.5
 31
0.0
  0
LINE
  5
26D
100
AcDbEntity
  8
PERFIL
100
AcDbLine
 10
-286.399993896
 20
17.450000763
 30
0.0
 11
-286.399993896
 21
1062.5
 31
0.0
  0
LINE
  5
26E
100
AcDbEntity
  8
PERFIL
100
AcDbLine
 10
308.0
 20
17.450000763
 30
0.0
 11
308.0
 21
1062.5
 31
0.0
  0
LINE
  5
26F
100
AcDbEntity
  8
PERFIL
100
AcDbLine
 10
286.399993896
 20
17.450000763
 30
0.0
 11
286.399993896
 21
1062.5
 31
0.0
  0
LWPOLYLINE
  5
270
100
AcDbEntity
  8
EIXO
100
AcDbPolyline
 90
        6
 70
     0
 43
0.0
 10
-344.959991455
 20
1062.5
 10
-61.599998474
 20
1062.5
 10
-12.319999695
 20
1154.899902344
 10
12.319999695
 20
970.100036621
 10
61.599998474
 20
1062.5
 10
344.959991455
 20
1062.5
  0
LWPOLYLINE
  5
271
100
AcDbEntity
  8
FAB-CHAPA
100
AcDbPolyline
 90
        4
 70
     1
 43
0.0
 10
-425.0
 20
-17.450000763
 10
425.0
 20
-17.450000763
 10
425.0
 20
17.450000763
 10
-425.0
 20
17.450000763
  0
LWPOLYLINE
  5
272
100
AcDbEntity
  8
FAB-CHAPA
100
AcDbPolyline
 90
        6
 70
     1
 43
0.0
 10
425.0
 20
17.450000763
 10
425.0
 20
32.450000763
 10
323.0
 20
182.449996948
 10
-323.0
 20
182.449996948
 10
-425.0
 20
32.450000763
 10
-425.0
 20
17.450000763
  0
LWPOLYLINE
  5
273
100
AcDbEntity
  8
FAB-CHAPA
100
AcDbPolyline
 90
        4
 70
     1
 43
0.0
 10
295.299987793
 20
17.450000763
 10
308.0
 20
17.450000763
 10
308.0
 20
182.449996948
 10
295.299987793
 20
182.449996948
  0
LWPOLYLINE
  5
274
100
AcDbEntity
  8
FAB-CHAPA
100
AcDbPolyline
 90
        4
 70
     1
 43
0.0
 10
-308.0
 20
17.450000763
 10
-295.299987793
 20
17.450000763
 10
-295.299987793
 20
182.449996948
 10
-308.0
 20
182.449996948
  0
TRACE
  5
275
100
AcDbEntity
  8
0
 62
   255
100
AcDbTrace
 10
357.299987793
 20
-17.450000763
 30
0.0
 11
384.700012207
 21
-17.450000763
 31
0.0
 12
357.299987793
 22
17.450000763
 32
0.0
 13
384.700012207
 23
17.450000763
 33
0.0
  0
LWPOLYLINE
  5
276
100
AcDbEntity
  8
FAB-CHAPA
100
AcDbPolyline
 90
        4
 70
     1
 43
0.0
 10
357.299987793
 20
-17.450000763
 10
384.700012207
 20
-17.450000763
 10
384.700012207
 20
17.450000763
 10
357.299987793
 20
17.450000763
  0
LINE
  5
277
100
AcDbEntity
  8
EIXO
100
AcDbLine
 10
371.0
 20
-52.350002289
 30
0.0
 11
371.0
 21
52.350002289
 31
0.0
  0
TRACE
  5
278
100
AcDbEntity
  8
0
 62
   255
100
AcDbTrace
 10
-384.700012207
 20
-17.450000763
 30
0.0
 11
-357.299987793
 21
-17.450000763
 31
0.0
 12
-384.700012207
 22
17.450000763
 32
0.0
 13
-357.299987793
 23
17.450000763
 33
0.0
  0
LWPOLYLINE
  5
279
100
AcDbEntity
  8
FAB-CHAPA
100
AcDbPolyline
 90
        4
 70
     1
 43
0.0
 10
-384.700012207
 20
-17.450000763
 10
-357.299987793
 20
-17.450000763
 10
-357.299987793
 20
17.450000763
 10
-384.700012207
 20
17.450000763
  0
LINE
  5
27A
100
AcDbEntity
  8
EIXO
100
AcDbLine
 10
-371.0
 20
-52.350002289
 30
0.0
 11
-371.0
 21
52.350002289
 31
0.0
  0
TRACE
  5
27B
100
AcDbEntity
  8
0
 62
   255
100
AcDbTrace
 10
357.299987793
 20
-17.450000763
 30
0.0
 11
384.700012207
 21
-17.450000763
 31
0.0
 12
357.299987793
 22
17.450000763
 32
0.0
 13
384.700012207
 23
17.450000763
 33
0.0
  0
LWPOLYLINE
  5
27C
100
AcDbEntity
  8
FAB-CHAPA
100
AcDbPolyline
 90
        4
 70
     1
 43
0.0
 10
357.299987793
 20
-17.450000763
 10
384.700012207
 20
-17.450000763
 10
384.700012207
 20
17.450000763
 10
357.299987793
 20
17.450000763
  0
LINE
  5
27D
100
AcDbEntity
  8
EIXO
100
AcDbLine
 10
371.0
 20
-52.350002289
 30
0.0
 11
371.0
 21
52.350002289
 31
0.0
  0
TRACE
  5
27E
100
AcDbEntity
  8
0
 62
   255
100
AcDbTrace
 10
-384.700012207
 20
-17.450000763
 30
0.0
 11
-357.299987793
 21
-17.450000763
 31
0.0
 12
-384.700012207
 22
17.450000763
 32
0.0
 13
-357.299987793
 23
17.450000763
 33
0.0
  0
LWPOLYLINE
  5
27F
100
AcDbEntity
  8
FAB-CHAPA
100
AcDbPolyline
 90
        4
 70
     1
 43
0.0
 10
-384.700012207
 20
-17.450000763
 10
-357.299987793
 20
-17.450000763
 10
-357.299987793
 20
17.450000763
 10
-384.700012207
 20
17.450000763
  0
LINE
  5
280
100
AcDbEntity
  8
EIXO
100
AcDbLine
 10
-371.0
 20
-52.350002289
 30
0.0
 11
-371.0
 21
52.350002289
 31
0.0
  0
TRACE
  5
281
100
AcDbEntity
  8
0
 62
   255
100
AcDbTrace
 10
-384.700012207
 20
-17.450000763
 30
0.0
 11
-357.299987793
 21
-17.450000763
 31
0.0
 12
-384.700012207
 22
17.450000763
 32
0.0
 13
-357.299987793
 23
17.450000763
 33
0.0
  0
LWPOLYLINE
  5
282
100
AcDbEntity
  8
FAB-CHAPA
100
AcDbPolyline
 90
        4
 70
     1
 43
0.0
 10
-384.700012207
 20
-17.450000763
 10
-357.299987793
 20
-17.450000763
 10
-357.299987793
 20
17.450000763
 10
-384.700012207
 20
17.450000763
  0
LINE
  5
283
100
AcDbEntity
  8
EIXO
100
AcDbLine
 10
-371.0
 20
-52.350002289
 30
0.0
 11
-371.0
 21
52.350002289
 31
0.0
  0
TRACE
  5
284
100
AcDbEntity
  8
0
 62
   255
100
AcDbTrace
 10
357.299987793
 20
-17.450000763
 30
0.0
 11
384.700012207
 21
-17.450000763
 31
0.0
 12
357.299987793
 22
17.450000763
 32
0.0
 13
384.700012207
 23
17.450000763
 33
0.0
  0
LWPOLYLINE
  5
285
100
AcDbEntity
  8
FAB-CHAPA
100
AcDbPolyline
 90
        4
 70
     1
 43
0.0
 10
357.299987793
 20
-17.450000763
 10
384.700012207
 20
-17.450000763
 10
384.700012207
 20
17.450000763
 10
357.299987793
 20
17.450000763
  0
LINE
  5
286
100
AcDbEntity
  8
EIXO
100
AcDbLine
 10
371.0
 20
-52.350002289
 30
0.0
 11
371.0
 21
52.350002289
 31
0.0
  0
TRACE
  5
287
100
AcDbEntity
  8
0
 62
   255
100
AcDbTrace
 10
-13.699999809
 20
-17.450000763
 30
0.0
 11
13.699999809
 21
-17.450000763
 31
0.0
 12
-13.699999809
 22
17.450000763
 32
0.0
 13
13.699999809
 23
17.450000763
 33
0.0
  0
LWPOLYLINE
  5
288
100
AcDbEntity
  8
FAB-CHAPA
100
AcDbPolyline
 90
        4
 70
     1
 43
0.0
 10
-13.699999809
 20
-17.450000763
 10
13.699999809
 20
-17.450000763
 10
13.699999809
 20
17.450000763
 10
-13.699999809
 20
17.450000763
  0
LINE
  5
289
100
AcDbEntity
  8
EIXO
100
AcDbLine
 10
0.0
 20
-52.350002289
 30
0.0
 11
0.0
 21
52.350002289
 31
0.0
  0
TRACE
  5
28A
100
AcDbEntity
  8
0
 62
   255
100
AcDbTrace
 10
-13.699999809
 20
-17.450000763
 30
0.0
 11
13.699999809
 21
-17.450000763
 31
0.0
 12
-13.699999809
 22
17.450000763
 32
0.0
 13
13.699999809
 23
17.450000763
 33
0.0
  0
LWPOLYLINE
  5
28B
100
AcDbEntity
  8
FAB-CHAPA
100
AcDbPolyline
 90
        4
 70
     1
 43
0.0
 10
-13.699999809
 20
-17.450000763
 10
13.699999809
 20
-17.450000763
 10
13.699999809
 20
17.450000763
 10
-13.699999809
 20
17.450000763
  0
LINE
  5
28C
100
AcDbEntity
  8
EIXO
100
AcDbLine
 10
0.0
 20
-52.350002289
 30
0.0
 11
0.0
 21
52.350002289
 31
0.0
  0
LINE
  5
28D
100
AcDbEntity
  8
0
 62
     4
100
AcDbLine
 10
-425.0
 20
-17.450000763
 30
0.0
 11
-455.0
 21
-47.450000763
 31
0.0
  0
LINE
  5
28E
100
AcDbEntity
  8
0
 62
     4
100
AcDbLine
 10
425.0
 20
-17.450000763
 30
0.0
 11
455.0
 21
-47.450000763
 31
0.0
  0
TRACE
  5
28F
100
AcDbEntity
  8
0
100
AcDbTrace
 10
-585.0
 20
-47.450000763
 30
0.0
 11
-589.166666667
 21
-22.450000763
 31
0.0
 12
-580.833333333
 22
-22.450000763
 32
0.0
 13
-580.833333333
 23
-22.450000763
 33
0.0
  0
MTEXT
  5
290
100
AcDbEntity
  8
0
 62
     4
100
AcDbMText
 10
-675.0
 20
102.549999237
 30
0.0
 40
25.0
 41
0.0
 71
     6
 72
     1
  1
TOPO DO \PCONCRETO
 50
0.0
  0
LWPOLYLINE
  5
291
100
AcDbEntity
  8
0
100
AcDbPolyline
 90
        3
 70
     0
 43
0.0
 10
-585.0
 20
-22.450000763
 10
-585.0
 20
102.549999237
 10
-665.999759674
 20
102.549999237
  0
LINE
  5
292
100
AcDbEntity
  8
0
100
AcDbLine
 10
-605.0
 20
-47.450000763
 30
0.0
 11
575.0
 21
-47.450000763
 31
0.0
  0
DIMENSION
  5
29F
100
AcDbEntity
  8
0
100
AcDbDimension
  2
*D3
 10
-308.0
 20
768.75
 30
0.0
 11
0.0
 21
768.75
 31
0.0
 70
    32
  1
616
  3
ISO-25
100
AcDbAlignedDimension
 13
308.0
 23
743.75
 33
0.0
 14
-308.0
 24
743.75
 34
0.0
100
AcDbRotatedDimension
1001
ACAD
1000
DSTYLE
1002
{
1070
    41
1040
20.0
1070
   147
1040
10.0
1070
   140
1040
20
1002
}
  0
TRACE
  5
2A0
100
AcDbEntity
  8
0
100
AcDbTrace
 10
308.0
 20
637.5
 30
0.0
 11
333.0
 21
641.666666667
 31
0.0
 12
333.0
 22
633.333333333
 32
0.0
 13
333.0
 23
633.333333333
 33
0.0
  0
LWPOLYLINE
  5
2A1
100
AcDbEntity
  8
0
100
AcDbPolyline
 90
        2
 70
     0
 43
0.0
 10
333.0
 20
637.5
 10
378.0
 20
637.5
  0
TEXT
  5
2A2
100
AcDbEntity
  8
REGUA140
  6
CONTINUOUS
 62
     2
100
AcDbText
 10
378.0
 20
644.2856
 30
0.0
 40
23.0
  1
PILAR
 50
0.0
 41
0.8
  7
STANDARD
 72
     0
100
AcDbText
  0
MTEXT
  5
2A3
100
AcDbEntity
  8
REGUA80
100
AcDbMText
 10
378.0
 20
607.3406
 30
0.0
 40
20.3
 41
0.0
 71
     7
 72
     1
  1
W 610 174
 50
0.0
  0
MTEXT
  5
2A4
100
AcDbEntity
  8
REGUA80
100
AcDbMText
 10
378.0
 20
574.4499
 30
0.0
 40
20.3
 41
0.0
 71
     7
 72
     1
  1
ASTM A572 GR50
 50
0.0
  0
DIMENSION
  5
2B0
100
AcDbEntity
  8
0
100
AcDbDimension
  2
*D4
 10
-535.0
 20
-17.450000763
 30
0.0
 11
-535.0
 21
-32.450000763
 31
0.0
 70
   160
 42
30.0
  1
30
  3
ISO-25
100
AcDbAlignedDimension
 13
-425.0
 23
-47.450000763
 33
0.0
 14
-425.0
 24
-17.450000763
 34
0.0
 50
90.0
100
AcDbRotatedDimension
1001
ACAD
1000
DSTYLE
1002
{
1070
    41
1040
20.0
1070
   147
1040
10.0
1070
   140
1040
20
1002
}
  0
DIMENSION
  5
2BC
100
AcDbEntity
  8
0
100
AcDbDimension
  2
*D5
 10
-535.0
 20
17.450000763
 30
0.0
 11
-535.0
 21
0.0
 31
0.0
 70
   160
 42
34.900001526
  1
35
  3
ISO-25
100
AcDbAlignedDimension
 13
-425.0
 23
-17.450000763
 33
0.0
 14
-425.0
 24
17.450000763
 34
0.0
 50
90.0
100
AcDbRotatedDimension
1001
ACAD
1000
DSTYLE
1002
{
1070
    41
1040
20.0
1070
   147
1040
10.0
1070
   140
1040
20
1002
}
  0
DIMENSION
  5
2C8
100
AcDbEntity
  8
0
100
AcDbDimension
  2
*D6
 10
-535.0
 20
182.450000763
 30
0.0
 11
-535.0
 21
99.950000763
 31
0.0
 70
   160
 42
165.0
  1
165
  3
ISO-25
100
AcDbAlignedDimension
 13
-425.0
 23
17.450000763
 33
0.0
 14
-323.0
 24
182.450000763
 34
0.0
 50
90.0
100
AcDbRotatedDimension
1001
ACAD
1000
DSTYLE
1002
{
1070
    41
1040
20.0
1070
   147
1040
10.0
1070
   140
1040
20
1002
}
  0
TRACE
  5
2C9
100
AcDbEntity
  8
0
 62
   255
100
AcDbTrace
 10
-123.2
 20
17.450000763
 30
0.0
 11
-143.94416332
 21
32.011621527
 31
0.0
 12
-138.100169379
 22
37.952343644
 32
0.0
 13
-138.100169379
 23
37.952343644
 33
0.0
  0
LWPOLYLINE
  5
2CA
100
AcDbEntity
  8
0
 62
   255
100
AcDbPolyline
 90
        2
 70
     0
 43
0.0
 10
-141.022166349
 20
34.981982585
 10
-418.0
 20
307.450000763
  0
MTEXT
  5
2CB
100
AcDbEntity
  8
DIM-1
100
AcDbMText
 10
-551.0
 20
307.450000763
 30
0.0
 40
15.0
 41
0.0
 71
     5
 72
     1
  1
TIP
 50
0.0
  0
LINE
  5
2CC
100
AcDbEntity
  8
G-SIMBOLO
100
AcDbLine
 10
-418.0
 20
307.450000763
 30
0.0
 11
-518.0
 21
307.450000763
 31
0.0
  0
LINE
  5
2CD
100
AcDbEntity
  8
G-SIMBOLO
100
AcDbLine
 10
-518.0
 20
307.450000763
 30
0.0
 11
-532.1421
 21
321.592100763
 31
0.0
  0
LINE
  5
2CE
100
AcDbEntity
  8
G-SIMBOLO
100
AcDbLine
 10
-518.0
 20
307.450000763
 30
0.0
 11
-532.1421
 21
293.307900763
 31
0.0
  0
LINE
  5
2CF
100
AcDbEntity
  8
G-SIMBOLO
100
AcDbLine
 10
-465.3501
 20
329.224700763
 30
0.0
 11
-465.3501
 21
285.675300763
 31
0.0
  0
LINE
  5
2D0
100
AcDbEntity
  8
G-SIMBOLO
100
AcDbLine
 10
-465.3501
 20
285.675300763
 30
0.0
 11
-440.071
 21
307.450000763
 31
0.0
  0
LINE
  5
2D1
100
AcDbEntity
  8
G-SIMBOLO
100
AcDbLine
 10
-465.3501
 20
329.224700763
 30
0.0
 11
-440.071
 21
307.450000763
 31
0.0
  0
MTEXT
  5
2D2
100
AcDbEntity
  8
DIM-1
100
AcDbMText
 10
-482.1717
 20
292.387400763
 30
0.0
 40
15.0
 41
0.0
 71
     5
 72
     1
  1
12
 50
0.0
  0
TRACE
  5
2D3
100
AcDbEntity
  8
0
100
AcDbTrace
 10
374.0
 20
107.450000763
 30
0.0
 11
392.854555976
 21
124.387144267
 31
0.0
 12
397.328518411
 22
117.356631869
 32
0.0
 13
397.328518411
 23
117.356631869
 33
0.0
  0
MTEXT
  5
2D4
100
AcDbEntity
  8
0
 62
     4
100
AcDbMText
 10
504.0
 20
189.950000763
 30
0.0
 40
25.0
 41
0.0
 71
     7
 72
     1
  1
CH-B
 50
0.0
  0
LWPOLYLINE
  5
2D5
100
AcDbEntity
  8
0
100
AcDbPolyline
 90
        3
 70
     0
 43
0.0
 10
395.091537193
 20
120.871888068
 10
484.0
 20
177.450000763
 10
561.999879837
 20
177.450000763
  0
TRACE
  5
2D6
100
AcDbEntity
  8
0
 62
   255
100
AcDbTrace
 10
404.6
 20
62.450000763
 30
0.0
 11
423.454555976
 21
79.387144267
 31
0.0
 12
427.928518411
 22
72.356631869
 32
0.0
 13
427.928518411
 23
72.356631869
 33
0.0
  0
LWPOLYLINE
  5
2D7
100
AcDbEntity
  8
0
 62
   255
100
AcDbPolyline
 90
        2
 70
     0
 43
0.0
 10
425.691537193
 20
75.871888068
 10
514.6
 20
132.450000763
  0
MTEXT
  5
2D8
100
AcDbEntity
  8
DIM-1
100
AcDbMText
 10
647.6
 20
132.450000763
 30
0.0
 40
15.0
 41
0.0
 71
     5
 72
     1
  1
TIP
 50
0.0
  0
LINE
  5
2D9
100
AcDbEntity
  8
G-SIMBOLO
100
AcDbLine
 10
514.6
 20
132.450000763
 30
0.0
 11
614.6
 21
132.450000763
 31
0.0
  0
LINE
  5
2DA
100
AcDbEntity
  8
G-SIMBOLO
100
AcDbLine
 10
614.6
 20
132.450000763
 30
0.0
 11
628.7421
 21
146.592100763
 31
0.0
  0
LINE
  5
2DB
100
AcDbEntity
  8
G-SIMBOLO
100
AcDbLine
 10
614.6
 20
132.450000763
 30
0.0
 11
628.7421
 21
118.307900763
 31
0.0
  0
LINE
  5
2DC
100
AcDbEntity
  8
G-SIMBOLO
100
AcDbLine
 10
561.9501
 20
154.224700763
 30
0.0
 11
561.9501
 21
110.675300763
 31
0.0
  0
LINE
  5
2DD
100
AcDbEntity
  8
G-SIMBOLO
100
AcDbLine
 10
561.9501
 20
110.675300763
 30
0.0
 11
587.2292
 21
132.450000763
 31
0.0
  0
LINE
  5
2DE
100
AcDbEntity
  8
G-SIMBOLO
100
AcDbLine
 10
561.9501
 20
154.224700763
 30
0.0
 11
587.2292
 21
132.450000763
 31
0.0
  0
MTEXT
  5
2DF
100
AcDbEntity
  8
DIM-1
100
AcDbMText
 10
545.1285
 20
117.387400763
 30
0.0
 40
15.0
 41
0.0
 71
     5
 72
     1
  1
12
 50
0.0
  0
LWPOLYLINE
  5
2E0
100
AcDbEntity
  8
FAB-CHAPA
100
AcDbPolyline
 90
        4
 70
     1
 43
0.0
 10
3975.0
 20
-17.450000763
 10
4525.0
 20
-17.450000763
 10
4525.0
 20
17.450000763
 10
3975.0
 20
17.450000763
  0
LWPOLYLINE
  5
2E1
100
AcDbEntity
  8
FAB-CHAPA
100
AcDbPolyline
 90
        4
 70
     1
 43
0.0
 10
4412.5
 20
17.450000763
 10
4425.200195313
 20
17.450000763
 10
4425.200195313
 20
182.449996948
 10
4412.5
 20
182.449996948
  0
LWPOLYLINE
  5
2E2
100
AcDbEntity
  8
FAB-CHAPA
100
AcDbPolyline
 90
        4
 70
     1
 43
0.0
 10
4074.799804688
 20
17.450000763
 10
4087.5
 20
17.450000763
 10
4087.5
 20
182.449996948
 10
4074.799804688
 20
182.449996948
  0
LWPOLYLINE
  5
2E3
100
AcDbEntity
  8
FAB-CHAPA
100
AcDbPolyline
 90
        6
 70
     1
 43
0.0
 10
3975.0
 20
17.450000763
 10
3975.0
 20
32.450000763
 10
4059.800048828
 20
182.449996948
 10
4074.800048828
 20
182.449996948
 10
4074.800048828
 20
32.450000763
 10
4059.800048828
 20
17.450000763
  0
LWPOLYLINE
  5
2E4
100
AcDbEntity
  8
FAB-CHAPA
100
AcDbPolyline
 90
        6
 70
     1
 43
0.0
 10
4525.0
 20
17.450000763
 10
4525.0
 20
32.450000763
 10
4440.200195313
 20
182.449996948
 10
4425.200195313
 20
182.449996948
 10
4425.200195313
 20
32.450000763
 10
4440.200195313
 20
17.450000763
  0
TRACE
  5
2E5
100
AcDbEntity
  8
0
 62
   255
100
AcDbTrace
 10
4457.299804688
 20
-17.450000763
 30
0.0
 11
4484.700195313
 21
-17.450000763
 31
0.0
 12
4457.299804688
 22
17.450000763
 32
0.0
 13
4484.700195313
 23
17.450000763
 33
0.0
  0
LWPOLYLINE
  5
2E6
100
AcDbEntity
  8
FAB-CHAPA
100
AcDbPolyline
 90
        4
 70
     1
 43
0.0
 10
4457.299804688
 20
-17.450000763
 10
4484.700195313
 20
-17.450000763
 10
4484.700195313
 20
17.450000763
 10
4457.299804688
 20
17.450000763
  0
LINE
  5
2E7
100
AcDbEntity
  8
EIXO
100
AcDbLine
 10
4471.0
 20
-52.350002289
 30
0.0
 11
4471.0
 21
52.350002289
 31
0.0
  0
TRACE
  5
2E8
100
AcDbEntity
  8
0
 62
   255
100
AcDbTrace
 10
4457.299804688
 20
-17.450000763
 30
0.0
 11
4484.700195313
 21
-17.450000763
 31
0.0
 12
4457.299804688
 22
17.450000763
 32
0.0
 13
4484.700195313
 23
17.450000763
 33
0.0
  0
LWPOLYLINE
  5
2E9
100
AcDbEntity
  8
FAB-CHAPA
100
AcDbPolyline
 90
        4
 70
     1
 43
0.0
 10
4457.299804688
 20
-17.450000763
 10
4484.700195313
 20
-17.450000763
 10
4484.700195313
 20
17.450000763
 10
4457.299804688
 20
17.450000763
  0
LINE
  5
2EA
100
AcDbEntity
  8
EIXO
100
AcDbLine
 10
4471.0
 20
-52.350002289
 30
0.0
 11
4471.0
 21
52.350002289
 31
0.0
  0
TRACE
  5
2EB
100
AcDbEntity
  8
0
 62
   255
100
AcDbTrace
 10
4015.300048828
 20
-17.450000763
 30
0.0
 11
4042.699951172
 21
-17.450000763
 31
0.0
 12
4015.300048828
 22
17.450000763
 32
0.0
 13
4042.699951172
 23
17.450000763
 33
0.0
  0
LWPOLYLINE
  5
2EC
100
AcDbEntity
  8
FAB-CHAPA
100
AcDbPolyline
 90
        4
 70
     1
 43
0.0
 10
4015.300048828
 20
-17.450000763
 10
4042.699951172
 20
-17.450000763
 10
4042.699951172
 20
17.450000763
 10
4015.300048828
 20
17.450000763
  0
LINE
  5
2ED
100
AcDbEntity
  8
EIXO
100
AcDbLine
 10
4029.0
 20
-52.350002289
 30
0.0
 11
4029.0
 21
52.350002289
 31
0.0
  0
TRACE
  5
2EE
100
AcDbEntity
  8
0
 62
   255
100
AcDbTrace
 10
4015.300048828
 20
-17.450000763
 30
0.0
 11
4042.699951172
 21
-17.450000763
 31
0.0
 12
4015.300048828
 22
17.450000763
 32
0.0
 13
4042.699951172
 23
17.450000763
 33
0.0
  0
LWPOLYLINE
  5
2EF
100
AcDbEntity
  8
FAB-CHAPA
100
AcDbPolyline
 90
        4
 70
     1
 43
0.0
 10
4015.300048828
 20
-17.450000763
 10
4042.699951172
 20
-17.450000763
 10
4042.699951172
 20
17.450000763
 10
4015.300048828
 20
17.450000763
  0
LINE
  5
2F0
100
AcDbEntity
  8
EIXO
100
AcDbLine
 10
4029.0
 20
-52.350002289
 30
0.0
 11
4029.0
 21
52.350002289
 31
0.0
  0
TRACE
  5
2F1
100
AcDbEntity
  8
0
 62
   255
100
AcDbTrace
 10
4236.299804688
 20
-17.450000763
 30
0.0
 11
4263.700195313
 21
-17.450000763
 31
0.0
 12
4236.299804688
 22
17.450000763
 32
0.0
 13
4263.700195313
 23
17.450000763
 33
0.0
  0
LWPOLYLINE
  5
2F2
100
AcDbEntity
  8
FAB-CHAPA
100
AcDbPolyline
 90
        4
 70
     1
 43
0.0
 10
4236.299804688
 20
-17.450000763
 10
4263.700195313
 20
-17.450000763
 10
4263.700195313
 20
17.450000763
 10
4236.299804688
 20
17.450000763
  0
LINE
  5
2F3
100
AcDbEntity
  8
EIXO
100
AcDbLine
 10
4250.0
 20
-52.350002289
 30
0.0
 11
4250.0
 21
52.350002289
 31
0.0
  0
TRACE
  5
2F4
100
AcDbEntity
  8
0
 62
   255
100
AcDbTrace
 10
4236.299804688
 20
-17.450000763
 30
0.0
 11
4263.700195313
 21
-17.450000763
 31
0.0
 12
4236.299804688
 22
17.450000763
 32
0.0
 13
4263.700195313
 23
17.450000763
 33
0.0
  0
LWPOLYLINE
  5
2F5
100
AcDbEntity
  8
FAB-CHAPA
100
AcDbPolyline
 90
        4
 70
     1
 43
0.0
 10
4236.299804688
 20
-17.450000763
 10
4263.700195313
 20
-17.450000763
 10
4263.700195313
 20
17.450000763
 10
4236.299804688
 20
17.450000763
  0
LINE
  5
2F6
100
AcDbEntity
  8
EIXO
100
AcDbLine
 10
4250.0
 20
-52.350002289
 30
0.0
 11
4250.0
 21
52.350002289
 31
0.0
  0
TRACE
  5
2F7
100
AcDbEntity
  8
0
 62
   255
100
AcDbTrace
 10
4015.300048828
 20
-17.450000763
 30
0.0
 11
4042.699951172
 21
-17.450000763
 31
0.0
 12
4015.300048828
 22
17.450000763
 32
0.0
 13
4042.699951172
 23
17.450000763
 33
0.0
  0
LWPOLYLINE
  5
2F8
100
AcDbEntity
  8
FAB-CHAPA
100
AcDbPolyline
 90
        4
 70
     1
 43
0.0
 10
4015.300048828
 20
-17.450000763
 10
4042.699951172
 20
-17.450000763
 10
4042.699951172
 20
17.450000763
 10
4015.300048828
 20
17.450000763
  0
LINE
  5
2F9
100
AcDbEntity
  8
EIXO
100
AcDbLine
 10
4029.0
 20
-52.350002289
 30
0.0
 11
4029.0
 21
52.350002289
 31
0.0
  0
TRACE
  5
2FA
100
AcDbEntity
  8
0
 62
   255
100
AcDbTrace
 10
4457.299804688
 20
-17.450000763
 30
0.0
 11
4484.700195313
 21
-17.450000763
 31
0.0
 12
4457.299804688
 22
17.450000763
 32
0.0
 13
4484.700195313
 23
17.450000763
 33
0.0
  0
LWPOLYLINE
  5
2FB
100
AcDbEntity
  8
FAB-CHAPA
100
AcDbPolyline
 90
        4
 70
     1
 43
0.0
 10
4457.299804688
 20
-17.450000763
 10
4484.700195313
 20
-17.450000763
 10
4484.700195313
 20
17.450000763
 10
4457.299804688
 20
17.450000763
  0
LINE
  5
2FC
100
AcDbEntity
  8
EIXO
100
AcDbLine
 10
4471.0
 20
-52.350002289
 30
0.0
 11
4471.0
 21
52.350002289
 31
0.0
  0
LINE
  5
2FD
100
AcDbEntity
  8
PERFIL
100
AcDbLine
 10
4087.5
 20
20.940000534
 30
0.0
 11
4087.5
 21
1275.0
 31
0.0
  0
LINE
  5
2FE
100
AcDbEntity
  8
PERFIL
100
AcDbLine
 10
4412.5
 20
20.940000534
 30
0.0
 11
4412.5
 21
1275.0
 31
0.0
  0
LINE
  5
2FF
100
AcDbEntity
  8
L-HIDDEN
100
AcDbLine
 10
4243.0
 20
20.940000534
 30
0.0
 11
4243.0
 21
1275.0
 31
0.0
  0
LINE
  5
300
100
AcDbEntity
  8
L-HIDDEN
100
AcDbLine
 10
4257.0
 20
20.940000534
 30
0.0
 11
4257.0
 21
1275.0
 31
0.0
  0
LWPOLYLINE
  5
301
100
AcDbEntity
  8
EIXO
100
AcDbPolyline
 90
        6
 70
     0
 43
0.0
 10
4068.0
 20
1275.0
 10
4217.5
 20
1275.0
 10
4243.5
 20
1323.75
 10
4256.5
 20
1226.25
 10
4282.5
 20
1275.0
 10
4432.0
 20
1275.0
  0
DIMENSION
  5
30E
100
AcDbEntity
  8
0
100
AcDbDimension
  2
*D7
 10
4087.5
 20
768.75
 30
0.0
 11
4250.0
 21
768.75
 31
0.0
 70
    32
  1
325
  3
ISO-25
100
AcDbAlignedDimension
 13
4412.5
 23
743.75
 33
0.0
 14
4087.5
 24
743.75
 34
0.0
100
AcDbRotatedDimension
1001
ACAD
1000
DSTYLE
1002
{
1070
    41
1040
20.0
1070
   147
1040
10.0
1070
   140
1040
20
1002
}
  0
TRACE
  5
30F
100
AcDbEntity
  8
0
100
AcDbTrace
 10
4412.5
 20
637.5
 30
0.0
 11
4437.5
 21
641.666666667
 31
0.0
 12
4437.5
 22
633.333333333
 32
0.0
 13
4437.5
 23
633.333333333
 33
0.0
  0
MTEXT
  5
310
100
AcDbEntity
  8
0
 62
     4
100
AcDbMText
 10
4502.5
 20
650.0
 30
0.0
 40
25.0
 41
0.0
 71
     7
 72
     1
  1
PILAR
 50
0.0
  0
LWPOLYLINE
  5
311
100
AcDbEntity
  8
0
100
AcDbPolyline
 90
        3
 70
     0
 43
0.0
 10
4437.5
 20
637.5
 10
4482.5
 20
637.5
 10
4560.999859825
 20
637.5
  0
DIMENSION
  5
31D
100
AcDbEntity
  8
0
100
AcDbDimension
  2
*D8
 10
3865.0
 20
-17.450000763
 30
0.0
 11
3865.0
 21
-32.450000763
 31
0.0
 70
   160
 42
30.0
  1
30
  3
ISO-25
100
AcDbAlignedDimension
 13
3975.0
 23
-47.450000763
 33
0.0
 14
3975.0
 24
-17.450000763
 34
0.0
 50
90.0
100
AcDbRotatedDimension
1001
ACAD
1000
DSTYLE
1002
{
1070
    41
1040
20.0
1070
   147
1040
10.0
1070
   140
1040
20
1002
}
  0
DIMENSION
  5
329
100
AcDbEntity
  8
0
100
AcDbDimension
  2
*D9
 10
3865.0
 20
17.450000763
 30
0.0
 11
3865.0
 21
0.0
 31
0.0
 70
   160
 42
34.900001526
  1
35
  3
ISO-25
100
AcDbAlignedDimension
 13
3975.0
 23
-17.450000763
 33
0.0
 14
3975.0
 24
17.450000763
 34
0.0
 50
90.0
100
AcDbRotatedDimension
1001
ACAD
1000
DSTYLE
1002
{
1070
    41
1040
20.0
1070
   147
1040
10.0
1070
   140
1040
20
1002
}
  0
DIMENSION
  5
335
100
AcDbEntity
  8
0
100
AcDbDimension
  2
*D10
 10
3865.0
 20
182.450000763
 30
0.0
 11
3865.0
 21
99.950000763
 31
0.0
 70
   160
 42
165.0
  1
165
  3
ISO-25
100
AcDbAlignedDimension
 13
3975.0
 23
17.450000763
 33
0.0
 14
4059.800000191
 24
182.450000763
 34
0.0
 50
90.0
100
AcDbRotatedDimension
1001
ACAD
1000
DSTYLE
1002
{
1070
    41
1040
20.0
1070
   147
1040
10.0
1070
   140
1040
20
1002
}
  0
LINE
  5
336
100
AcDbEntity
  8
0
 62
     4
100
AcDbLine
 10
3975.0
 20
-17.450000763
 30
0.0
 11
3945.0
 21
-47.450000763
 31
0.0
  0
LINE
  5
337
100
AcDbEntity
  8
0
 62
     4
100
AcDbLine
 10
4525.0
 20
-17.450000763
 30
0.0
 11
4555.0
 21
-47.450000763
 31
0.0
  0
TRACE
  5
338
100
AcDbEntity
  8
0
100
AcDbTrace
 10
3635.0
 20
-47.450000763
 30
0.0
 11
3630.833333333
 21
-22.450000763
 31
0.0
 12
3639.166666667
 22
-22.450000763
 32
0.0
 13
3639.166666667
 23
-22.450000763
 33
0.0
  0
MTEXT
  5
339
100
AcDbEntity
  8
0
 62
     4
100
AcDbMText
 10
3545.0
 20
102.549999237
 30
0.0
 40
25.0
 41
0.0
 71
     6
 72
     1
  1
TOPO DO \PCONCRETO
 50
0.0
  0
LWPOLYLINE
  5
33A
100
AcDbEntity
  8
0
100
AcDbPolyline
 90
        3
 70
     0
 43
0.0
 10
3635.0
 20
-22.450000763
 10
3635.0
 20
102.549999237
 10
3554.000240326
 20
102.549999237
  0
LINE
  5
33B
100
AcDbEntity
  8
0
100
AcDbLine
 10
3625.0
 20
-47.450000763
 30
0.0
 11
4875.0
 21
-47.450000763
 31
0.0
  0
HATCH
  5
33C
100
AcDbEntity
  8
0
100
AcDbHatch
 10
0.0
 20
0.0
 30
0.0
210
0.0
220
0.0
230
1.0
  2
ANSI31
 70
     0
 71
     0
 91
     1
 92
     1
 93
     4
 72
     1
 10
3625.0
 20
-47.450000763
 11
3625.0
 21
-67.450000763
 72
     1
 10
3625.0
 20
-67.450000763
 11
4875.0
 21
-67.450000763
 72
     1
 10
4875.0
 20
-67.450000763
 11
4875.0
 21
-47.450000763
 72
     1
 10
4875.0
 20
-47.450000763
 11
3625.0
 21
-47.450000763
 97
     0
 75
     0
 76
     1
 52
0.0
 41
1.0
 77
     0
 78
     1
 53
45.0
 43
0.0
 44
0.0
 45
-2.24506403
 46
2.24506403
 79
     0
 98
     1
 10
0.0
 20
0.0
  0
TRACE
  5
33D
100
AcDbEntity
  8
0
100
AcDbTrace
 10
4482.599999905
 20
107.450000763
 30
0.0
 11
4501.45455588
 21
124.387144267
 31
0.0
 12
4505.928518315
 22
117.356631869
 32
0.0
 13
4505.928518315
 23
117.356631869
 33
0.0
  0
MTEXT
  5
33E
100
AcDbEntity
  8
0
 62
     4
100
AcDbMText
 10
4612.599999905
 20
189.950000763
 30
0.0
 40
25.0
 41
0.0
 71
     7
 72
     1
  1
CH-C
 50
0.0
  0
LWPOLYLINE
  5
33F
100
AcDbEntity
  8
0
100
AcDbPolyline
 90
        3
 70
     0
 43
0.0
 10
4503.691537098
 20
120.871888068
 10
4592.599999905
 20
177.450000763
 10
4670.599879742
 20
177.450000763
  0
DIMENSION
  5
34C
100
AcDbEntity
  8
0
100
AcDbDimension
  2
*D11
 10
4250.0
 20
-127.450000763
 30
0.0
 11
4112.5
 21
-127.450000763
 31
0.0
 70
    32
  1
275
  3
ISO-25
100
AcDbAlignedDimension
 13
3975.0
 23
-17.450000763
 33
0.0
 14
4250.0
 24
-17.450000763
 34
0.0
100
AcDbRotatedDimension
1001
ACAD
1000
DSTYLE
1002
{
1070
    41
1040
20.0
1070
   147
1040
10.0
1070
   140
1040
20
1002
}
  0
DIMENSION
  5
359
100
AcDbEntity
  8
0
100
AcDbDimension
  2
*D12
 10
4525.0
 20
-127.450000763
 30
0.0
 11
4387.5
 21
-127.450000763
 31
0.0
 70
    32
  1
275
  3
ISO-25
100
AcDbAlignedDimension
 13
4250.0
 23
-17.450000763
 33
0.0
 14
4525.0
 24
-17.450000763
 34
0.0
100
AcDbRotatedDimension
1001
ACAD
1000
DSTYLE
1002
{
1070
    41
1040
20.0
1070
   147
1040
10.0
1070
   140
1040
20
1002
}
  0
LWPOLYLINE
  5
35A
100
AcDbEntity
  8
FAB-CHAPA
100
AcDbPolyline
 90
        4
 70
     1
 43
0.0
 10
-425.0
 20
-3475.0
 10
425.0
 20
-3475.0
 10
425.0
 20
-2925.0
 10
-425.0
 20
-2925.0
  0
LWPOLYLINE
  5
35B
100
AcDbEntity
  8
FAB-CHAPA
100
AcDbPolyline
 90
        4
 70
     1
 43
0.0
 10
-425.0
 20
-3037.5
 10
425.0
 20
-3037.5
 10
425.0
 20
-3024.799804688
 10
-425.0
 20
-3024.799804688
  0
LWPOLYLINE
  5
35C
100
AcDbEntity
  8
FAB-CHAPA
100
AcDbPolyline
 90
        4
 70
     1
 43
0.0
 10
-425.0
 20
-3375.200195313
 10
425.0
 20
-3375.200195313
 10
425.0
 20
-3362.5
 10
-425.0
 20
-3362.5
  0
LWPOLYLINE
  5
35D
100
AcDbEntity
  8
FAB-CHAPA
100
AcDbPolyline
 90
        4
 70
     1
 43
0.0
 10
295.299987793
 20
-3475.0
 10
308.0
 20
-3475.0
 10
308.0
 20
-3375.199951172
 10
295.299987793
 20
-3375.199951172
  0
LWPOLYLINE
  5
35E
100
AcDbEntity
  8
FAB-CHAPA
100
AcDbPolyline
 90
        4
 70
     1
 43
0.0
 10
295.299987793
 20
-2925.0
 10
308.0
 20
-2925.0
 10
308.0
 20
-3024.800048828
 10
295.299987793
 20
-3024.800048828
  0
LWPOLYLINE
  5
35F
100
AcDbEntity
  8
FAB-CHAPA
100
AcDbPolyline
 90
        4
 70
     1
 43
0.0
 10
-308.0
 20
-3475.0
 10
-295.299987793
 20
-3475.0
 10
-295.299987793
 20
-3375.199951172
 10
-308.0
 20
-3375.199951172
  0
LWPOLYLINE
  5
360
100
AcDbEntity
  8
FAB-CHAPA
100
AcDbPolyline
 90
        4
 70
     1
 43
0.0
 10
-308.0
 20
-2925.0
 10
-295.299987793
 20
-2925.0
 10
-295.299987793
 20
-3024.800048828
 10
-308.0
 20
-3024.800048828
  0
CIRCLE
  5
361
100
AcDbEntity
  8
FAB-CHAPA
  6
CONTINUOUS
100
AcDbCircle
 10
371.0
 20
-2979.0
 30
0.0
 40
13.699999809
  0
LWPOLYLINE
  5
362
100
AcDbEntity
  8
0
100
AcDbPolyline
 90
        2
 70
     1
 43
13.699999809
 10
364.150000095
 20
-2979.0
 42
1.0
 10
377.849999905
 20
-2979.0
 42
1.0
  0
CIRCLE
  5
363
100
AcDbEntity
  8
FAB-CHAPA
  6
CONTINUOUS
100
AcDbCircle
 10
-371.0
 20
-2979.0
 30
0.0
 40
13.699999809
  0
LWPOLYLINE
  5
364
100
AcDbEntity
  8
0
100
AcDbPolyline
 90
        2
 70
     1
 43
13.699999809
 10
-377.849999905
 20
-2979.0
 42
1.0
 10
-364.150000095
 20
-2979.0
 42
1.0
  0
CIRCLE
  5
365
100
AcDbEntity
  8
FAB-CHAPA
  6
CONTINUOUS
100
AcDbCircle
 10
371.0
 20
-3421.0
 30
0.0
 40
13.699999809
  0
LWPOLYLINE
  5
366
100
AcDbEntity
  8
0
100
AcDbPolyline
 90
        2
 70
     1
 43
13.699999809
 10
364.150000095
 20
-3421.0
 42
1.0
 10
377.849999905
 20
-3421.0
 42
1.0
  0
CIRCLE
  5
367
100
AcDbEntity
  8
FAB-CHAPA
  6
CONTINUOUS
100
AcDbCircle
 10
-371.0
 20
-3421.0
 30
0.0
 40
13.699999809
  0
LWPOLYLINE
  5
368
100
AcDbEntity
  8
0
100
AcDbPolyline
 90
        2
 70
     1
 43
13.699999809
 10
-377.849999905
 20
-3421.0
 42
1.0
 10
-364.150000095
 20
-3421.0
 42
1.0
  0
CIRCLE
  5
369
100
AcDbEntity
  8
FAB-CHAPA
  6
CONTINUOUS
100
AcDbCircle
 10
-371.0
 20
-3200.0
 30
0.0
 40
13.699999809
  0
LWPOLYLINE
  5
36A
100
AcDbEntity
  8
0
100
AcDbPolyline
 90
        2
 70
     1
 43
13.699999809
 10
-377.849999905
 20
-3200.0
 42
1.0
 10
-364.150000095
 20
-3200.0
 42
1.0
  0
CIRCLE
  5
36B
100
AcDbEntity
  8
FAB-CHAPA
  6
CONTINUOUS
100
AcDbCircle
 10
371.0
 20
-3200.0
 30
0.0
 40
13.699999809
  0
LWPOLYLINE
  5
36C
100
AcDbEntity
  8
0
100
AcDbPolyline
 90
        2
 70
     1
 43
13.699999809
 10
364.150000095
 20
-3200.0
 42
1.0
 10
377.849999905
 20
-3200.0
 42
1.0
  0
CIRCLE
  5
36D
100
AcDbEntity
  8
FAB-CHAPA
  6
CONTINUOUS
100
AcDbCircle
 10
0.0
 20
-3421.0
 30
0.0
 40
13.699999809
  0
LWPOLYLINE
  5
36E
100
AcDbEntity
  8
0
100
AcDbPolyline
 90
        2
 70
     1
 43
13.699999809
 10
-6.849999905
 20
-3421.0
 42
1.0
 10
6.849999905
 20
-3421.0
 42
1.0
  0
CIRCLE
  5
36F
100
AcDbEntity
  8
FAB-CHAPA
  6
CONTINUOUS
100
AcDbCircle
 10
0.0
 20
-2979.0
 30
0.0
 40
13.699999809
  0
LWPOLYLINE
  5
370
100
AcDbEntity
  8
0
100
AcDbPolyline
 90
        2
 70
     1
 43
13.699999809
 10
-6.849999905
 20
-2979.0
 42
1.0
 10
6.849999905
 20
-2979.0
 42
1.0
  0
LINE
  5
371
100
AcDbEntity
  8
EIXO
100
AcDbLine
 10
-425.0
 20
-3421.0
 30
0.0
 11
425.0
 21
-3421.0
 31
0.0
  0
LINE
  5
372
100
AcDbEntity
  8
EIXO
100
AcDbLine
 10
-425.0
 20
-3200.0
 30
0.0
 11
425.0
 21
-3200.0
 31
0.0
  0
LINE
  5
373
100
AcDbEntity
  8
EIXO
100
AcDbLine
 10
-425.0
 20
-2979.0
 30
0.0
 11
425.0
 21
-2979.0
 31
0.0
  0
LINE
  5
374
100
AcDbEntity
  8
EIXO
100
AcDbLine
 10
-371.0
 20
-3475.0
 30
0.0
 11
-371.0
 21
-2925.0
 31
0.0
  0
LINE
  5
375
100
AcDbEntity
  8
EIXO
100
AcDbLine
 10
0.0
 20
-3475.0
 30
0.0
 11
0.0
 21
-2925.0
 31
0.0
  0
LINE
  5
376
100
AcDbEntity
  8
EIXO
100
AcDbLine
 10
371.0
 20
-3475.0
 30
0.0
 11
371.0
 21
-2925.0
 31
0.0
  0
DIMENSION
  5
382
100
AcDbEntity
  8
0
100
AcDbDimension
  2
*D13
 10
-535.0
 20
-3200.0
 30
0.0
 11
-535.0
 21
-3310.5
 31
0.0
 70
   160
 42
221.0
  1
221
  3
ISO-25
100
AcDbAlignedDimension
 13
-425.0
 23
-3421.0
 33
0.0
 14
-425.0
 24
-3200.0
 34
0.0
 50
90.0
100
AcDbRotatedDimension
1001
ACAD
1000
DSTYLE
1002
{
1070
    41
1040
20.0
1070
   147
1040
10.0
1070
   140
1040
20
1002
}
  0
DIMENSION
  5
38E
100
AcDbEntity
  8
0
100
AcDbDimension
  2
*D14
 10
-535.0
 20
-2979.0
 30
0.0
 11
-535.0
 21
-3089.5
 31
0.0
 70
   160
 42
221.0
  1
221
  3
ISO-25
100
AcDbAlignedDimension
 13
-425.0
 23
-3200.0
 33
0.0
 14
-425.0
 24
-2979.0
 34
0.0
 50
90.0
100
AcDbRotatedDimension
1001
ACAD
1000
DSTYLE
1002
{
1070
    41
1040
20.0
1070
   147
1040
10.0
1070
   140
1040
20
1002
}
  0
DIMENSION
  5
39B
100
AcDbEntity
  8
0
100
AcDbDimension
  2
*D15
 10
-371.0
 20
-2815.0
 30
0.0
 11
-185.5
 21
-2815.0
 31
0.0
 70
    32
  1
371
  3
ISO-25
100
AcDbAlignedDimension
 13
0.0
 23
-2925.0
 33
0.0
 14
-371.0
 24
-2925.0
 34
0.0
100
AcDbRotatedDimension
1001
ACAD
1000
DSTYLE
1002
{
1070
    41
1040
20.0
1070
   147
1040
10.0
1070
   140
1040
20
1002
}
  0
DIMENSION
  5
3A8
100
AcDbEntity
  8
0
100
AcDbDimension
  2
*D16
 10
0.0
 20
-2815.0
 30
0.0
 11
185.5
 21
-2815.0
 31
0.0
 70
    32
  1
371
  3
ISO-25
100
AcDbAlignedDimension
 13
371.0
 23
-2925.0
 33
0.0
 14
0.0
 24
-2925.0
 34
0.0
100
AcDbRotatedDimension
1001
ACAD
1000
DSTYLE
1002
{
1070
    41
1040
20.0
1070
   147
1040
10.0
1070
   140
1040
20
1002
}
  0
TRACE
  5
3A9
100
AcDbEntity
  8
0
100
AcDbTrace
 10
425.0
 20
-2925.0
 30
0.0
 11
439.731391275
 21
-2904.376052215
 31
0.0
 12
445.623947785
 22
-2910.268608725
 32
0.0
 13
445.623947785
 23
-2910.268608725
 33
0.0
  0
MTEXT
  5
3AA
100
AcDbEntity
  8
0
 62
     4
100
AcDbMText
 10
515.0
 20
-2842.5
 30
0.0
 40
25.0
 41
0.0
 71
     7
 72
     1
  1
CH-A
 50
0.0
  0
LWPOLYLINE
  5
3AB
100
AcDbEntity
  8
0
100
AcDbPolyline
 90
        3
 70
     0
 43
0.0
 10
442.67766953
 20
-2907.32233047
 10
495.0
 20
-2855.0
 10
572.999879837
 20
-2855.0
  0
LWPOLYLINE
  5
3AC
100
AcDbEntity
  8
PERFIL
100
AcDbPolyline
 90
       17
 70
     1
 43
0.0
 10
308.0
 20
-3037.5
 10
308.0
 20
-3362.5
 10
286.399993896
 20
-3362.5
 10
286.399993896
 20
-3228.600097656
 42
0.414213562
 10
264.799987793
 20
-3207.0
 10
-264.799987793
 20
-3207.0
 42
0.414213562
 10
-286.399993896
 20
-3228.600097656
 10
-286.399993896
 20
-3362.5
 10
-308.0
 20
-3362.5
 10
-308.0
 20
-3037.5
 10
-286.399993896
 20
-3037.5
 10
-286.399993896
 20
-3171.399902344
 42
0.414213562
 10
-264.799987793
 20
-3193.0
 10
264.799987793
 20
-3193.0
 42
0.414213562
 10
286.399993896
 20
-3171.399902344
 10
286.399993896
 20
-3037.5
 10
308.0
 20
-3037.5
  0
DIMENSION
  5
3B8
100
AcDbEntity
  8
0
100
AcDbDimension
  2
*D17
 10
3715.0
 20
-3421.0
 30
0.0
 11
3715.0
 21
-3448.0
 31
0.0
 70
   160
 42
54.0
  1
54
  3
ISO-25
100
AcDbAlignedDimension
 13
3825.0
 23
-3475.0
 33
0.0
 14
3825.0
 24
-3421.0
 34
0.0
 50
90.0
100
AcDbRotatedDimension
1001
ACAD
1000
DSTYLE
1002
{
1070
    41
1040
20.0
1070
   147
1040
10.0
1070
   140
1040
20
1002
}
  0
DIMENSION
  5
3C4
100
AcDbEntity
  8
0
100
AcDbDimension
  2
*D18
 10
3715.0
 20
-3200.0
 30
0.0
 11
3715.0
 21
-3310.5
 31
0.0
 70
   160
 42
221.0
  1
221
  3
ISO-25
100
AcDbAlignedDimension
 13
3825.0
 23
-3421.0
 33
0.0
 14
3825.0
 24
-3200.0
 34
0.0
 50
90.0
100
AcDbRotatedDimension
1001
ACAD
1000
DSTYLE
1002
{
1070
    41
1040
20.0
1070
   147
1040
10.0
1070
   140
1040
20
1002
}
  0
DIMENSION
  5
3D0
100
AcDbEntity
  8
0
100
AcDbDimension
  2
*D19
 10
3715.0
 20
-2979.0
 30
0.0
 11
3715.0
 21
-3089.5
 31
0.0
 70
   160
 42
221.0
  1
221
  3
ISO-25
100
AcDbAlignedDimension
 13
3825.0
 23
-3200.0
 33
0.0
 14
3825.0
 24
-2979.0
 34
0.0
 50
90.0
100
AcDbRotatedDimension
1001
ACAD
1000
DSTYLE
1002
{
1070
    41
1040
20.0
1070
   147
1040
10.0
1070
   140
1040
20
1002
}
  0
DIMENSION
  5
3DC
100
AcDbEntity
  8
0
100
AcDbDimension
  2
*D20
 10
3715.0
 20
-2925.0
 30
0.0
 11
3715.0
 21
-2952.0
 31
0.0
 70
   160
 42
54.0
  1
54
  3
ISO-25
100
AcDbAlignedDimension
 13
3825.0
 23
-2979.0
 33
0.0
 14
3825.0
 24
-2925.0
 34
0.0
 50
90.0
100
AcDbRotatedDimension
1001
ACAD
1000
DSTYLE
1002
{
1070
    41
1040
20.0
1070
   147
1040
10.0
1070
   140
1040
20
1002
}
  0
DIMENSION
  5
3E9
100
AcDbEntity
  8
0
100
AcDbDimension
  2
*D21
 10
3825.0
 20
-2815.0
 30
0.0
 11
3852.0
 21
-2815.0
 31
0.0
 70
    32
  1
54
  3
ISO-25
100
AcDbAlignedDimension
 13
3879.0
 23
-2925.0
 33
0.0
 14
3825.0
 24
-2925.0
 34
0.0
100
AcDbRotatedDimension
1001
ACAD
1000
DSTYLE
1002
{
1070
    41
1040
20.0
1070
   147
1040
10.0
1070
   140
1040
20
1002
}
  0
DIMENSION
  5
3F6
100
AcDbEntity
  8
0
100
AcDbDimension
  2
*D22
 10
3879.0
 20
-2815.0
 30
0.0
 11
4064.5
 21
-2815.0
 31
0.0
 70
    32
  1
371
  3
ISO-25
100
AcDbAlignedDimension
 13
4250.0
 23
-2925.0
 33
0.0
 14
3879.0
 24
-2925.0
 34
0.0
100
AcDbRotatedDimension
1001
ACAD
1000
DSTYLE
1002
{
1070
    41
1040
20.0
1070
   147
1040
10.0
1070
   140
1040
20
1002
}
  0
DIMENSION
  5
403
100
AcDbEntity
  8
0
100
AcDbDimension
  2
*D23
 10
4250.0
 20
-2815.0
 30
0.0
 11
4435.5
 21
-2815.0
 31
0.0
 70
    32
  1
371
  3
ISO-25
100
AcDbAlignedDimension
 13
4621.0
 23
-2925.0
 33
0.0
 14
4250.0
 24
-2925.0
 34
0.0
100
AcDbRotatedDimension
1001
ACAD
1000
DSTYLE
1002
{
1070
    41
1040
20.0
1070
   147
1040
10.0
1070
   140
1040
20
1002
}
  0
DIMENSION
  5
410
100
AcDbEntity
  8
0
100
AcDbDimension
  2
*D24
 10
4621.0
 20
-2815.0
 30
0.0
 11
4648.0
 21
-2815.0
 31
0.0
 70
    32
  1
54
  3
ISO-25
100
AcDbAlignedDimension
 13
4675.0
 23
-2925.0
 33
0.0
 14
4621.0
 24
-2925.0
 34
0.0
100
AcDbRotatedDimension
1001
ACAD
1000
DSTYLE
1002
{
1070
    41
1040
20.0
1070
   147
1040
10.0
1070
   140
1040
20
1002
}
  0
DIMENSION
  5
41C
100
AcDbEntity
  8
0
100
AcDbDimension
  2
*D25
 10
3645.0
 20
-2925.0
 30
0.0
 11
3645.0
 21
-3200.0
 31
0.0
 70
   160
 42
550.0
  1
550
  3
ISO-25
100
AcDbAlignedDimension
 13
3825.0
 23
-3475.0
 33
0.0
 14
3825.0
 24
-2925.0
 34
0.0
 50
90.0
100
AcDbRotatedDimension
1001
ACAD
1000
DSTYLE
1002
{
1070
    41
1040
20.0
1070
   147
1040
10.0
1070
   140
1040
20
1002
}
  0
DIMENSION
  5
429
100
AcDbEntity
  8
0
100
AcDbDimension
  2
*D26
 10
3825.0
 20
-2745.0
 30
0.0
 11
4250.0
 21
-2745.0
 31
0.0
 70
    32
  1
850
  3
ISO-25
100
AcDbAlignedDimension
 13
4675.0
 23
-2925.0
 33
0.0
 14
3825.0
 24
-2925.0
 34
0.0
100
AcDbRotatedDimension
1001
ACAD
1000
DSTYLE
1002
{
1070
    41
1040
20.0
1070
   147
1040
10.0
1070
   140
1040
20
1002
}
  0
LINE
  5
42A
100
AcDbEntity
  8
EIXO
100
AcDbLine
 10
3825.0
 20
-3421.0
 30
0.0
 11
4675.0
 21
-3421.0
 31
0.0
  0
LINE
  5
42B
100
AcDbEntity
  8
EIXO
100
AcDbLine
 10
3825.0
 20
-3200.0
 30
0.0
 11
4675.0
 21
-3200.0
 31
0.0
  0
LINE
  5
42C
100
AcDbEntity
  8
EIXO
100
AcDbLine
 10
3825.0
 20
-2979.0
 30
0.0
 11
4675.0
 21
-2979.0
 31
0.0
  0
LINE
  5
42D
100
AcDbEntity
  8
EIXO
100
AcDbLine
 10
3879.0
 20
-3475.0
 30
0.0
 11
3879.0
 21
-2925.0
 31
0.0
  0
LINE
  5
42E
100
AcDbEntity
  8
EIXO
100
AcDbLine
 10
4250.0
 20
-3475.0
 30
0.0
 11
4250.0
 21
-2925.0
 31
0.0
  0
LINE
  5
42F
100
AcDbEntity
  8
EIXO
100
AcDbLine
 10
4621.0
 20
-3475.0
 30
0.0
 11
4621.0
 21
-2925.0
 31
0.0
  0
LWPOLYLINE
  5
430
100
AcDbEntity
  8
FAB-CHAPA
100
AcDbPolyline
 90
        4
 70
     1
 43
0.0
 10
3825.0
 20
-3475.0
 10
4675.0
 20
-3475.0
 10
4675.0
 20
-2925.0
 10
3825.0
 20
-2925.0
  0
CIRCLE
  5
431
100
AcDbEntity
  8
FAB-CHAPA
  6
CONTINUOUS
100
AcDbCircle
 10
4621.0
 20
-2979.0
 30
0.0
 40
13.699999809
  0
LWPOLYLINE
  5
432
100
AcDbEntity
  8
0
100
AcDbPolyline
 90
        2
 70
     1
 43
13.699999809
 10
4614.150000095
 20
-2979.0
 42
1.0
 10
4627.849999905
 20
-2979.0
 42
1.0
  0
CIRCLE
  5
433
100
AcDbEntity
  8
FAB-CHAPA
  6
CONTINUOUS
100
AcDbCircle
 10
3879.0
 20
-2979.0
 30
0.0
 40
13.699999809
  0
LWPOLYLINE
  5
434
100
AcDbEntity
  8
0
100
AcDbPolyline
 90
        2
 70
     1
 43
13.699999809
 10
3872.150000095
 20
-2979.0
 42
1.0
 10
3885.849999905
 20
-2979.0
 42
1.0
  0
CIRCLE
  5
435
100
AcDbEntity
  8
FAB-CHAPA
  6
CONTINUOUS
100
AcDbCircle
 10
4621.0
 20
-3421.0
 30
0.0
 40
13.699999809
  0
LWPOLYLINE
  5
436
100
AcDbEntity
  8
0
100
AcDbPolyline
 90
        2
 70
     1
 43
13.699999809
 10
4614.150000095
 20
-3421.0
 42
1.0
 10
4627.849999905
 20
-3421.0
 42
1.0
  0
CIRCLE
  5
437
100
AcDbEntity
  8
FAB-CHAPA
  6
CONTINUOUS
100
AcDbCircle
 10
3879.0
 20
-3421.0
 30
0.0
 40
13.699999809
  0
LWPOLYLINE
  5
438
100
AcDbEntity
  8
0
100
AcDbPolyline
 90
        2
 70
     1
 43
13.699999809
 10
3872.150000095
 20
-3421.0
 42
1.0
 10
3885.849999905
 20
-3421.0
 42
1.0
  0
CIRCLE
  5
439
100
AcDbEntity
  8
FAB-CHAPA
  6
CONTINUOUS
100
AcDbCircle
 10
3879.0
 20
-3200.0
 30
0.0
 40
13.699999809
  0
LWPOLYLINE
  5
43A
100
AcDbEntity
  8
0
100
AcDbPolyline
 90
        2
 70
     1
 43
13.699999809
 10
3872.150000095
 20
-3200.0
 42
1.0
 10
3885.849999905
 20
-3200.0
 42
1.0
  0
CIRCLE
  5
43B
100
AcDbEntity
  8
FAB-CHAPA
  6
CONTINUOUS
100
AcDbCircle
 10
4621.0
 20
-3200.0
 30
0.0
 40
13.699999809
  0
LWPOLYLINE
  5
43C
100
AcDbEntity
  8
0
100
AcDbPolyline
 90
        2
 70
     1
 43
13.699999809
 10
4614.150000095
 20
-3200.0
 42
1.0
 10
4627.849999905
 20
-3200.0
 42
1.0
  0
CIRCLE
  5
43D
100
AcDbEntity
  8
FAB-CHAPA
  6
CONTINUOUS
100
AcDbCircle
 10
4250.0
 20
-3421.0
 30
0.0
 40
13.699999809
  0
LWPOLYLINE
  5
43E
100
AcDbEntity
  8
0
100
AcDbPolyline
 90
        2
 70
     1
 43
13.699999809
 10
4243.150000095
 20
-3421.0
 42
1.0
 10
4256.849999905
 20
-3421.0
 42
1.0
  0
CIRCLE
  5
43F
100
AcDbEntity
  8
FAB-CHAPA
  6
CONTINUOUS
100
AcDbCircle
 10
4250.0
 20
-2979.0
 30
0.0
 40
13.699999809
  0
LWPOLYLINE
  5
440
100
AcDbEntity
  8
0
100
AcDbPolyline
 90
        2
 70
     1
 43
13.699999809
 10
4243.150000095
 20
-2979.0
 42
1.0
 10
4256.849999905
 20
-2979.0
 42
1.0
  0
TRACE
  5
441
100
AcDbEntity
  8
0
100
AcDbTrace
 10
4037.5
 20
-3475.0
 30
0.0
 11
4041.666666667
 21
-3500.0
 31
0.0
 12
4033.333333333
 22
-3500.0
 32
0.0
 13
4033.333333333
 23
-3500.0
 33
0.0
  0
MTEXT
  5
442
100
AcDbEntity
  8
0
 62
     4
100
AcDbMText
 10
4037.5
 20
-3565.0
 30
0.0
 40
25.0
 41
0.0
 71
     4
 72
     1
  1
CH. 34.9\PASTM A36
 50
0.0
  0
LWPOLYLINE
  5
443
100
AcDbEntity
  8
0
100
AcDbPolyline
 90
        3
 70
     0
 43
0.0
 10
4037.5
 20
-3500.0
 10
4037.5
 20
-3565.0
 10
4118.499759674
 20
-3565.0
  0
LINE
  5
444
100
AcDbEntity
  8
EIXO
100
AcDbLine
 10
4675.0
 20
-2979.0
 30
0.0
 11
4795.0
 21
-2979.0
 31
0.0
  0
TRACE
  5
445
100
AcDbEntity
  8
0
100
AcDbTrace
 10
4775.0
 20
-2979.0
 30
0.0
 11
4770.833333333
 21
-2954.0
 31
0.0
 12
4779.166666667
 22
-2954.0
 32
0.0
 13
4779.166666667
 23
-2954.0
 33
0.0
  0
LWPOLYLINE
  5
446
100
AcDbEntity
  8
0
100
AcDbPolyline
 90
        2
 70
     0
 43
0.0
 10
4775.0
 20
-2954.0
 10
4775.0
 20
-2745.0
  0
LINE
  5
447
100
AcDbEntity
  8
0
100
AcDbLine
 10
4775.0
 20
-2745.0
 30
0.0
 11
4815.7806
 21
-2745.0
 31
0.0
  0
LWPOLYLINE
  5
448
100
AcDbEntity
  8
0
 62
     4
100
AcDbPolyline
 90
        4
 70
     1
 43
0.0
 10
4881.1312
 20
-2745.0
 10
4848.4559
 20
-2712.3247
 10
4815.7806
 20
-2745.0
 10
4848.4559
 20
-2777.6753
  0
MTEXT
  5
449
100
AcDbEntity
  8
0
 62
     4
100
AcDbMText
 10
4808.3544
 20
-2725.7829
 30
0.0
 40
25.4
 41
0.0
 71
     7
 72
     1
  1
%%c
 50
0.0
  0
MTEXT
  5
44A
100
AcDbEntity
  8
0
100
AcDbMText
 10
4848.4559
 20
-2745.0
 30
0.0
 40
20.0
 41
0.0
 71
     5
 72
     1
  1
27
 50
0.0
  0
LINE
  5
44B
100
AcDbEntity
  8
0
 62
     4
100
AcDbLine
 10
4881.1312
 20
-2745.0
 30
0.0
 11
5128.1312
 21
-2745.0
 31
0.0
  0
MTEXT
  5
44C
100
AcDbEntity
  8
0
 62
     4
100
AcDbMText
 10
4891.1312
 20
-2740.0
 30
0.0
 40
20.3
 41
0.0
 71
     7
 72
     1
  1
PARAFUSO %%c25.4
 50
0.0
  0
MTEXT
  5
44D
100
AcDbEntity
  8
0
 62
     4
100
AcDbMText
 10
4891.1312
 20
-2750.0
 30
0.0
 40
20.3
 41
0.0
 71
     1
 72
     1
  1
A 36
 50
0.0
  0
LINE
  5
44E
100
AcDbEntity
  8
EIXO
100
AcDbLine
 10
4675.0
 20
-3200.0
 30
0.0
 11
4795.0
 21
-3200.0
 31
0.0
  0
TRACE
  5
44F
100
AcDbEntity
  8
0
100
AcDbTrace
 10
4775.0
 20
-3200.0
 30
0.0
 11
4770.833333333
 21
-3175.0
 31
0.0
 12
4779.166666667
 22
-3175.0
 32
0.0
 13
4779.166666667
 23
-3175.0
 33
0.0
  0
LWPOLYLINE
  5
450
100
AcDbEntity
  8
0
100
AcDbPolyline
 90
        2
 70
     0
 43
0.0
 10
4775.0
 20
-3175.0
 10
4775.0
 20
-2979.0
  0
LINE
  5
451
100
AcDbEntity
  8
EIXO
100
AcDbLine
 10
4675.0
 20
-3421.0
 30
0.0
 11
4795.0
 21
-3421.0
 31
0.0
  0
TRACE
  5
452
100
AcDbEntity
  8
0
100
AcDbTrace
 10
4775.0
 20
-3421.0
 30
0.0
 11
4770.833333333
 21
-3396.0
 31
0.0
 12
4779.166666667
 22
-3396.0
 32
0.0
 13
4779.166666667
 23
-3396.0
 33
0.0
  0
LWPOLYLINE
  5
453
100
AcDbEntity
  8
0
100
AcDbPolyline
 90
        2
 70
     0
 43
0.0
 10
4775.0
 20
-3396.0
 10
4775.0
 20
-3200.0
  0
MTEXT
  5
454
100
AcDbEntity
  8
REGUA120
 62
     2
100
AcDbMText
 10
4250.0
 20
-2640.0
 30
0.0
 40
37.5
 41
0.0
 71
     5
 72
     1
  1
CHAPA "A"
  7
REGUA100
 50
0.0
  0
DIMENSION
  5
461
100
AcDbEntity
  8
0
100
AcDbDimension
  2
*D27
 10
8075.0
 20
292.0
 30
0.0
 11
8126.0
 21
292.0
 31
0.0
 70
    32
  1
102
  3
ISO-25
100
AcDbAlignedDimension
 13
8177.0
 23
182.0
 33
0.0
 14
8075.0
 24
32.0
 34
0.0
100
AcDbRotatedDimension
1001
ACAD
1000
DSTYLE
1002
{
1070
    41
1040
20.0
1070
   147
1040
10.0
1070
   140
1040
20
1002
}
  0
DIMENSION
  5
46E
100
AcDbEntity
  8
0
100
AcDbDimension
  2
*D28
 10
8177.0
 20
292.0
 30
0.0
 11
8500.0
 21
292.0
 31
0.0
 70
    32
  1
646
  3
ISO-25
100
AcDbAlignedDimension
 13
8823.0
 23
182.0
 33
0.0
 14
8177.0
 24
182.0
 34
0.0
100
AcDbRotatedDimension
1001
ACAD
1000
DSTYLE
1002
{
1070
    41
1040
20.0
1070
   147
1040
10.0
1070
   140
1040
20
1002
}
  0
DIMENSION
  5
47B
100
AcDbEntity
  8
0
100
AcDbDimension
  2
*D29
 10
8823.0
 20
292.0
 30
0.0
 11
8874.0
 21
292.0
 31
0.0
 70
    32
  1
102
  3
ISO-25
100
AcDbAlignedDimension
 13
8925.0
 23
32.0
 33
0.0
 14
8823.0
 24
182.0
 34
0.0
100
AcDbRotatedDimension
1001
ACAD
1000
DSTYLE
1002
{
1070
    41
1040
20.0
1070
   147
1040
10.0
1070
   140
1040
20
1002
}
  0
DIMENSION
  5
488
100
AcDbEntity
  8
0
100
AcDbDimension
  2
*D30
 10
8075.0
 20
379.0
 30
0.0
 11
8500.0
 21
379.0
 31
0.0
 70
    32
  1
850
  3
ISO-25
100
AcDbAlignedDimension
 13
8925.0
 23
17.0
 33
0.0
 14
8075.0
 24
17.0
 34
0.0
100
AcDbRotatedDimension
1001
ACAD
1000
DSTYLE
1002
{
1070
    41
1040
20.0
1070
   147
1040
10.0
1070
   140
1040
20
1002
}
  0
DIMENSION
  5
494
100
AcDbEntity
  8
0
100
AcDbDimension
  2
*D31
 10
7965.0
 20
32.450000763
 30
0.0
 11
7965.0
 21
24.950000763
 31
0.0
 70
   160
 42
15.0
  1
15
  3
ISO-25
100
AcDbAlignedDimension
 13
8075.0
 23
17.450000763
 33
0.0
 14
8075.0
 24
32.450000763
 34
0.0
 50
90.0
100
AcDbRotatedDimension
1001
ACAD
1000
DSTYLE
1002
{
1070
    41
1040
20.0
1070
   147
1040
10.0
1070
   140
1040
20
1002
}
  0
DIMENSION
  5
4A0
100
AcDbEntity
  8
0
100
AcDbDimension
  2
*D32
 10
9035.0
 20
17.450000763
 30
0.0
 11
9035.0
 21
99.949998856
 31
0.0
 70
   160
 42
164.999996185
  1
165
  3
ISO-25
100
AcDbAlignedDimension
 13
8823.0
 23
182.449996948
 33
0.0
 14
8925.0
 24
17.450000763
 34
0.0
 50
90.0
100
AcDbRotatedDimension
1001
ACAD
1000
DSTYLE
1002
{
1070
    41
1040
20.0
1070
   147
1040
10.0
1070
   140
1040
20
1002
}
  0
LWPOLYLINE
  5
4A1
100
AcDbEntity
  8
FAB-CHAPA
100
AcDbPolyline
 90
        6
 70
     1
 43
0.0
 10
8925.0
 20
17.450000763
 10
8925.0
 20
32.450000763
 10
8823.0
 20
182.449996948
 10
8177.0
 20
182.449996948
 10
8075.0
 20
32.450000763
 10
8075.0
 20
17.450000763
  0
MTEXT
  5
4A2
100
AcDbEntity
  8
FAB-CHAPA
 62
     2
100
AcDbMText
 10
8500.0
 20
560.0
 30
0.0
 40
37.5
 41
0.0
 71
     5
 72
     1
  1
CHAPA "B"
  7
REGUA100
 50
0.0
  0
TRACE
  5
4A3
100
AcDbEntity
  8
0
100
AcDbTrace
 10
8500.0
 20
17.450000763
 30
0.0
 11
8504.166666667
 21
-7.549999237
 31
0.0
 12
8495.833333333
 22
-7.549999237
 32
0.0
 13
8495.833333333
 23
-7.549999237
 33
0.0
  0
MTEXT
  5
4A4
100
AcDbEntity
  8
0
 62
     4
100
AcDbMText
 10
8500.0
 20
-92.549999237
 30
0.0
 40
25.0
 41
0.0
 71
     4
 72
     1
  1
CH. 12.7\PASTM A36
 50
0.0
  0
LWPOLYLINE
  5
4A5
100
AcDbEntity
  8
0
100
AcDbPolyline
 90
        3
 70
     0
 43
0.0
 10
8500.0
 20
-7.549999237
 10
8500.0
 20
-92.549999237
 10
8580.999759674
 20
-92.549999237
  0
DIMENSION
  5
4B1
100
AcDbEntity
  8
0
100
AcDbDimension
  2
*D33
 10
8659.799804688
 20
-3182.550048828
 30
0.0
 11
8659.799804688
 21
-3100.050048828
 31
0.0
 70
   160
 42
165.0
  1
165
  3
ISO-25
100
AcDbAlignedDimension
 13
8549.799804688
 23
-3017.550048828
 33
0.0
 14
8549.799804688
 24
-3182.550048828
 34
0.0
 50
90.0
100
AcDbRotatedDimension
1001
ACAD
1000
DSTYLE
1002
{
1070
    41
1040
20.0
1070
   147
1040
10.0
1070
   140
1040
20
1002
}
  0
DIMENSION
  5
4BE
100
AcDbEntity
  8
0
100
AcDbDimension
  2
*D34
 10
8549.799804688
 20
-3292.550048828
 30
0.0
 11
8499.899902344
 21
-3292.550048828
 31
0.0
 70
    32
  1
100
  3
ISO-25
100
AcDbAlignedDimension
 13
8450.0
 23
-3182.550048828
 33
0.0
 14
8549.799804688
 24
-3182.550048828
 34
0.0
100
AcDbRotatedDimension
1001
ACAD
1000
DSTYLE
1002
{
1070
    41
1040
20.0
1070
   147
1040
10.0
1070
   140
1040
20
1002
}
  0
DIMENSION
  5
4CA
100
AcDbEntity
  8
0
100
AcDbDimension
  2
*D35
 10
8340.0
 20
-3167.550048828
 30
0.0
 11
8340.0
 21
-3175.050048828
 31
0.0
 70
   160
 42
15.0
  1
15
  3
ISO-25
100
AcDbAlignedDimension
 13
8450.0
 23
-3182.550048828
 33
0.0
 14
8450.0
 24
-3167.550048828
 34
0.0
 50
90.0
100
AcDbRotatedDimension
1001
ACAD
1000
DSTYLE
1002
{
1070
    41
1040
20.0
1070
   147
1040
10.0
1070
   140
1040
20
1002
}
  0
LWPOLYLINE
  5
4CB
100
AcDbEntity
  8
FAB-CHAPA
100
AcDbPolyline
 90
        6
 70
     1
 43
0.0
 10
8450.0
 20
-3182.550048828
 10
8450.0
 20
-3167.550048828
 10
8534.799804688
 20
-3017.550048828
 10
8549.799804688
 20
-3017.550048828
 10
8549.799804688
 20
-3167.550048828
 10
8534.799804688
 20
-3182.550048828
  0
MTEXT
  5
4CC
100
AcDbEntity
  8
FAB-CHAPA
 62
     2
100
AcDbMText
 10
8500.0
 20
-2640.0
 30
0.0
 40
37.5
 41
0.0
 71
     5
 72
     1
  1
CHAPA "C"
  7
REGUA100
 50
0.0
  0
TRACE
  5
4CD
100
AcDbEntity
  8
0
100
AcDbTrace
 10
8492.400000095
 20
-3092.549999237
 30
0.0
 11
8471.776052311
 21
-3077.818607962
 31
0.0
 12
8477.668608821
 22
-3071.926051452
 32
0.0
 13
8477.668608821
 23
-3071.926051452
 33
0.0
  0
MTEXT
  5
4CE
100
AcDbEntity
  8
0
 62
     4
100
AcDbMText
 10
8292.400000095
 20
-2982.549999237
 30
0.0
 40
25.0
 41
0.0
 71
     6
 72
     1
  1
CH. 12.7\PASTM A36
 50
0.0
  0
LWPOLYLINE
  5
4CF
100
AcDbEntity
  8
0
100
AcDbPolyline
 90
        3
 70
     0
 43
0.0
 10
8474.722330566
 20
-3074.872329707
 10
8382.400000095
 20
-2982.549999237
 10
8301.400240421
 20
-2982.549999237
  0
LINE
  5
4D0
100
AcDbEntity
  8
EIXO
100
AcDbLine
 10
-371.0
 20
-17.450000763
 30
0.0
 11
-371.0
 21
-2925.0
 31
0.0
  0
TRACE
  5
4D1
100
AcDbEntity
  8
0
100
AcDbTrace
 10
-358.300000191
 20
-371.225000381
 30
0.0
 11
-333.300000191
 21
-367.058333715
 31
0.0
 12
-333.300000191
 22
-375.391667048
 32
0.0
 13
-333.300000191
 23
-375.391667048
 33
0.0
  0
LWPOLYLINE
  5
4D2
100
AcDbEntity
  8
0
100
AcDbPolyline
 90
        2
 70
     0
 43
0.0
 10
-333.300000191
 20
-371.225000381
 10
0.0
 20
-371.225000381
  0
LWPOLYLINE
  5
4D3
100
AcDbEntity
  8
PERFIL
100
AcDbPolyline
 90
        4
 70
     1
 43
0.0
 10
-358.300000191
 20
131.854995728
 10
-358.300000191
 20
-1068.145004272
 10
-383.699999809
 20
-1068.145004272
 10
-383.699999809
 20
131.854995728
  0
LINE
  5
4D4
100
AcDbEntity
  8
PERFIL
100
AcDbLine
 10
-377.349999905
 20
-68.145004272
 30
0.0
 11
-377.349999905
 21
131.854995728
 31
0.0
  0
LINE
  5
4D5
100
AcDbEntity
  8
PERFIL
100
AcDbLine
 10
-364.650000095
 20
-68.145004272
 30
0.0
 11
-364.650000095
 21
131.854995728
 31
0.0
  0
LINE
  5
4D6
100
AcDbEntity
  8
PERFIL
100
AcDbLine
 10
-383.699999809
 20
-68.145004272
 30
0.0
 11
-358.300000191
 21
-68.145004272
 31
0.0
  0
LINE
  5
4D7
100
AcDbEntity
  8
PERFIL
100
AcDbLine
 10
-377.349999905
 20
-1018.145004272
 30
0.0
 11
-377.349999905
 21
-1068.145004272
 31
0.0
  0
LINE
  5
4D8
100
AcDbEntity
  8
PERFIL
100
AcDbLine
 10
-364.650000095
 20
-1018.145004272
 30
0.0
 11
-364.650000095
 21
-1068.145004272
 31
0.0
  0
LINE
  5
4D9
100
AcDbEntity
  8
PERFIL
100
AcDbLine
 10
-383.699999809
 20
-1018.145004272
 30
0.0
 11
-358.300000191
 21
-1018.145004272
 31
0.0
  0
LWPOLYLINE
  5
4DA
100
AcDbEntity
  8
EIXO
100
AcDbPolyline
 90
        2
 70
     0
 43
0.0
 10
-371.0
 20
157.254995346
 10
-371.0
 20
-1093.545003891
  0
ARC
  5
4DB
100
AcDbEntity
  8
CHU-CHUMBADOR
  6
CONTINUOUS
100
AcDbCircle
 10
-365.002775469
 20
-29.719891687
 30
0.0
 40
14.79511372
100
AcDbArc
 50
270.0
 51
293.913168486
  0
ARC
  5
4DC
100
AcDbEntity
  8
CHU-CHUMBADOR
  6
CONTINUOUS
100
AcDbCircle
 10
-365.002775469
 20
-35.180109839
 30
0.0
 40
14.79511372
100
AcDbArc
 50
66.086831514
 51
90.0
  0
LINE
  5
4DD
100
AcDbEntity
  8
CHU-CHUMBADOR
100
AcDbLine
 10
-388.991673593
 20
-44.515005408
 30
0.0
 11
-353.008326407
 21
-44.515005408
 31
0.0
  0
LINE
  5
4DE
100
AcDbEntity
  8
CHU-CHUMBADOR
100
AcDbLine
 10
-388.991673593
 20
-20.384996118
 30
0.0
 11
-353.008326407
 21
-20.384996118
 31
0.0
  0
ARC
  5
4DF
100
AcDbEntity
  8
CHU-CHUMBADOR
  6
CONTINUOUS
100
AcDbCircle
 10
-376.997224531
 20
-29.719891687
 30
0.0
 40
14.79511372
100
AcDbArc
 50
246.086831514
 51
270.0
  0
ARC
  5
4E0
100
AcDbEntity
  8
CHU-CHUMBADOR
  6
CONTINUOUS
100
AcDbCircle
 10
-388.991673593
 20
-29.719891687
 30
0.0
 40
14.79511372
100
AcDbArc
 50
246.086831514
 51
293.913168486
  0
LINE
  5
4E1
100
AcDbEntity
  8
CHU-CHUMBADOR
100
AcDbLine
 10
-394.988898124
 20
-43.245004919
 30
0.0
 11
-394.988898124
 21
-21.654996607
 31
0.0
  0
LINE
  5
4E2
100
AcDbEntity
  8
CHU-CHUMBADOR
100
AcDbLine
 10
-382.994449062
 20
-43.245004919
 30
0.0
 11
-382.994449062
 21
-21.654996607
 31
0.0
  0
ARC
  5
4E3
100
AcDbEntity
  8
CHU-CHUMBADOR
  6
CONTINUOUS
100
AcDbCircle
 10
-388.991673593
 20
-35.180109839
 30
0.0
 40
14.79511372
100
AcDbArc
 50
66.086831514
 51
113.913168486
  0
ARC
  5
4E4
100
AcDbEntity
  8
CHU-CHUMBADOR
  6
CONTINUOUS
100
AcDbCircle
 10
-376.997224531
 20
-35.180109839
 30
0.0
 40
14.79511372
100
AcDbArc
 50
90.0
 51
113.913168486
  0
ARC
  5
4E5
100
AcDbEntity
  8
CHU-CHUMBADOR
  6
CONTINUOUS
100
AcDbCircle
 10
-353.008326407
 20
-29.719891687
 30
0.0
 40
14.79511372
100
AcDbArc
 50
246.086831514
 51
293.913168486
  0
LINE
  5
4E6
100
AcDbEntity
  8
CHU-CHUMBADOR
100
AcDbLine
 10
-359.005550938
 20
-43.245004919
 30
0.0
 11
-359.005550938
 21
-21.654996607
 31
0.0
  0
LINE
  5
4E7
100
AcDbEntity
  8
CHU-CHUMBADOR
100
AcDbLine
 10
-347.011101876
 20
-43.245004919
 30
0.0
 11
-347.011101876
 21
-21.654996607
 31
0.0
  0
ARC
  5
4E8
100
AcDbEntity
  8
CHU-CHUMBADOR
  6
CONTINUOUS
100
AcDbCircle
 10
-353.008326407
 20
-35.180109839
 30
0.0
 40
14.79511372
100
AcDbArc
 50
66.086831514
 51
113.913168486
  0
ARC
  5
4E9
100
AcDbEntity
  8
CHU-CHUMBADOR
  6
CONTINUOUS
100
AcDbCircle
 10
-365.002775469
 20
58.280109266
 30
0.0
 40
14.79511372
100
AcDbArc
 50
270.0
 51
293.913168486
  0
ARC
  5
4EA
100
AcDbEntity
  8
CHU-CHUMBADOR
  6
CONTINUOUS
100
AcDbCircle
 10
-365.002775469
 20
52.819891115
 30
0.0
 40
14.79511372
100
AcDbArc
 50
66.086831514
 51
90.0
  0
LINE
  5
4EB
100
AcDbEntity
  8
CHU-CHUMBADOR
100
AcDbLine
 10
-388.991673593
 20
43.484995546
 30
0.0
 11
-353.008326407
 21
43.484995546
 31
0.0
  0
LINE
  5
4EC
100
AcDbEntity
  8
CHU-CHUMBADOR
100
AcDbLine
 10
-388.991673593
 20
67.615004836
 30
0.0
 11
-353.008326407
 21
67.615004836
 31
0.0
  0
ARC
  5
4ED
100
AcDbEntity
  8
CHU-CHUMBADOR
  6
CONTINUOUS
100
AcDbCircle
 10
-376.997224531
 20
58.280109266
 30
0.0
 40
14.79511372
100
AcDbArc
 50
246.086831514
 51
270.0
  0
ARC
  5
4EE
100
AcDbEntity
  8
CHU-CHUMBADOR
  6
CONTINUOUS
100
AcDbCircle
 10
-388.991673593
 20
58.280109266
 30
0.0
 40
14.79511372
100
AcDbArc
 50
246.086831514
 51
293.913168486
  0
LINE
  5
4EF
100
AcDbEntity
  8
CHU-CHUMBADOR
100
AcDbLine
 10
-394.988898124
 20
44.754996035
 30
0.0
 11
-394.988898124
 21
66.345004347
 31
0.0
  0
LINE
  5
4F0
100
AcDbEntity
  8
CHU-CHUMBADOR
100
AcDbLine
 10
-382.994449062
 20
44.754996035
 30
0.0
 11
-382.994449062
 21
66.345004347
 31
0.0
  0
ARC
  5
4F1
100
AcDbEntity
  8
CHU-CHUMBADOR
  6
CONTINUOUS
100
AcDbCircle
 10
-388.991673593
 20
52.819891115
 30
0.0
 40
14.79511372
100
AcDbArc
 50
66.086831514
 51
113.913168486
  0
ARC
  5
4F2
100
AcDbEntity
  8
CHU-CHUMBADOR
  6
CONTINUOUS
100
AcDbCircle
 10
-376.997224531
 20
52.819891115
 30
0.0
 40
14.79511372
100
AcDbArc
 50
90.0
 51
113.913168486
  0
ARC
  5
4F3
100
AcDbEntity
  8
CHU-CHUMBADOR
  6
CONTINUOUS
100
AcDbCircle
 10
-353.008326407
 20
58.280109266
 30
0.0
 40
14.79511372
100
AcDbArc
 50
246.086831514
 51
293.913168486
  0
LINE
  5
4F4
100
AcDbEntity
  8
CHU-CHUMBADOR
100
AcDbLine
 10
-359.005550938
 20
44.754996035
 30
0.0
 11
-359.005550938
 21
66.345004347
 31
0.0
  0
LINE
  5
4F5
100
AcDbEntity
  8
CHU-CHUMBADOR
100
AcDbLine
 10
-347.011101876
 20
44.754996035
 30
0.0
 11
-347.011101876
 21
66.345004347
 31
0.0
  0
ARC
  5
4F6
100
AcDbEntity
  8
CHU-CHUMBADOR
  6
CONTINUOUS
100
AcDbCircle
 10
-353.008326407
 20
52.819891115
 30
0.0
 40
14.79511372
100
AcDbArc
 50
66.086831514
 51
113.913168486
  0
ARC
  5
4F7
100
AcDbEntity
  8
CHU-CHUMBADOR
  6
CONTINUOUS
100
AcDbCircle
 10
-365.002775469
 20
96.380108694
 30
0.0
 40
14.79511372
100
AcDbArc
 50
270.0
 51
293.913168486
  0
ARC
  5
4F8
100
AcDbEntity
  8
CHU-CHUMBADOR
  6
CONTINUOUS
100
AcDbCircle
 10
-365.002775469
 20
90.919890543
 30
0.0
 40
14.79511372
100
AcDbArc
 50
66.086831514
 51
90.0
  0
LINE
  5
4F9
100
AcDbEntity
  8
CHU-CHUMBADOR
100
AcDbLine
 10
-388.991673593
 20
81.584994974
 30
0.0
 11
-353.008326407
 21
81.584994974
 31
0.0
  0
LINE
  5
4FA
100
AcDbEntity
  8
CHU-CHUMBADOR
100
AcDbLine
 10
-388.991673593
 20
105.715004263
 30
0.0
 11
-353.008326407
 21
105.715004263
 31
0.0
  0
ARC
  5
4FB
100
AcDbEntity
  8
CHU-CHUMBADOR
  6
CONTINUOUS
100
AcDbCircle
 10
-376.997224531
 20
96.380108694
 30
0.0
 40
14.79511372
100
AcDbArc
 50
246.086831514
 51
270.0
  0
ARC
  5
4FC
100
AcDbEntity
  8
CHU-CHUMBADOR
  6
CONTINUOUS
100
AcDbCircle
 10
-388.991673593
 20
96.380108694
 30
0.0
 40
14.79511372
100
AcDbArc
 50
246.086831514
 51
293.913168486
  0
LINE
  5
4FD
100
AcDbEntity
  8
CHU-CHUMBADOR
100
AcDbLine
 10
-394.988898124
 20
82.854995463
 30
0.0
 11
-394.988898124
 21
104.445003774
 31
0.0
  0
LINE
  5
4FE
100
AcDbEntity
  8
CHU-CHUMBADOR
100
AcDbLine
 10
-382.994449062
 20
82.854995463
 30
0.0
 11
-382.994449062
 21
104.445003774
 31
0.0
  0
ARC
  5
4FF
100
AcDbEntity
  8
CHU-CHUMBADOR
  6
CONTINUOUS
100
AcDbCircle
 10
-388.991673593
 20
90.919890543
 30
0.0
 40
14.79511372
100
AcDbArc
 50
66.086831514
 51
113.913168486
  0
ARC
  5
500
100
AcDbEntity
  8
CHU-CHUMBADOR
  6
CONTINUOUS
100
AcDbCircle
 10
-376.997224531
 20
90.919890543
 30
0.0
 40
14.79511372
100
AcDbArc
 50
90.0
 51
113.913168486
  0
ARC
  5
501
100
AcDbEntity
  8
CHU-CHUMBADOR
  6
CONTINUOUS
100
AcDbCircle
 10
-353.008326407
 20
96.380108694
 30
0.0
 40
14.79511372
100
AcDbArc
 50
246.086831514
 51
293.913168486
  0
LINE
  5
502
100
AcDbEntity
  8
CHU-CHUMBADOR
100
AcDbLine
 10
-359.005550938
 20
82.854995463
 30
0.0
 11
-359.005550938
 21
104.445003774
 31
0.0
  0
LINE
  5
503
100
AcDbEntity
  8
CHU-CHUMBADOR
100
AcDbLine
 10
-347.011101876
 20
82.854995463
 30
0.0
 11
-347.011101876
 21
104.445003774
 31
0.0
  0
ARC
  5
504
100
AcDbEntity
  8
CHU-CHUMBADOR
  6
CONTINUOUS
100
AcDbCircle
 10
-353.008326407
 20
90.919890543
 30
0.0
 40
14.79511372
100
AcDbArc
 50
66.086831514
 51
113.913168486
  0
LWPOLYLINE
  5
505
100
AcDbEntity
  8
CHU-CHUMBADOR
100
AcDbPolyline
 90
        4
 70
     1
 43
0.0
 10
-400.209999561
 20
28.880000591
 10
-341.790000439
 20
28.880000591
 10
-341.790000439
 20
31.420000553
 10
-400.209999561
 20
31.420000553
  0
ARC
  5
506
100
AcDbEntity
  8
CHU-CHUMBADOR
  6
CONTINUOUS
100
AcDbCircle
 10
-365.002775469
 20
-1040.414892526
 30
0.0
 40
14.79511372
100
AcDbArc
 50
270.0
 51
293.913168486
  0
ARC
  5
507
100
AcDbEntity
  8
CHU-CHUMBADOR
  6
CONTINUOUS
100
AcDbCircle
 10
-365.002775469
 20
-1045.875110678
 30
0.0
 40
14.79511372
100
AcDbArc
 50
66.086831514
 51
90.0
  0
LINE
  5
508
100
AcDbEntity
  8
CHU-CHUMBADOR
100
AcDbLine
 10
-388.991673593
 20
-1055.210006247
 30
0.0
 11
-353.008326407
 21
-1055.210006247
 31
0.0
  0
LINE
  5
509
100
AcDbEntity
  8
CHU-CHUMBADOR
100
AcDbLine
 10
-388.991673593
 20
-1031.079996957
 30
0.0
 11
-353.008326407
 21
-1031.079996957
 31
0.0
  0
ARC
  5
50A
100
AcDbEntity
  8
CHU-CHUMBADOR
  6
CONTINUOUS
100
AcDbCircle
 10
-376.997224531
 20
-1040.414892526
 30
0.0
 40
14.79511372
100
AcDbArc
 50
246.086831514
 51
270.0
  0
ARC
  5
50B
100
AcDbEntity
  8
CHU-CHUMBADOR
  6
CONTINUOUS
100
AcDbCircle
 10
-388.991673593
 20
-1040.414892526
 30
0.0
 40
14.79511372
100
AcDbArc
 50
246.086831514
 51
293.913168486
  0
LINE
  5
50C
100
AcDbEntity
  8
CHU-CHUMBADOR
100
AcDbLine
 10
-394.988898124
 20
-1053.940005758
 30
0.0
 11
-394.988898124
 21
-1032.349997446
 31
0.0
  0
LINE
  5
50D
100
AcDbEntity
  8
CHU-CHUMBADOR
100
AcDbLine
 10
-382.994449062
 20
-1053.940005758
 30
0.0
 11
-382.994449062
 21
-1032.349997446
 31
0.0
  0
ARC
  5
50E
100
AcDbEntity
  8
CHU-CHUMBADOR
  6
CONTINUOUS
100
AcDbCircle
 10
-388.991673593
 20
-1045.875110678
 30
0.0
 40
14.79511372
100
AcDbArc
 50
66.086831514
 51
113.913168486
  0
ARC
  5
50F
100
AcDbEntity
  8
CHU-CHUMBADOR
  6
CONTINUOUS
100
AcDbCircle
 10
-376.997224531
 20
-1045.875110678
 30
0.0
 40
14.79511372
100
AcDbArc
 50
90.0
 51
113.913168486
  0
ARC
  5
510
100
AcDbEntity
  8
CHU-CHUMBADOR
  6
CONTINUOUS
100
AcDbCircle
 10
-353.008326407
 20
-1040.414892526
 30
0.0
 40
14.79511372
100
AcDbArc
 50
246.086831514
 51
293.913168486
  0
LINE
  5
511
100
AcDbEntity
  8
CHU-CHUMBADOR
100
AcDbLine
 10
-359.005550938
 20
-1053.940005758
 30
0.0
 11
-359.005550938
 21
-1032.349997446
 31
0.0
  0
LINE
  5
512
100
AcDbEntity
  8
CHU-CHUMBADOR
100
AcDbLine
 10
-347.011101876
 20
-1053.940005758
 30
0.0
 11
-347.011101876
 21
-1032.349997446
 31
0.0
  0
ARC
  5
513
100
AcDbEntity
  8
CHU-CHUMBADOR
  6
CONTINUOUS
100
AcDbCircle
 10
-353.008326407
 20
-1045.875110678
 30
0.0
 40
14.79511372
100
AcDbArc
 50
66.086831514
 51
113.913168486
  0
LINE
  5
514
100
AcDbEntity
  8
EIXO
100
AcDbLine
 10
0.0
 20
-17.450000763
 30
0.0
 11
0.0
 21
-2925.0
 31
0.0
  0
TRACE
  5
515
100
AcDbEntity
  8
0
100
AcDbTrace
 10
12.699999809
 20
-371.225000381
 30
0.0
 11
37.699999809
 21
-367.058333715
 31
0.0
 12
37.699999809
 22
-375.391667048
 32
0.0
 13
37.699999809
 23
-375.391667048
 33
0.0
  0
LWPOLYLINE
  5
516
100
AcDbEntity
  8
0
100
AcDbPolyline
 90
        2
 70
     0
 43
0.0
 10
37.699999809
 20
-371.225000381
 10
371.0
 20
-371.225000381
  0
LWPOLYLINE
  5
517
100
AcDbEntity
  8
PERFIL
100
AcDbPolyline
 90
        4
 70
     1
 43
0.0
 10
12.699999809
 20
131.854995728
 10
12.699999809
 20
-1068.145004272
 10
-12.699999809
 20
-1068.145004272
 10
-12.699999809
 20
131.854995728
  0
LINE
  5
518
100
AcDbEntity
  8
PERFIL
100
AcDbLine
 10
-6.349999905
 20
-68.145004272
 30
0.0
 11
-6.349999905
 21
131.854995728
 31
0.0
  0
LINE
  5
519
100
AcDbEntity
  8
PERFIL
100
AcDbLine
 10
6.349999905
 20
-68.145004272
 30
0.0
 11
6.349999905
 21
131.854995728
 31
0.0
  0
LINE
  5
51A
100
AcDbEntity
  8
PERFIL
100
AcDbLine
 10
-12.699999809
 20
-68.145004272
 30
0.0
 11
12.699999809
 21
-68.145004272
 31
0.0
  0
LINE
  5
51B
100
AcDbEntity
  8
PERFIL
100
AcDbLine
 10
-6.349999905
 20
-1018.145004272
 30
0.0
 11
-6.349999905
 21
-1068.145004272
 31
0.0
  0
LINE
  5
51C
100
AcDbEntity
  8
PERFIL
100
AcDbLine
 10
6.349999905
 20
-1018.145004272
 30
0.0
 11
6.349999905
 21
-1068.145004272
 31
0.0
  0
LINE
  5
51D
100
AcDbEntity
  8
PERFIL
100
AcDbLine
 10
-12.699999809
 20
-1018.145004272
 30
0.0
 11
12.699999809
 21
-1018.145004272
 31
0.0
  0
LWPOLYLINE
  5
51E
100
AcDbEntity
  8
EIXO
100
AcDbPolyline
 90
        2
 70
     0
 43
0.0
 10
0.0
 20
157.254995346
 10
0.0
 20
-1093.545003891
  0
ARC
  5
51F
100
AcDbEntity
  8
CHU-CHUMBADOR
  6
CONTINUOUS
100
AcDbCircle
 10
5.997224531
 20
-29.719891687
 30
0.0
 40
14.79511372
100
AcDbArc
 50
270.0
 51
293.913168486
  0
ARC
  5
520
100
AcDbEntity
  8
CHU-CHUMBADOR
  6
CONTINUOUS
100
AcDbCircle
 10
5.997224531
 20
-35.180109839
 30
0.0
 40
14.79511372
100
AcDbArc
 50
66.086831514
 51
90.0
  0
LINE
  5
521
100
AcDbEntity
  8
CHU-CHUMBADOR
100
AcDbLine
 10
-17.991673593
 20
-44.515005408
 30
0.0
 11
17.991673593
 21
-44.515005408
 31
0.0
  0
LINE
  5
522
100
AcDbEntity
  8
CHU-CHUMBADOR
100
AcDbLine
 10
-17.991673593
 20
-20.384996118
 30
0.0
 11
17.991673593
 21
-20.384996118
 31
0.0
  0
ARC
  5
523
100
AcDbEntity
  8
CHU-CHUMBADOR
  6
CONTINUOUS
100
AcDbCircle
 10
-5.997224531
 20
-29.719891687
 30
0.0
 40
14.79511372
100
AcDbArc
 50
246.086831514
 51
270.0
  0
ARC
  5
524
100
AcDbEntity
  8
CHU-CHUMBADOR
  6
CONTINUOUS
100
AcDbCircle
 10
-17.991673593
 20
-29.719891687
 30
0.0
 40
14.79511372
100
AcDbArc
 50
246.086831514
 51
293.913168486
  0
LINE
  5
525
100
AcDbEntity
  8
CHU-CHUMBADOR
100
AcDbLine
 10
-23.988898124
 20
-43.245004919
 30
0.0
 11
-23.988898124
 21
-21.654996607
 31
0.0
  0
LINE
  5
526
100
AcDbEntity
  8
CHU-CHUMBADOR
100
AcDbLine
 10
-11.994449062
 20
-43.245004919
 30
0.0
 11
-11.994449062
 21
-21.654996607
 31
0.0
  0
ARC
  5
527
100
AcDbEntity
  8
CHU-CHUMBADOR
  6
CONTINUOUS
100
AcDbCircle
 10
-17.991673593
 20
-35.180109839
 30
0.0
 40
14.79511372
100
AcDbArc
 50
66.086831514
 51
113.913168486
  0
ARC
  5
528
100
AcDbEntity
  8
CHU-CHUMBADOR
  6
CONTINUOUS
100
AcDbCircle
 10
-5.997224531
 20
-35.180109839
 30
0.0
 40
14.79511372
100
AcDbArc
 50
90.0
 51
113.913168486
  0
ARC
  5
529
100
AcDbEntity
  8
CHU-CHUMBADOR
  6
CONTINUOUS
100
AcDbCircle
 10
17.991673593
 20
-29.719891687
 30
0.0
 40
14.79511372
100
AcDbArc
 50
246.086831514
 51
293.913168486
  0
LINE
  5
52A
100
AcDbEntity
  8
CHU-CHUMBADOR
100
AcDbLine
 10
11.994449062
 20
-43.245004919
 30
0.0
 11
11.994449062
 21
-21.654996607
 31
0.0
  0
LINE
  5
52B
100
AcDbEntity
  8
CHU-CHUMBADOR
100
AcDbLine
 10
23.988898124
 20
-43.245004919
 30
0.0
 11
23.988898124
 21
-21.654996607
 31
0.0
  0
ARC
  5
52C
100
AcDbEntity
  8
CHU-CHUMBADOR
  6
CONTINUOUS
100
AcDbCircle
 10
17.991673593
 20
-35.180109839
 30
0.0
 40
14.79511372
100
AcDbArc
 50
66.086831514
 51
113.913168486
  0
ARC
  5
52D
100
AcDbEntity
  8
CHU-CHUMBADOR
  6
CONTINUOUS
100
AcDbCircle
 10
5.997224531
 20
58.280109266
 30
0.0
 40
14.79511372
100
AcDbArc
 50
270.0
 51
293.913168486
  0
ARC
  5
52E
100
AcDbEntity
  8
CHU-CHUMBADOR
  6
CONTINUOUS
100
AcDbCircle
 10
5.997224531
 20
52.819891115
 30
0.0
 40
14.79511372
100
AcDbArc
 50
66.086831514
 51
90.0
  0
LINE
  5
52F
100
AcDbEntity
  8
CHU-CHUMBADOR
100
AcDbLine
 10
-17.991673593
 20
43.484995546
 30
0.0
 11
17.991673593
 21
43.484995546
 31
0.0
  0
LINE
  5
530
100
AcDbEntity
  8
CHU-CHUMBADOR
100
AcDbLine
 10
-17.991673593
 20
67.615004836
 30
0.0
 11
17.991673593
 21
67.615004836
 31
0.0
  0
ARC
  5
531
100
AcDbEntity
  8
CHU-CHUMBADOR
  6
CONTINUOUS
100
AcDbCircle
 10
-5.997224531
 20
58.280109266
 30
0.0
 40
14.79511372
100
AcDbArc
 50
246.086831514
 51
270.0
  0
ARC
  5
532
100
AcDbEntity
  8
CHU-CHUMBADOR
  6
CONTINUOUS
100
AcDbCircle
 10
-17.991673593
 20
58.280109266
 30
0.0
 40
14.79511372
100
AcDbArc
 50
246.086831514
 51
293.913168486
  0
LINE
  5
533
100
AcDbEntity
  8
CHU-CHUMBADOR
100
AcDbLine
 10
-23.988898124
 20
44.754996035
 30
0.0
 11
-23.988898124
 21
66.345004347
 31
0.0
  0
LINE
  5
534
100
AcDbEntity
  8
CHU-CHUMBADOR
100
AcDbLine
 10
-11.994449062
 20
44.754996035
 30
0.0
 11
-11.994449062
 21
66.345004347
 31
0.0
  0
ARC
  5
535
100
AcDbEntity
  8
CHU-CHUMBADOR
  6
CONTINUOUS
100
AcDbCircle
 10
-17.991673593
 20
52.819891115
 30
0.0
 40
14.79511372
100
AcDbArc
 50
66.086831514
 51
113.913168486
  0
ARC
  5
536
100
AcDbEntity
  8
CHU-CHUMBADOR
  6
CONTINUOUS
100
AcDbCircle
 10
-5.997224531
 20
52.819891115
 30
0.0
 40
14.79511372
100
AcDbArc
 50
90.0
 51
113.913168486
  0
ARC
  5
537
100
AcDbEntity
  8
CHU-CHUMBADOR
  6
CONTINUOUS
100
AcDbCircle
 10
17.991673593
 20
58.280109266
 30
0.0
 40
14.79511372
100
AcDbArc
 50
246.086831514
 51
293.913168486
  0
LINE
  5
538
100
AcDbEntity
  8
CHU-CHUMBADOR
100
AcDbLine
 10
11.994449062
 20
44.754996035
 30
0.0
 11
11.994449062
 21
66.345004347
 31
0.0
  0
LINE
  5
539
100
AcDbEntity
  8
CHU-CHUMBADOR
100
AcDbLine
 10
23.988898124
 20
44.754996035
 30
0.0
 11
23.988898124
 21
66.345004347
 31
0.0
  0
ARC
  5
53A
100
AcDbEntity
  8
CHU-CHUMBADOR
  6
CONTINUOUS
100
AcDbCircle
 10
17.991673593
 20
52.819891115
 30
0.0
 40
14.79511372
100
AcDbArc
 50
66.086831514
 51
113.913168486
  0
ARC
  5
53B
100
AcDbEntity
  8
CHU-CHUMBADOR
  6
CONTINUOUS
100
AcDbCircle
 10
5.997224531
 20
96.380108694
 30
0.0
 40
14.79511372
100
AcDbArc
 50
270.0
 51
293.913168486
  0
ARC
  5
53C
100
AcDbEntity
  8
CHU-CHUMBADOR
  6
CONTINUOUS
100
AcDbCircle
 10
5.997224531
 20
90.919890543
 30
0.0
 40
14.79511372
100
AcDbArc
 50
66.086831514
 51
90.0
  0
LINE
  5
53D
100
AcDbEntity
  8
CHU-CHUMBADOR
100
AcDbLine
 10
-17.991673593
 20
81.584994974
 30
0.0
 11
17.991673593
 21
81.584994974
 31
0.0
  0
LINE
  5
53E
100
AcDbEntity
  8
CHU-CHUMBADOR
100
AcDbLine
 10
-17.991673593
 20
105.715004263
 30
0.0
 11
17.991673593
 21
105.715004263
 31
0.0
  0
ARC
  5
53F
100
AcDbEntity
  8
CHU-CHUMBADOR
  6
CONTINUOUS
100
AcDbCircle
 10
-5.997224531
 20
96.380108694
 30
0.0
 40
14.79511372
100
AcDbArc
 50
246.086831514
 51
270.0
  0
ARC
  5
540
100
AcDbEntity
  8
CHU-CHUMBADOR
  6
CONTINUOUS
100
AcDbCircle
 10
-17.991673593
 20
96.380108694
 30
0.0
 40
14.79511372
100
AcDbArc
 50
246.086831514
 51
293.913168486
  0
LINE
  5
541
100
AcDbEntity
  8
CHU-CHUMBADOR
100
AcDbLine
 10
-23.988898124
 20
82.854995463
 30
0.0
 11
-23.988898124
 21
104.445003774
 31
0.0
  0
LINE
  5
542
100
AcDbEntity
  8
CHU-CHUMBADOR
100
AcDbLine
 10
-11.994449062
 20
82.854995463
 30
0.0
 11
-11.994449062
 21
104.445003774
 31
0.0
  0
ARC
  5
543
100
AcDbEntity
  8
CHU-CHUMBADOR
  6
CONTINUOUS
100
AcDbCircle
 10
-17.991673593
 20
90.919890543
 30
0.0
 40
14.79511372
100
AcDbArc
 50
66.086831514
 51
113.913168486
  0
ARC
  5
544
100
AcDbEntity
  8
CHU-CHUMBADOR
  6
CONTINUOUS
100
AcDbCircle
 10
-5.997224531
 20
90.919890543
 30
0.0
 40
14.79511372
100
AcDbArc
 50
90.0
 51
113.913168486
  0
ARC
  5
545
100
AcDbEntity
  8
CHU-CHUMBADOR
  6
CONTINUOUS
100
AcDbCircle
 10
17.991673593
 20
96.380108694
 30
0.0
 40
14.79511372
100
AcDbArc
 50
246.086831514
 51
293.913168486
  0
LINE
  5
546
100
AcDbEntity
  8
CHU-CHUMBADOR
100
AcDbLine
 10
11.994449062
 20
82.854995463
 30
0.0
 11
11.994449062
 21
104.445003774
 31
0.0
  0
LINE
  5
547
100
AcDbEntity
  8
CHU-CHUMBADOR
100
AcDbLine
 10
23.988898124
 20
82.854995463
 30
0.0
 11
23.988898124
 21
104.445003774
 31
0.0
  0
ARC
  5
548
100
AcDbEntity
  8
CHU-CHUMBADOR
  6
CONTINUOUS
100
AcDbCircle
 10
17.991673593
 20
90.919890543
 30
0.0
 40
14.79511372
100
AcDbArc
 50
66.086831514
 51
113.913168486
  0
LWPOLYLINE
  5
549
100
AcDbEntity
  8
CHU-CHUMBADOR
100
AcDbPolyline
 90
        4
 70
     1
 43
0.0
 10
-29.209999561
 20
28.880000591
 10
29.209999561
 20
28.880000591
 10
29.209999561
 20
31.420000553
 10
-29.209999561
 20
31.420000553
  0
ARC
  5
54A
100
AcDbEntity
  8
CHU-CHUMBADOR
  6
CONTINUOUS
100
AcDbCircle
 10
5.997224531
 20
-1040.414892526
 30
0.0
 40
14.79511372
100
AcDbArc
 50
270.0
 51
293.913168486
  0
ARC
  5
54B
100
AcDbEntity
  8
CHU-CHUMBADOR
  6
CONTINUOUS
100
AcDbCircle
 10
5.997224531
 20
-1045.875110678
 30
0.0
 40
14.79511372
100
AcDbArc
 50
66.086831514
 51
90.0
  0
LINE
  5
54C
100
AcDbEntity
  8
CHU-CHUMBADOR
100
AcDbLine
 10
-17.991673593
 20
-1055.210006247
 30
0.0
 11
17.991673593
 21
-1055.210006247
 31
0.0
  0
LINE
  5
54D
100
AcDbEntity
  8
CHU-CHUMBADOR
100
AcDbLine
 10
-17.991673593
 20
-1031.079996957
 30
0.0
 11
17.991673593
 21
-1031.079996957
 31
0.0
  0
ARC
  5
54E
100
AcDbEntity
  8
CHU-CHUMBADOR
  6
CONTINUOUS
100
AcDbCircle
 10
-5.997224531
 20
-1040.414892526
 30
0.0
 40
14.79511372
100
AcDbArc
 50
246.086831514
 51
270.0
  0
ARC
  5
54F
100
AcDbEntity
  8
CHU-CHUMBADOR
  6
CONTINUOUS
100
AcDbCircle
 10
-17.991673593
 20
-1040.414892526
 30
0.0
 40
14.79511372
100
AcDbArc
 50
246.086831514
 51
293.913168486
  0
LINE
  5
550
100
AcDbEntity
  8
CHU-CHUMBADOR
100
AcDbLine
 10
-23.988898124
 20
-1053.940005758
 30
0.0
 11
-23.988898124
 21
-1032.349997446
 31
0.0
  0
LINE
  5
551
100
AcDbEntity
  8
CHU-CHUMBADOR
100
AcDbLine
 10
-11.994449062
 20
-1053.940005758
 30
0.0
 11
-11.994449062
 21
-1032.349997446
 31
0.0
  0
ARC
  5
552
100
AcDbEntity
  8
CHU-CHUMBADOR
  6
CONTINUOUS
100
AcDbCircle
 10
-17.991673593
 20
-1045.875110678
 30
0.0
 40
14.79511372
100
AcDbArc
 50
66.086831514
 51
113.913168486
  0
ARC
  5
553
100
AcDbEntity
  8
CHU-CHUMBADOR
  6
CONTINUOUS
100
AcDbCircle
 10
-5.997224531
 20
-1045.875110678
 30
0.0
 40
14.79511372
100
AcDbArc
 50
90.0
 51
113.913168486
  0
ARC
  5
554
100
AcDbEntity
  8
CHU-CHUMBADOR
  6
CONTINUOUS
100
AcDbCircle
 10
17.991673593
 20
-1040.414892526
 30
0.0
 40
14.79511372
100
AcDbArc
 50
246.086831514
 51
293.913168486
  0
LINE
  5
555
100
AcDbEntity
  8
CHU-CHUMBADOR
100
AcDbLine
 10
11.994449062
 20
-1053.940005758
 30
0.0
 11
11.994449062
 21
-1032.349997446
 31
0.0
  0
LINE
  5
556
100
AcDbEntity
  8
CHU-CHUMBADOR
100
AcDbLine
 10
23.988898124
 20
-1053.940005758
 30
0.0
 11
23.988898124
 21
-1032.349997446
 31
0.0
  0
ARC
  5
557
100
AcDbEntity
  8
CHU-CHUMBADOR
  6
CONTINUOUS
100
AcDbCircle
 10
17.991673593
 20
-1045.875110678
 30
0.0
 40
14.79511372
100
AcDbArc
 50
66.086831514
 51
113.913168486
  0
LINE
  5
558
100
AcDbEntity
  8
EIXO
100
AcDbLine
 10
371.0
 20
-17.450000763
 30
0.0
 11
371.0
 21
-2925.0
 31
0.0
  0
TRACE
  5
559
100
AcDbEntity
  8
0
100
AcDbTrace
 10
383.699999809
 20
-371.225000381
 30
0.0
 11
408.699999809
 21
-367.058333715
 31
0.0
 12
408.699999809
 22
-375.391667048
 32
0.0
 13
408.699999809
 23
-375.391667048
 33
0.0
  0
MTEXT
  5
55A
100
AcDbEntity
  8
0
 62
     4
100
AcDbMText
 10
461.0
 20
-358.725000381
 30
0.0
 40
25.0
 41
0.0
 71
     7
 72
     1
  1
CHUMBADORES
 50
0.0
  0
LWPOLYLINE
  5
55B
100
AcDbEntity
  8
0
100
AcDbPolyline
 90
        3
 70
     0
 43
0.0
 10
408.699999809
 20
-371.225000381
 10
441.0
 20
-371.225000381
 10
524.249669552
 20
-371.225000381
  0
LWPOLYLINE
  5
55C
100
AcDbEntity
  8
PERFIL
100
AcDbPolyline
 90
        4
 70
     1
 43
0.0
 10
383.699999809
 20
131.854995728
 10
383.699999809
 20
-1068.145004272
 10
358.300000191
 20
-1068.145004272
 10
358.300000191
 20
131.854995728
  0
LINE
  5
55D
100
AcDbEntity
  8
PERFIL
100
AcDbLine
 10
364.650000095
 20
-68.145004272
 30
0.0
 11
364.650000095
 21
131.854995728
 31
0.0
  0
LINE
  5
55E
100
AcDbEntity
  8
PERFIL
100
AcDbLine
 10
377.349999905
 20
-68.145004272
 30
0.0
 11
377.349999905
 21
131.854995728
 31
0.0
  0
LINE
  5
55F
100
AcDbEntity
  8
PERFIL
100
AcDbLine
 10
358.300000191
 20
-68.145004272
 30
0.0
 11
383.699999809
 21
-68.145004272
 31
0.0
  0
LINE
  5
560
100
AcDbEntity
  8
PERFIL
100
AcDbLine
 10
364.650000095
 20
-1018.145004272
 30
0.0
 11
364.650000095
 21
-1068.145004272
 31
0.0
  0
LINE
  5
561
100
AcDbEntity
  8
PERFIL
100
AcDbLine
 10
377.349999905
 20
-1018.145004272
 30
0.0
 11
377.349999905
 21
-1068.145004272
 31
0.0
  0
LINE
  5
562
100
AcDbEntity
  8
PERFIL
100
AcDbLine
 10
358.300000191
 20
-1018.145004272
 30
0.0
 11
383.699999809
 21
-1018.145004272
 31
0.0
  0
LWPOLYLINE
  5
563
100
AcDbEntity
  8
EIXO
100
AcDbPolyline
 90
        2
 70
     0
 43
0.0
 10
371.0
 20
157.254995346
 10
371.0
 20
-1093.545003891
  0
ARC
  5
564
100
AcDbEntity
  8
CHU-CHUMBADOR
  6
CONTINUOUS
100
AcDbCircle
 10
376.997224531
 20
-29.719891687
 30
0.0
 40
14.79511372
100
AcDbArc
 50
270.0
 51
293.913168486
  0
ARC
  5
565
100
AcDbEntity
  8
CHU-CHUMBADOR
  6
CONTINUOUS
100
AcDbCircle
 10
376.997224531
 20
-35.180109839
 30
0.0
 40
14.79511372
100
AcDbArc
 50
66.086831514
 51
90.0
  0
LINE
  5
566
100
AcDbEntity
  8
CHU-CHUMBADOR
100
AcDbLine
 10
353.008326407
 20
-44.515005408
 30
0.0
 11
388.991673593
 21
-44.515005408
 31
0.0
  0
LINE
  5
567
100
AcDbEntity
  8
CHU-CHUMBADOR
100
AcDbLine
 10
353.008326407
 20
-20.384996118
 30
0.0
 11
388.991673593
 21
-20.384996118
 31
0.0
  0
ARC
  5
568
100
AcDbEntity
  8
CHU-CHUMBADOR
  6
CONTINUOUS
100
AcDbCircle
 10
365.002775469
 20
-29.719891687
 30
0.0
 40
14.79511372
100
AcDbArc
 50
246.086831514
 51
270.0
  0
ARC
  5
569
100
AcDbEntity
  8
CHU-CHUMBADOR
  6
CONTINUOUS
100
AcDbCircle
 10
353.008326407
 20
-29.719891687
 30
0.0
 40
14.79511372
100
AcDbArc
 50
246.086831514
 51
293.913168486
  0
LINE
  5
56A
100
AcDbEntity
  8
CHU-CHUMBADOR
100
AcDbLine
 10
347.011101876
 20
-43.245004919
 30
0.0
 11
347.011101876
 21
-21.654996607
 31
0.0
  0
LINE
  5
56B
100
AcDbEntity
  8
CHU-CHUMBADOR
100
AcDbLine
 10
359.005550938
 20
-43.245004919
 30
0.0
 11
359.005550938
 21
-21.654996607
 31
0.0
  0
ARC
  5
56C
100
AcDbEntity
  8
CHU-CHUMBADOR
  6
CONTINUOUS
100
AcDbCircle
 10
353.008326407
 20
-35.180109839
 30
0.0
 40
14.79511372
100
AcDbArc
 50
66.086831514
 51
113.913168486
  0
ARC
  5
56D
100
AcDbEntity
  8
CHU-CHUMBADOR
  6
CONTINUOUS
100
AcDbCircle
 10
365.002775469
 20
-35.180109839
 30
0.0
 40
14.79511372
100
AcDbArc
 50
90.0
 51
113.913168486
  0
ARC
  5
56E
100
AcDbEntity
  8
CHU-CHUMBADOR
  6
CONTINUOUS
100
AcDbCircle
 10
388.991673593
 20
-29.719891687
 30
0.0
 40
14.79511372
100
AcDbArc
 50
246.086831514
 51
293.913168486
  0
LINE
  5
56F
100
AcDbEntity
  8
CHU-CHUMBADOR
100
AcDbLine
 10
382.994449062
 20
-43.245004919
 30
0.0
 11
382.994449062
 21
-21.654996607
 31
0.0
  0
LINE
  5
570
100
AcDbEntity
  8
CHU-CHUMBADOR
100
AcDbLine
 10
394.988898124
 20
-43.245004919
 30
0.0
 11
394.988898124
 21
-21.654996607
 31
0.0
  0
ARC
  5
571
100
AcDbEntity
  8
CHU-CHUMBADOR
  6
CONTINUOUS
100
AcDbCircle
 10
388.991673593
 20
-35.180109839
 30
0.0
 40
14.79511372
100
AcDbArc
 50
66.086831514
 51
113.913168486
  0
ARC
  5
572
100
AcDbEntity
  8
CHU-CHUMBADOR
  6
CONTINUOUS
100
AcDbCircle
 10
376.997224531
 20
58.280109266
 30
0.0
 40
14.79511372
100
AcDbArc
 50
270.0
 51
293.913168486
  0
ARC
  5
573
100
AcDbEntity
  8
CHU-CHUMBADOR
  6
CONTINUOUS
100
AcDbCircle
 10
376.997224531
 20
52.819891115
 30
0.0
 40
14.79511372
100
AcDbArc
 50
66.086831514
 51
90.0
  0
LINE
  5
574
100
AcDbEntity
  8
CHU-CHUMBADOR
100
AcDbLine
 10
353.008326407
 20
43.484995546
 30
0.0
 11
388.991673593
 21
43.484995546
 31
0.0
  0
LINE
  5
575
100
AcDbEntity
  8
CHU-CHUMBADOR
100
AcDbLine
 10
353.008326407
 20
67.615004836
 30
0.0
 11
388.991673593
 21
67.615004836
 31
0.0
  0
ARC
  5
576
100
AcDbEntity
  8
CHU-CHUMBADOR
  6
CONTINUOUS
100
AcDbCircle
 10
365.002775469
 20
58.280109266
 30
0.0
 40
14.79511372
100
AcDbArc
 50
246.086831514
 51
270.0
  0
ARC
  5
577
100
AcDbEntity
  8
CHU-CHUMBADOR
  6
CONTINUOUS
100
AcDbCircle
 10
353.008326407
 20
58.280109266
 30
0.0
 40
14.79511372
100
AcDbArc
 50
246.086831514
 51
293.913168486
  0
LINE
  5
578
100
AcDbEntity
  8
CHU-CHUMBADOR
100
AcDbLine
 10
347.011101876
 20
44.754996035
 30
0.0
 11
347.011101876
 21
66.345004347
 31
0.0
  0
LINE
  5
579
100
AcDbEntity
  8
CHU-CHUMBADOR
100
AcDbLine
 10
359.005550938
 20
44.754996035
 30
0.0
 11
359.005550938
 21
66.345004347
 31
0.0
  0
ARC
  5
57A
100
AcDbEntity
  8
CHU-CHUMBADOR
  6
CONTINUOUS
100
AcDbCircle
 10
353.008326407
 20
52.819891115
 30
0.0
 40
14.79511372
100
AcDbArc
 50
66.086831514
 51
113.913168486
  0
ARC
  5
57B
100
AcDbEntity
  8
CHU-CHUMBADOR
  6
CONTINUOUS
100
AcDbCircle
 10
365.002775469
 20
52.819891115
 30
0.0
 40
14.79511372
100
AcDbArc
 50
90.0
 51
113.913168486
  0
ARC
  5
57C
100
AcDbEntity
  8
CHU-CHUMBADOR
  6
CONTINUOUS
100
AcDbCircle
 10
388.991673593
 20
58.280109266
 30
0.0
 40
14.79511372
100
AcDbArc
 50
246.086831514
 51
293.913168486
  0
LINE
  5
57D
100
AcDbEntity
  8
CHU-CHUMBADOR
100
AcDbLine
 10
382.994449062
 20
44.754996035
 30
0.0
 11
382.994449062
 21
66.345004347
 31
0.0
  0
LINE
  5
57E
100
AcDbEntity
  8
CHU-CHUMBADOR
100
AcDbLine
 10
394.988898124
 20
44.754996035
 30
0.0
 11
394.988898124
 21
66.345004347
 31
0.0
  0
ARC
  5
57F
100
AcDbEntity
  8
CHU-CHUMBADOR
  6
CONTINUOUS
100
AcDbCircle
 10
388.991673593
 20
52.819891115
 30
0.0
 40
14.79511372
100
AcDbArc
 50
66.086831514
 51
113.913168486
  0
ARC
  5
580
100
AcDbEntity
  8
CHU-CHUMBADOR
  6
CONTINUOUS
100
AcDbCircle
 10
376.997224531
 20
96.380108694
 30
0.0
 40
14.79511372
100
AcDbArc
 50
270.0
 51
293.913168486
  0
ARC
  5
581
100
AcDbEntity
  8
CHU-CHUMBADOR
  6
CONTINUOUS
100
AcDbCircle
 10
376.997224531
 20
90.919890543
 30
0.0
 40
14.79511372
100
AcDbArc
 50
66.086831514
 51
90.0
  0
LINE
  5
582
100
AcDbEntity
  8
CHU-CHUMBADOR
100
AcDbLine
 10
353.008326407
 20
81.584994974
 30
0.0
 11
388.991673593
 21
81.584994974
 31
0.0
  0
LINE
  5
583
100
AcDbEntity
  8
CHU-CHUMBADOR
100
AcDbLine
 10
353.008326407
 20
105.715004263
 30
0.0
 11
388.991673593
 21
105.715004263
 31
0.0
  0
ARC
  5
584
100
AcDbEntity
  8
CHU-CHUMBADOR
  6
CONTINUOUS
100
AcDbCircle
 10
365.002775469
 20
96.380108694
 30
0.0
 40
14.79511372
100
AcDbArc
 50
246.086831514
 51
270.0
  0
ARC
  5
585
100
AcDbEntity
  8
CHU-CHUMBADOR
  6
CONTINUOUS
100
AcDbCircle
 10
353.008326407
 20
96.380108694
 30
0.0
 40
14.79511372
100
AcDbArc
 50
246.086831514
 51
293.913168486
  0
LINE
  5
586
100
AcDbEntity
  8
CHU-CHUMBADOR
100
AcDbLine
 10
347.011101876
 20
82.854995463
 30
0.0
 11
347.011101876
 21
104.445003774
 31
0.0
  0
LINE
  5
587
100
AcDbEntity
  8
CHU-CHUMBADOR
100
AcDbLine
 10
359.005550938
 20
82.854995463
 30
0.0
 11
359.005550938
 21
104.445003774
 31
0.0
  0
ARC
  5
588
100
AcDbEntity
  8
CHU-CHUMBADOR
  6
CONTINUOUS
100
AcDbCircle
 10
353.008326407
 20
90.919890543
 30
0.0
 40
14.79511372
100
AcDbArc
 50
66.086831514
 51
113.913168486
  0
ARC
  5
589
100
AcDbEntity
  8
CHU-CHUMBADOR
  6
CONTINUOUS
100
AcDbCircle
 10
365.002775469
 20
90.919890543
 30
0.0
 40
14.79511372
100
AcDbArc
 50
90.0
 51
113.913168486
  0
ARC
  5
58A
100
AcDbEntity
  8
CHU-CHUMBADOR
  6
CONTINUOUS
100
AcDbCircle
 10
388.991673593
 20
96.380108694
 30
0.0
 40
14.79511372
100
AcDbArc
 50
246.086831514
 51
293.913168486
  0
LINE
  5
58B
100
AcDbEntity
  8
CHU-CHUMBADOR
100
AcDbLine
 10
382.994449062
 20
82.854995463
 30
0.0
 11
382.994449062
 21
104.445003774
 31
0.0
  0
LINE
  5
58C
100
AcDbEntity
  8
CHU-CHUMBADOR
100
AcDbLine
 10
394.988898124
 20
82.854995463
 30
0.0
 11
394.988898124
 21
104.445003774
 31
0.0
  0
ARC
  5
58D
100
AcDbEntity
  8
CHU-CHUMBADOR
  6
CONTINUOUS
100
AcDbCircle
 10
388.991673593
 20
90.919890543
 30
0.0
 40
14.79511372
100
AcDbArc
 50
66.086831514
 51
113.913168486
  0
LWPOLYLINE
  5
58E
100
AcDbEntity
  8
CHU-CHUMBADOR
100
AcDbPolyline
 90
        4
 70
     1
 43
0.0
 10
341.790000439
 20
28.880000591
 10
400.209999561
 20
28.880000591
 10
400.209999561
 20
31.420000553
 10
341.790000439
 20
31.420000553
  0
ARC
  5
58F
100
AcDbEntity
  8
CHU-CHUMBADOR
  6
CONTINUOUS
100
AcDbCircle
 10
376.997224531
 20
-1040.414892526
 30
0.0
 40
14.79511372
100
AcDbArc
 50
270.0
 51
293.913168486
  0
ARC
  5
590
100
AcDbEntity
  8
CHU-CHUMBADOR
  6
CONTINUOUS
100
AcDbCircle
 10
376.997224531
 20
-1045.875110678
 30
0.0
 40
14.79511372
100
AcDbArc
 50
66.086831514
 51
90.0
  0
LINE
  5
591
100
AcDbEntity
  8
CHU-CHUMBADOR
100
AcDbLine
 10
353.008326407
 20
-1055.210006247
 30
0.0
 11
388.991673593
 21
-1055.210006247
 31
0.0
  0
LINE
  5
592
100
AcDbEntity
  8
CHU-CHUMBADOR
100
AcDbLine
 10
353.008326407
 20
-1031.079996957
 30
0.0
 11
388.991673593
 21
-1031.079996957
 31
0.0
  0
ARC
  5
593
100
AcDbEntity
  8
CHU-CHUMBADOR
  6
CONTINUOUS
100
AcDbCircle
 10
365.002775469
 20
-1040.414892526
 30
0.0
 40
14.79511372
100
AcDbArc
 50
246.086831514
 51
270.0
  0
ARC
  5
594
100
AcDbEntity
  8
CHU-CHUMBADOR
  6
CONTINUOUS
100
AcDbCircle
 10
353.008326407
 20
-1040.414892526
 30
0.0
 40
14.79511372
100
AcDbArc
 50
246.086831514
 51
293.913168486
  0
LINE
  5
595
100
AcDbEntity
  8
CHU-CHUMBADOR
100
AcDbLine
 10
347.011101876
 20
-1053.940005758
 30
0.0
 11
347.011101876
 21
-1032.349997446
 31
0.0
  0
LINE
  5
596
100
AcDbEntity
  8
CHU-CHUMBADOR
100
AcDbLine
 10
359.005550938
 20
-1053.940005758
 30
0.0
 11
359.005550938
 21
-1032.349997446
 31
0.0
  0
ARC
  5
597
100
AcDbEntity
  8
CHU-CHUMBADOR
  6
CONTINUOUS
100
AcDbCircle
 10
353.008326407
 20
-1045.875110678
 30
0.0
 40
14.79511372
100
AcDbArc
 50
66.086831514
 51
113.913168486
  0
ARC
  5
598
100
AcDbEntity
  8
CHU-CHUMBADOR
  6
CONTINUOUS
100
AcDbCircle
 10
365.002775469
 20
-1045.875110678
 30
0.0
 40
14.79511372
100
AcDbArc
 50
90.0
 51
113.913168486
  0
ARC
  5
599
100
AcDbEntity
  8
CHU-CHUMBADOR
  6
CONTINUOUS
100
AcDbCircle
 10
388.991673593
 20
-1040.414892526
 30
0.0
 40
14.79511372
100
AcDbArc
 50
246.086831514
 51
293.913168486
  0
LINE
  5
59A
100
AcDbEntity
  8
CHU-CHUMBADOR
100
AcDbLine
 10
382.994449062
 20
-1053.940005758
 30
0.0
 11
382.994449062
 21
-1032.349997446
 31
0.0
  0
LINE
  5
59B
100
AcDbEntity
  8
CHU-CHUMBADOR
100
AcDbLine
 10
394.988898124
 20
-1053.940005758
 30
0.0
 11
394.988898124
 21
-1032.349997446
 31
0.0
  0
ARC
  5
59C
100
AcDbEntity
  8
CHU-CHUMBADOR
  6
CONTINUOUS
100
AcDbCircle
 10
388.991673593
 20
-1045.875110678
 30
0.0
 40
14.79511372
100
AcDbArc
 50
66.086831514
 51
113.913168486
  0
ENDSEC
  0
SECTION
  2
OBJECTS
  0
DICTIONARY
  5
124
100
AcDbDictionary
  3
ACAD_GROUP
350
125
  3
ACAD_MLINESTYLE
350
126
  0
DICTIONARY
  5
125
102
{ACAD_REACTORS
330
124
102
}
100
AcDbDictionary
  0
DICTIONARY
  5
126
102
{ACAD_REACTORS
330
124
102
}
100
AcDbDictionary
  3
STANDARD
350
127
  0
MLINESTYLE
  5
127
102
{ACAD_REACTORS
330
126
102
}
100
AcDbMlineStyle
  2
STANDARD
 70
     0
  3

 62
   256
 51
90.0
 52
90.0
 71
     2
 49
0.5
 62
   256
  6
BYLAYER
 49
-0.5
 62
   256
  6
BYLAYER
  0
ENDSEC
  0
EOF
