  0
SECTION
  2
HEADER
  9
$ACADVER
  1
AC1015
  9
$ACADMAINTVER
 70
6
  9
$DWGCODEPAGE
  3
ANSI_1252
  9
$INSBASE
 10
0.0
 20
0.0
 30
0.0
  9
$EXTMIN
 10
1e+20
 20
1e+20
 30
1e+20
  9
$EXTMAX
 10
-1e+20
 20
-1e+20
 30
-1e+20
  9
$LIMMIN
 10
0.0
 20
0.0
  9
$LIMMAX
 10
420.0
 20
297.0
  9
$ORTHOMODE
 70
0
  9
$REGENMODE
 70
1
  9
$FILLMODE
 70
1
  9
$QTEXTMODE
 70
0
  9
$MIRRTEXT
 70
1
  9
$LTSCALE
 40
1.0
  9
$ATTMODE
 70
1
  9
$TEXTSIZE
 40
0.2
  9
$TRACEWID
 40
0.05
  9
$TEXTSTYLE
  7
STANDARD
  9
$CLAYER
  8
0
  9
$CELTYPE
  6
BYLAYER
  9
$CECOLOR
 62
256
  9
$CELTSCALE
 40
1.0
  9
$DISPSILH
 70
0
  9
$DIMSCALE
 40
10.0
  9
$DIMASZ
 40
2.5
  9
$DIMEXO
 40
0.625
  9
$DIMDLI
 40
3.75
  9
$DIMRND
 40
0.0
  9
$DIMDLE
 40
1.0
  9
$DIMEXE
 40
1.25
  9
$DIMTP
 40
0.0
  9
$DIMTM
 40
0.0
  9
$DIMTXT
 40
2.0
  9
$DIMCEN
 40
2.5
  9
$DIMTSZ
 40
0.0
  9
$DIMTOL
 70
0
  9
$DIMLIM
 70
0
  9
$DIMTIH
 70
0
  9
$DIMTOH
 70
0
  9
$DIMSE1
 70
0
  9
$DIMSE2
 70
0
  9
$DIMTAD
 70
1
  9
$DIMZIN
 70
0
  9
$DIMBLK
  1

  9
$DIMASO
 70
1
  9
$DIMSHO
 70
1
  9
$DIMPOST
  1

  9
$DIMAPOST
  1
ction
  9
$DIMALT
 70
0
  9
$DIMALTD
 70
2
  9
$DIMALTF
 40
1.0
  9
$DIMLFAC
 40
1.0
  9
$DIMTOFL
 70
1
  9
$DIMTVP
 40
0.0
  9
$DIMTIX
 70
1
  9
$DIMSOXD
 70
0
  9
$DIMSAH
 70
1
  9
$DIMBLK1
  1
_OBLIQUE
  9
$DIMBLK2
  1
_OBLIQUE
  9
$DIMSTYLE
  2
ISO-25
  9
$DIMCLRD
 70
7
  9
$DIMCLRE
 70
7
  9
$DIMCLRT
 70
4
  9
$DIMTFAC
 40
1.0
  9
$DIMGAP
 40
1.0
  9
$DIMJUST
 70
0
  9
$DIMSD1
 70
0
  9
$DIMSD2
 70
0
  9
$DIMTOLJ
 70
1
  9
$DIMTZIN
 70
0
  9
$DIMALTZ
 70
0
  9
$DIMALTTZ
 70
0
  9
$DIMUPT
 70
0
  9
$DIMDEC
 70
0
  9
$DIMTDEC
 70
0
  9
$DIMALTU
 70
2
  9
$DIMALTTD
 70
2
  9
$DIMTXSTY
  7
STANDARD
  9
$DIMAUNIT
 70
0
  9
$LUNITS
 70
2
  9
$LUPREC
 70
4
  9
$SKETCHINC
 40
0.1
  9
$FILLETRAD
 40
0.5
  9
$AUNITS
 70
0
  9
$AUPREC
 70
0
  9
$MENU
  1
.
  9
$ELEVATION
 40
0.0
  9
$PELEVATION
 40
0.0
  9
$THICKNESS
 40
0.0
  9
$LIMCHECK
 70
0
  9
$CHAMFERA
 40
0.5
  9
$CHAMFERB
 40
0.5
  9
$CHAMFERC
 40
1.0
  9
$CHAMFERD
 40
0.0
  9
$SKPOLY
 70
1
  9
$TDCREATE
 40
2460956.4414467593
  9
$TDUPDATE
 40
2460956.4414467593
  9
$TDINDWG
 40
0.003904803
  9
$TDUSRTIMER
 40
0.003904803
  9
$USRTIMER
 70
1
  9
$ANGBASE
 50
0.0
  9
$ANGDIR
 70
0
  9
$PDMODE
 70
0
  9
$PDSIZE
 40
0.0
  9
$PLINEWID
 40
0.0
  9
$SPLFRAME
 70
0
  9
$SPLINETYPE
 70
6
  9
$SPLINESEGS
 70
8
  9
$HANDSEED
  5
591
  9
$SURFTAB1
 70
6
  9
$SURFTAB2
 70
6
  9
$SURFTYPE
 70
6
  9
$SURFU
 70
6
  9
$SURFV
 70
6
  9
$UCSNAME
  2

  9
$UCSORG
 10
0.0
 20
0.0
 30
0.0
  9
$UCSXDIR
 10
1.0
 20
0.0
 30
0.0
  9
$UCSYDIR
 10
0.0
 20
1.0
 30
0.0
  9
$PUCSNAME
  2

  9
$PUCSORG
 10
0.0
 20
0.0
 30
0.0
  9
$PUCSXDIR
 10
1.0
 20
0.0
 30
0.0
  9
$PUCSYDIR
 10
0.0
 20
1.0
 30
0.0
  9
$USERI1
 70
0
  9
$USERI2
 70
0
  9
$USERI3
 70
0
  9
$USERI4
 70
0
  9
$USERI5
 70
0
  9
$USERR1
 40
0.0
  9
$USERR2
 40
0.0
  9
$USERR3
 40
0.0
  9
$USERR4
 40
0.0
  9
$USERR5
 40
0.0
  9
$WORLDVIEW
 70
1
  9
$SHADEDGE
 70
3
  9
$SHADEDIF
 70
70
  9
$TILEMODE
 70
1
  9
$MAXACTVP
 70
48
  9
$PINSBASE
 10
0.0
 20
0.0
 30
0.0
  9
$PLIMCHECK
 70
0
  9
$PEXTMIN
 10
1e+20
 20
1e+20
 30
1e+20
  9
$PEXTMAX
 10
-1e+20
 20
-1e+20
 30
-1e+20
  9
$PLIMMIN
 10
0.0
 20
0.0
  9
$PLIMMAX
 10
420.0
 20
297.0
  9
$UNITMODE
 70
0
  9
$VISRETAIN
 70
1
  9
$PLINEGEN
 70
0
  9
$PSLTSCALE
 70
1
  9
$TREEDEPTH
 70
3020
  9
$CMLSTYLE
  2
STANDARD
  9
$CMLJUST
 70
0
  9
$CMLSCALE
 40
1.0
  9
$PROXYGRAPHICS
 70
1
  9
$MEASUREMENT
 70
0
  9
$FINGERPRINTGUID
  2
{BD13E252-C30E-424B-A51B-737F11C57C0B}
  9
$VERSIONGUID
  2
{7FBD9210-9732-4462-A21C-8D845AF844C6}
  0
ENDSEC
  0
SECTION
  2
CLASSES
  0
CLASS
  1
ACDBDICTIONARYWDFLT
  2
AcDbDictionaryWithDefault
  3
ObjectDBX Classes
 90
0
280
0
281
0
  0
CLASS
  1
SUN
  2
AcDbSun
  3
SCENEOE
 90
1153
280
0
281
0
  0
CLASS
  1
VISUALSTYLE
  2
AcDbVisualStyle
  3
ObjectDBX Classes
 90
4095
280
0
281
0
  0
CLASS
  1
MATERIAL
  2
AcDbMaterial
  3
ObjectDBX Classes
 90
1153
280
0
281
0
  0
CLASS
  1
SCALE
  2
AcDbScale
  3
ObjectDBX Classes
 90
1153
280
0
281
0
  0
CLASS
  1
TABLESTYLE
  2
AcDbTableStyle
  3
ObjectDBX Classes
 90
4095
280
0
281
0
  0
CLASS
  1
MLEADERSTYLE
  2
AcDbMLeaderStyle
  3
ACDB_MLEADERSTYLE_CLASS
 90
4095
280
0
281
0
  0
CLASS
  1
DICTIONARYVAR
  2
AcDbDictionaryVar
  3
ObjectDBX Classes
 90
0
280
0
281
0
  0
CLASS
  1
CELLSTYLEMAP
  2
AcDbCellStyleMap
  3
ObjectDBX Classes
 90
1152
280
0
281
0
  0
CLASS
  1
MENTALRAYRENDERSETTINGS
  2
AcDbMentalRayRenderSettings
  3
SCENEOE
 90
1024
280
0
281
0
  0
CLASS
  1
ACDBDETAILVIEWSTYLE
  2
AcDbDetailViewStyle
  3
ObjectDBX Classes
 90
1025
280
0
281
0
  0
CLASS
  1
ACDBSECTIONVIEWSTYLE
  2
AcDbSectionViewStyle
  3
ObjectDBX Classes
 90
1025
280
0
281
0
  0
CLASS
  1
RASTERVARIABLES
  2
AcDbRasterVariables
  3
ISM
 90
0
280
0
281
0
  0
CLASS
  1
ACDBPLACEHOLDER
  2
AcDbPlaceHolder
  3
ObjectDBX Classes
 90
0
280
0
281
0
  0
CLASS
  1
LAYOUT
  2
AcDbLayout
  3
ObjectDBX Classes
 90
0
280
0
281
0
  0
ENDSEC
  0
SECTION
  2
TABLES
  0
TABLE
  2
VPORT
  5
4FD
330
0
100
AcDbSymbolTable
 70
1
  0
VPORT
  5
100
330
4FD
100
AcDbSymbolTableRecord
100
AcDbViewportTableRecord
  2
*ACTIVE
 70
0
 10
0.0
 20
0.0
 11
1.0
 21
1.0
 12
878.125
 22
-433.7903
 13
0.0
 23
0.0
 14
0.5
 24
0.5
 15
0.5
 25
0.5
 16
0.0
 26
0.0
 36
1.0
 17
0.0
 27
0.0
 37
0.0
 40
7972.5
 41
2.698057853
 42
50.0
 43
0.0
 44
0.0
 50
0.0
 51
0.0
 71
0
 72
100
 73
1
 74
1
 75
0
 76
0
 77
0
 78
0
281
0
 65
0
146
0.0
  0
ENDTAB
  0
TABLE
  2
LTYPE
  5
4FE
330
0
100
AcDbSymbolTable
 70
6
  0
LTYPE
  5
101
330
4FE
100
AcDbSymbolTableRecord
100
AcDbLinetypeTableRecord
  2
BYBLOCK
 70
0
  3

 72
65
 73
0
 40
0.0
  0
LTYPE
  5
102
330
4FE
100
AcDbSymbolTableRecord
100
AcDbLinetypeTableRecord
  2
BYLAYER
 70
0
  3

 72
65
 73
0
 40
0.0
  0
LTYPE
  5
103
330
4FE
100
AcDbSymbolTableRecord
100
AcDbLinetypeTableRecord
  2
CONTINUOUS
 70
0
  3
Solid line
 72
65
 73
0
 40
0.0
  0
LTYPE
  5
104
330
4FE
100
AcDbSymbolTableRecord
100
AcDbLinetypeTableRecord
  2
ACAD_ISO04W100
 70
0
  3
ISO long-dash dot ____ . ____ . ____ . ____ . _
 72
65
 73
4
 40
30.5
 49
24.0
 74
0
 49
-3.0
 74
0
 49
0.5
 74
0
 49
-3.0
 74
0
  0
LTYPE
  5
105
330
4FE
100
AcDbSymbolTableRecord
100
AcDbLinetypeTableRecord
  2
ACAD_ISO07W100
 70
0
  3
ISO dot . . . . . . . . . . . . . . . . . . . .
 72
65
 73
2
 40
3.0
 49
0.0
 74
0
 49
-3.0
 74
0
  0
LTYPE
  5
106
330
4FE
100
AcDbSymbolTableRecord
100
AcDbLinetypeTableRecord
  2
ACAD_ISO01W100
 70
0
  3
ISO little dash __ __ __ __ __ __ __ __ __ __ _
 72
65
 73
2
 40
5.0
 49
4.0
 74
0
 49
-1.0
 74
0
  0
ENDTAB
  0
TABLE
  2
LAYER
  5
4FF
330
0
100
AcDbSymbolTable
 70
34
  0
LAYER
  5
107
330
4FF
100
AcDbSymbolTableRecord
100
AcDbLayerTableRecord
  2
0
 70
0
 62
7
  6
Continuous
370
-3
390
56C
  0
LAYER
  5
108
330
4FF
100
AcDbSymbolTableRecord
100
AcDbLayerTableRecord
  2
PERFIL
 70
0
 62
1
  6
Continuous
370
-3
390
56C
  0
LAYER
  5
109
330
4FF
100
AcDbSymbolTableRecord
100
AcDbLayerTableRecord
  2
FAB-CHAPA
 70
0
 62
2
  6
Continuous
370
-3
390
56C
  0
LAYER
  5
10A
330
4FF
100
AcDbSymbolTableRecord
100
AcDbLayerTableRecord
  2
EIXO
 70
0
 62
5
  6
ACAD_ISO04W100
370
-3
390
56C
  0
LAYER
  5
10B
330
4FF
100
AcDbSymbolTableRecord
100
AcDbLayerTableRecord
  2
G-SIMBOLO
 70
0
 62
4
  6
Continuous
370
-3
390
56C
  0
LAYER
  5
10C
330
4FF
100
AcDbSymbolTableRecord
100
AcDbLayerTableRecord
  2
DIM-1
 70
0
 62
4
  6
Continuous
370
-3
390
56C
  0
LAYER
  5
10D
330
4FF
100
AcDbSymbolTableRecord
100
AcDbLayerTableRecord
  2
L-HIDDEN
 70
0
 62
7
  6
ACAD_ISO01W100
370
-3
390
56C
  0
LAYER
  5
10E
330
4FF
100
AcDbSymbolTableRecord
100
AcDbLayerTableRecord
  2
REGUA120
 70
0
 62
2
  6
Continuous
370
-3
390
56C
  0
LAYER
  5
10F
330
4FF
100
AcDbSymbolTableRecord
100
AcDbLayerTableRecord
  2
REGUA80
 70
0
 62
4
  6
Continuous
370
-3
390
56C
  0
LAYER
  5
110
330
4FF
100
AcDbSymbolTableRecord
100
AcDbLayerTableRecord
  2
DEFPOINTS
 70
0
 62
7
  6
ACAD_ISO01W100
290
0
370
-3
390
56C
  0
LAYER
  5
111
330
4FF
100
AcDbSymbolTableRecord
100
AcDbLayerTableRecord
  2
CHU-CHUMBADOR
 70
0
 62
1
  6
Continuous
370
-3
390
56C
  0
LAYER
  5
576
330
4FF
100
AcDbSymbolTableRecord
100
AcDbLayerTableRecord
  2
ORGANIZADO_EIXO
 70
0
 62
2
  6
Continuous
370
-3
390
56C
  0
LAYER
  5
577
330
4FF
100
AcDbSymbolTableRecord
100
AcDbLayerTableRecord
  2
ORGANIZADO_G-SIMBOLO
 70
0
 62
2
  6
Continuous
370
-3
390
56C
  0
LAYER
  5
578
330
4FF
100
AcDbSymbolTableRecord
100
AcDbLayerTableRecord
  2
ORGANIZADO_PERFIL
 70
0
 62
1
  6
Continuous
370
-3
390
56C
  0
LAYER
  5
579
330
4FF
100
AcDbSymbolTableRecord
100
AcDbLayerTableRecord
  2
ORGANIZADO_CHU-CHUMBADOR
 70
0
 62
1
  6
Continuous
370
-3
390
56C
  0
LAYER
  5
57A
330
4FF
100
AcDbSymbolTableRecord
100
AcDbLayerTableRecord
  2
LAYER0_TEXTOS
 70
0
 62
3
  6
Continuous
370
-3
390
56C
  0
LAYER
  5
57B
330
4FF
100
AcDbSymbolTableRecord
100
AcDbLayerTableRecord
  2
LAYER0_HACHURAS
 70
0
 62
1
  6
Continuous
370
-3
390
56C
  0
LAYER
  5
57C
330
4FF
100
AcDbSymbolTableRecord
100
AcDbLayerTableRecord
  2
Linhas de chamadas
 70
0
 62
2
  6
Continuous
370
-3
390
56C
  0
LAYER
  5
57D
330
4FF
100
AcDbSymbolTableRecord
100
AcDbLayerTableRecord
  2
PECA_EQ_1
 70
0
 62
1
  6
Continuous
370
-3
390
56C
  0
LAYER
  5
57E
330
4FF
100
AcDbSymbolTableRecord
100
AcDbLayerTableRecord
  2
PECA_EQ_2
 70
0
 62
3
  6
Continuous
370
-3
390
56C
  0
LAYER
  5
57F
330
4FF
100
AcDbSymbolTableRecord
100
AcDbLayerTableRecord
  2
PECA_EQ_3
 70
0
 62
1
  6
Continuous
370
-3
390
56C
  0
LAYER
  5
580
330
4FF
100
AcDbSymbolTableRecord
100
AcDbLayerTableRecord
  2
PECA_EQ_4
 70
0
 62
5
  6
Continuous
370
-3
390
56C
  0
LAYER
  5
581
330
4FF
100
AcDbSymbolTableRecord
100
AcDbLayerTableRecord
  2
PECA_EQ_5
 70
0
 62
6
  6
Continuous
370
-3
390
56C
  0
LAYER
  5
582
330
4FF
100
AcDbSymbolTableRecord
100
AcDbLayerTableRecord
  2
PECA_EQ_6
 70
0
 62
8
  6
Continuous
370
-3
390
56C
  0
LAYER
  5
583
330
4FF
100
AcDbSymbolTableRecord
100
AcDbLayerTableRecord
  2
PECA_EQ_7
 70
0
 62
9
  6
Continuous
370
-3
390
56C
  0
LAYER
  5
584
330
4FF
100
AcDbSymbolTableRecord
100
AcDbLayerTableRecord
  2
PECA_EQ_8
 70
0
 62
10
  6
Continuous
370
-3
390
56C
  0
LAYER
  5
585
330
4FF
100
AcDbSymbolTableRecord
100
AcDbLayerTableRecord
  2
PECA_EQ_9
 70
0
 62
11
  6
Continuous
370
-3
390
56C
  0
LAYER
  5
586
330
4FF
100
AcDbSymbolTableRecord
100
AcDbLayerTableRecord
  2
PECA_EQ_10
 70
0
 62
12
  6
Continuous
370
-3
390
56C
  0
LAYER
  5
587
330
4FF
100
AcDbSymbolTableRecord
100
AcDbLayerTableRecord
  2
PECA_EQ_11
 70
0
 62
13
  6
Continuous
370
-3
390
56C
  0
LAYER
  5
588
330
4FF
100
AcDbSymbolTableRecord
100
AcDbLayerTableRecord
  2
PECA_EQ_12
 70
0
 62
14
  6
Continuous
370
-3
390
56C
  0
LAYER
  5
589
330
4FF
100
AcDbSymbolTableRecord
100
AcDbLayerTableRecord
  2
PECA_EQ_13
 70
0
 62
15
  6
Continuous
370
-3
390
56C
  0
LAYER
  5
58A
330
4FF
100
AcDbSymbolTableRecord
100
AcDbLayerTableRecord
  2
PECA_EQ_14
 70
0
 62
1
  6
Continuous
370
-3
390
56C
  0
LAYER
  5
58B
330
4FF
100
AcDbSymbolTableRecord
100
AcDbLayerTableRecord
  2
PECA_EQ_15
 70
0
 62
3
  6
Continuous
370
-3
390
56C
  0
LAYER
  5
58C
330
4FF
100
AcDbSymbolTableRecord
100
AcDbLayerTableRecord
  2
PECA_EQ_16
 70
0
 62
4
  6
Continuous
370
-3
390
56C
  0
ENDTAB
  0
TABLE
  2
STYLE
  5
500
330
0
100
AcDbSymbolTable
 70
5
  0
STYLE
  5
112
330
500
100
AcDbSymbolTableRecord
100
AcDbTextStyleTableRecord
  2
STANDARD
 70
0
 40
0.0
 41
1.0
 50
0.0
 71
0
 42
0.2
  3
txt
  4

  0
STYLE
  5
113
330
500
100
AcDbSymbolTableRecord
100
AcDbTextStyleTableRecord
  2
REGUA100
 70
0
 40
2.54
 41
1.0
 50
0.0
 71
0
 42
2.54
  3
ROMANS.SHX
  4

  0
STYLE
  5
114
330
500
100
AcDbSymbolTableRecord
100
AcDbTextStyleTableRecord
  2
REGUA120
 70
0
 40
3.05
 41
1.0
 50
0.0
 71
0
 42
3.05
  3
ROMANS.SHX
  4

  0
STYLE
  5
115
330
500
100
AcDbSymbolTableRecord
100
AcDbTextStyleTableRecord
  2
REGUA
 70
0
 40
0.0
 41
1.0
 50
0.0
 71
0
 42
0.2
  3
txt
  4

  0
STYLE
  5
116
330
500
100
AcDbSymbolTableRecord
100
AcDbTextStyleTableRecord
  2
ROMANS
 70
0
 40
1.0
 41
1.0
 50
0.0
 71
0
 42
1.0
  3
ROMANS.SHX
  4

  0
ENDTAB
  0
TABLE
  2
VIEW
  5
501
330
0
100
AcDbSymbolTable
 70
0
  0
ENDTAB
  0
TABLE
  2
UCS
  5
502
330
0
100
AcDbSymbolTable
 70
0
  0
ENDTAB
  0
TABLE
  2
APPID
  5
503
330
0
100
AcDbSymbolTable
 70
3
  0
APPID
  5
117
330
503
100
AcDbSymbolTableRecord
100
AcDbRegAppTableRecord
  2
ACAD
 70
0
  0
APPID
  5
58D
330
503
100
AcDbSymbolTableRecord
100
AcDbRegAppTableRecord
  2
HATCHBACKGROUNDCOLOR
 70
0
  0
APPID
  5
58E
330
503
100
AcDbSymbolTableRecord
100
AcDbRegAppTableRecord
  2
EZDXF
 70
0
  0
ENDTAB
  0
TABLE
  2
DIMSTYLE
  5
504
330
0
100
AcDbSymbolTable
 70
2
100
AcDbDimStyleTable
  0
DIMSTYLE
105
118
330
504
100
AcDbSymbolTableRecord
100
AcDbDimStyleTableRecord
  2
STANDARD
 70
0
  3

  4

 40
1.0
 41
0.18
 42
0.0625
 43
0.38
 44
0.18
 45
0.0
 46
0.0
 47
0.0
 48
0.0
140
0.18
141
0.09
142
0.0
143
25.4
144
1.0
145
0.0
146
1.0
147
0.09
148
0.0
 71
0
 72
0
 73
1
 74
1
 75
0
 76
0
 77
0
 78
0
 79
3
170
0
171
2
172
0
173
0
174
0
175
0
176
0
177
0
178
4
179
2
271
4
272
4
273
2
274
2
275
0
276
0
277
2
278
44
279
0
280
0
281
0
282
0
283
3
284
0
285
0
286
0
288
0
289
3
340
112
371
-2
372
-2
  0
DIMSTYLE
105
119
330
504
100
AcDbSymbolTableRecord
100
AcDbDimStyleTableRecord
  2
ISO-25
 70
0
  3

  4

 40
1.0
 41
2.5
 42
0.625
 43
3.75
 44
1.25
 45
0.0
 46
0.0
 47
0.0
 48
0.0
140
2.5
141
2.5
142
0.0
143
0.039370079
144
1.0
145
0.0
146
1.0
147
0.625
148
0.0
 71
0
 72
0
 73
0
 74
0
 75
0
 76
0
 77
1
 78
8
 79
3
170
0
171
3
172
1
173
0
174
0
175
0
176
0
177
0
178
4
179
2
271
2
272
2
273
3
274
44
275
0
276
0
277
2
278
44
279
0
280
0
281
0
282
0
283
0
284
8
285
0
286
0
288
0
289
3
340
112
371
-2
372
-2
  0
ENDTAB
  0
TABLE
  2
BLOCK_RECORD
  5
505
330
0
100
AcDbSymbolTable
 70
57
  0
BLOCK_RECORD
  5
11A
330
505
100
AcDbSymbolTableRecord
100
AcDbBlockTableRecord
  2
*MODEL_SPACE
340
570
  0
BLOCK_RECORD
  5
11D
330
505
100
AcDbSymbolTableRecord
100
AcDbBlockTableRecord
  2
*PAPER_SPACE
340
571
  0
BLOCK_RECORD
  5
120
330
505
100
AcDbSymbolTableRecord
100
AcDbBlockTableRecord
  2
_OBLIQUE
340
0
  0
BLOCK_RECORD
  5
128
330
505
100
AcDbSymbolTableRecord
100
AcDbBlockTableRecord
  2
nivel_ve
340
0
  0
BLOCK_RECORD
  5
131
330
505
100
AcDbSymbolTableRecord
100
AcDbBlockTableRecord
  2
nomepec2
340
0
  0
BLOCK_RECORD
  5
137
330
505
100
AcDbSymbolTableRecord
100
AcDbBlockTableRecord
  2
LOGO_STABILE
340
0
  0
BLOCK_RECORD
  5
22A
330
505
100
AcDbSymbolTableRecord
100
AcDbBlockTableRecord
  2
*D0
340
0
  0
BLOCK_RECORD
  5
236
330
505
100
AcDbSymbolTableRecord
100
AcDbBlockTableRecord
  2
*D1
340
0
  0
BLOCK_RECORD
  5
242
330
505
100
AcDbSymbolTableRecord
100
AcDbBlockTableRecord
  2
*D2
340
0
  0
BLOCK_RECORD
  5
289
330
505
100
AcDbSymbolTableRecord
100
AcDbBlockTableRecord
  2
*D3
340
0
  0
BLOCK_RECORD
  5
29B
330
505
100
AcDbSymbolTableRecord
100
AcDbBlockTableRecord
  2
*D4
340
0
  0
BLOCK_RECORD
  5
2A7
330
505
100
AcDbSymbolTableRecord
100
AcDbBlockTableRecord
  2
*D5
340
0
  0
BLOCK_RECORD
  5
2B3
330
505
100
AcDbSymbolTableRecord
100
AcDbBlockTableRecord
  2
*D6
340
0
  0
BLOCK_RECORD
  5
2EE
330
505
100
AcDbSymbolTableRecord
100
AcDbBlockTableRecord
  2
*D7
340
0
  0
BLOCK_RECORD
  5
2FE
330
505
100
AcDbSymbolTableRecord
100
AcDbBlockTableRecord
  2
*D8
340
0
  0
BLOCK_RECORD
  5
30A
330
505
100
AcDbSymbolTableRecord
100
AcDbBlockTableRecord
  2
*D9
340
0
  0
BLOCK_RECORD
  5
316
330
505
100
AcDbSymbolTableRecord
100
AcDbBlockTableRecord
  2
*D10
340
0
  0
BLOCK_RECORD
  5
32C
330
505
100
AcDbSymbolTableRecord
100
AcDbBlockTableRecord
  2
*D11
340
0
  0
BLOCK_RECORD
  5
339
330
505
100
AcDbSymbolTableRecord
100
AcDbBlockTableRecord
  2
*D12
340
0
  0
BLOCK_RECORD
  5
359
330
505
100
AcDbSymbolTableRecord
100
AcDbBlockTableRecord
  2
*D13
340
0
  0
BLOCK_RECORD
  5
365
330
505
100
AcDbSymbolTableRecord
100
AcDbBlockTableRecord
  2
*D14
340
0
  0
BLOCK_RECORD
  5
377
330
505
100
AcDbSymbolTableRecord
100
AcDbBlockTableRecord
  2
*D15
340
0
  0
BLOCK_RECORD
  5
383
330
505
100
AcDbSymbolTableRecord
100
AcDbBlockTableRecord
  2
*D16
340
0
  0
BLOCK_RECORD
  5
38F
330
505
100
AcDbSymbolTableRecord
100
AcDbBlockTableRecord
  2
*D17
340
0
  0
BLOCK_RECORD
  5
39B
330
505
100
AcDbSymbolTableRecord
100
AcDbBlockTableRecord
  2
*D18
340
0
  0
BLOCK_RECORD
  5
3A8
330
505
100
AcDbSymbolTableRecord
100
AcDbBlockTableRecord
  2
*D19
340
0
  0
BLOCK_RECORD
  5
3B5
330
505
100
AcDbSymbolTableRecord
100
AcDbBlockTableRecord
  2
*D20
340
0
  0
BLOCK_RECORD
  5
3C2
330
505
100
AcDbSymbolTableRecord
100
AcDbBlockTableRecord
  2
*D21
340
0
  0
BLOCK_RECORD
  5
3CE
330
505
100
AcDbSymbolTableRecord
100
AcDbBlockTableRecord
  2
*D22
340
0
  0
BLOCK_RECORD
  5
3F9
330
505
100
AcDbSymbolTableRecord
100
AcDbBlockTableRecord
  2
*D23
340
0
  0
BLOCK_RECORD
  5
406
330
505
100
AcDbSymbolTableRecord
100
AcDbBlockTableRecord
  2
*D24
340
0
  0
BLOCK_RECORD
  5
413
330
505
100
AcDbSymbolTableRecord
100
AcDbBlockTableRecord
  2
*D25
340
0
  0
BLOCK_RECORD
  5
420
330
505
100
AcDbSymbolTableRecord
100
AcDbBlockTableRecord
  2
*D26
340
0
  0
BLOCK_RECORD
  5
42D
330
505
100
AcDbSymbolTableRecord
100
AcDbBlockTableRecord
  2
*D27
340
0
  0
BLOCK_RECORD
  5
439
330
505
100
AcDbSymbolTableRecord
100
AcDbBlockTableRecord
  2
*D28
340
0
  0
BLOCK_RECORD
  5
44A
330
505
100
AcDbSymbolTableRecord
100
AcDbBlockTableRecord
  2
*D29
340
0
  0
BLOCK_RECORD
  5
456
330
505
100
AcDbSymbolTableRecord
100
AcDbBlockTableRecord
  2
*D30
340
0
  0
BLOCK_RECORD
  5
463
330
505
100
AcDbSymbolTableRecord
100
AcDbBlockTableRecord
  2
*D31
340
0
  0
BLOCK_RECORD
  5
50F
330
505
100
AcDbSymbolTableRecord
100
AcDbBlockTableRecord
  2
_CLOSEDFILLED
340
0
  0
BLOCK_RECORD
  5
513
330
505
100
AcDbSymbolTableRecord
100
AcDbBlockTableRecord
  2
_ORIGIN2
340
0
  0
BLOCK_RECORD
  5
519
330
505
100
AcDbSymbolTableRecord
100
AcDbBlockTableRecord
  2
_DATUMFILLED
340
0
  0
BLOCK_RECORD
  5
51D
330
505
100
AcDbSymbolTableRecord
100
AcDbBlockTableRecord
  2
_DOTSMALL
340
0
  0
BLOCK_RECORD
  5
521
330
505
100
AcDbSymbolTableRecord
100
AcDbBlockTableRecord
  2
_BOXFILLED
340
0
  0
BLOCK_RECORD
  5
526
330
505
100
AcDbSymbolTableRecord
100
AcDbBlockTableRecord
  2
_INTEGRAL
340
0
  0
BLOCK_RECORD
  5
52B
330
505
100
AcDbSymbolTableRecord
100
AcDbBlockTableRecord
  2
_OPEN90
340
0
  0
BLOCK_RECORD
  5
530
330
505
100
AcDbSymbolTableRecord
100
AcDbBlockTableRecord
  2
_ORIGIN
340
0
  0
BLOCK_RECORD
  5
535
330
505
100
AcDbSymbolTableRecord
100
AcDbBlockTableRecord
  2
_CLOSEDBLANK
340
0
  0
BLOCK_RECORD
  5
539
330
505
100
AcDbSymbolTableRecord
100
AcDbBlockTableRecord
  2
_CLOSED
340
0
  0
BLOCK_RECORD
  5
53E
330
505
100
AcDbSymbolTableRecord
100
AcDbBlockTableRecord
  2
_DATUMBLANK
340
0
  0
BLOCK_RECORD
  5
542
330
505
100
AcDbSymbolTableRecord
100
AcDbBlockTableRecord
  2
_ARCHTICK
340
0
  0
BLOCK_RECORD
  5
546
330
505
100
AcDbSymbolTableRecord
100
AcDbBlockTableRecord
  2
_DOT
340
0
  0
BLOCK_RECORD
  5
54B
330
505
100
AcDbSymbolTableRecord
100
AcDbBlockTableRecord
  2
_SMALL
340
0
  0
BLOCK_RECORD
  5
54F
330
505
100
AcDbSymbolTableRecord
100
AcDbBlockTableRecord
  2
_OPEN
340
0
  0
BLOCK_RECORD
  5
554
330
505
100
AcDbSymbolTableRecord
100
AcDbBlockTableRecord
  2
_NONE
340
0
  0
BLOCK_RECORD
  5
557
330
505
100
AcDbSymbolTableRecord
100
AcDbBlockTableRecord
  2
_BOXBLANK
340
0
  0
BLOCK_RECORD
  5
55C
330
505
100
AcDbSymbolTableRecord
100
AcDbBlockTableRecord
  2
_OPEN30
340
0
  0
BLOCK_RECORD
  5
561
330
505
100
AcDbSymbolTableRecord
100
AcDbBlockTableRecord
  2
_DOTBLANK
340
0
  0
ENDTAB
  0
ENDSEC
  0
SECTION
  2
BLOCKS
  0
BLOCK
  5
11B
330
11A
100
AcDbEntity
  8
0
100
AcDbBlockBegin
  2
*MODEL_SPACE
 70
0
 10
0.0
 20
0.0
 30
0.0
  3
*MODEL_SPACE
  1

  0
ENDBLK
  5
11C
330
11A
100
AcDbEntity
  8
0
100
AcDbBlockEnd
  0
BLOCK
  5
11E
330
11D
100
AcDbEntity
 67
1
  8
0
100
AcDbBlockBegin
  2
*PAPER_SPACE
 70
0
 10
0.0
 20
0.0
 30
0.0
  3
*PAPER_SPACE
  1

  0
ENDBLK
  5
11F
330
11D
100
AcDbEntity
  8
0
100
AcDbBlockEnd
  0
BLOCK
  5
121
330
120
100
AcDbEntity
 67
1
  8
0
100
AcDbBlockBegin
  2
_OBLIQUE
 70
0
 10
0.0
 20
0.0
 30
0.0
  3
_OBLIQUE
  1

  0
LINE
  5
122
330
120
100
AcDbEntity
  8
0
  6
BYBLOCK
 62
0
100
AcDbLine
 10
-0.5
 20
-0.5
 30
0.0
 11
0.5
 21
0.5
 31
0.0
  0
ENDBLK
  5
123
330
120
100
AcDbEntity
  8
0
100
AcDbBlockEnd
  0
BLOCK
  5
129
330
128
100
AcDbEntity
  8
0
100
AcDbBlockBegin
  2
nivel_ve
 70
0
 10
0.0
 20
0.0
 30
0.0
  3
nivel_ve
  1

  0
LWPOLYLINE
  5
12A
330
128
100
AcDbEntity
  8
G-SIMBOLO
100
AcDbPolyline
 90
3
 70
1
 10
-7.094565096
 20
0.0
 10
-5.781804986
 20
5.162627882
 10
-8.407325205
 20
5.162627882
  0
LINE
  5
12B
330
128
100
AcDbEntity
  8
G-SIMBOLO
  6
Continuous
 62
4
100
AcDbLine
 10
-7.094565096
 20
0.0
 30
0.0
 11
-7.094565096
 21
11.812760109
 31
0.0
  0
TEXT
  5
12C
330
128
100
AcDbEntity
  8
G-SIMBOLO
  6
Continuous
 62
2
100
AcDbText
 10
-18.755005455
 20
10.740829177
 30
0.0
 40
2.5
  1
0000
  7
REGUA100
100
AcDbText
  0
LINE
  5
12D
330
128
100
AcDbEntity
  8
G-SIMBOLO
  6
Continuous
 62
4
100
AcDbLine
 10
-5.281804986
 20
10.0
 30
0.0
 11
-18.897197984
 21
10.0
 31
0.0
  0
LINE
  5
12E
330
128
100
AcDbEntity
  8
G-SIMBOLO
  6
Continuous
 62
4
100
AcDbLine
 10
-9.428930121
 20
0.0
 30
0.0
 11
0.0
 21
0.0
 31
0.0
  0
TRACE
  5
12F
330
128
100
AcDbEntity
  8
G-SIMBOLO
 62
4
100
AcDbTrace
 10
-7.094565096
 20
0.0
 30
0.0
 11
-5.781804986
 21
5.162627882
 31
0.0
 12
-7.094565096
 22
5.162627882
 32
0.0
 13
-7.094565096
 23
5.162627882
 33
0.0
  0
ENDBLK
  5
130
330
128
100
AcDbEntity
  8
0
100
AcDbBlockEnd
  0
BLOCK
  5
132
330
131
100
AcDbEntity
  8
0
100
AcDbBlockBegin
  2
nomepec2
 70
2
 10
0.0
 20
0.0
 30
0.0
  3
nomepec2
  1

  0
ATTDEF
  5
133
330
131
100
AcDbEntity
  8
REGUA80
100
AcDbText
 10
0.986130717
 20
4.557276463
 30
0.0
 40
2.03
  1

100
AcDbAttributeDefinition
  3
QUAL E O COMENTARIO:
  2
COMENTARIO
 70
0
  0
ATTDEF
  5
134
330
131
100
AcDbEntity
  8
REGUA80
100
AcDbText
 10
0.986130717
 20
1.558088807
 30
0.0
 40
2.03
  1

100
AcDbAttributeDefinition
  3
QUAL E O COMENTARIO:
  2
COMENTARIO
 70
0
  0
ATTDEF
  5
135
330
131
100
AcDbEntity
  8
REGUA80
100
AcDbText
 10
0.986130717
 20
-1.436097574
 30
0.0
 40
2.03
  1

100
AcDbAttributeDefinition
  3
QUAL E O COMENTARIO:
  2
COMENTARIO
 70
0
  0
ENDBLK
  5
136
330
131
100
AcDbEntity
  8
0
100
AcDbBlockEnd
  0
BLOCK
  5
138
330
137
100
AcDbEntity
 67
1
  8
0
100
AcDbBlockBegin
  2
LOGO_STABILE
 70
0
 10
0.0
 20
0.0
 30
0.0
  3
LOGO_STABILE
  1

  0
LWPOLYLINE
  5
139
330
137
100
AcDbEntity
  8
0
100
AcDbPolyline
 90
17
 70
1
 10
15.944634538
 20
5.151660004
 10
18.518145523
 20
5.151660004
 42
-0.414214
 10
18.942139082
 20
4.727666402
 10
18.942139082
 20
1.281981875
 42
-0.414214
 10
18.51814548
 20
0.857988317
 10
15.944634538
 20
0.857988317
 10
15.944634538
 20
0.019276823
 10
18.797175392
 20
0.019276823
 42
0.15405482
 10
19.961389641
 20
0.365738223
 42
0.205514349
 10
20.62500203
 20
1.292469712
 42
0.147792947
 10
20.586429467
 20
2.387736184
 42
0.205256512
 10
19.703676766
 20
3.189148562
 42
0.198980206
 10
20.393556451
 20
3.862758718
 42
0.093017852
 10
20.494070094
 20
4.439906503
 42
0.130114669
 10
20.218264392
 20
5.351902432
 42
0.225637245
 10
18.941918151
 20
5.942180107
 10
15.944634538
 20
5.942180107
  0
LWPOLYLINE
  5
13A
330
137
100
AcDbEntity
  8
0
100
AcDbPolyline
 90
18
 70
1
 10
16.044587765
 20
5.251613231
 10
18.518145453
 20
5.251613231
 42
-0.414214
 10
19.042092309
 20
4.727666402
 10
19.042092309
 20
1.281981945
 42
-0.414214
 10
18.51814548
 20
0.75803509
 10
16.044587765
 20
0.75803509
 10
16.044587765
 20
0.11923005
 10
18.798008459
 20
0.11923005
 42
0.15450503
 10
19.907489316
 20
0.449954053
 42
0.206412395
 10
20.527821252
 20
1.315949146
 42
0.14737923
 10
20.493441651
 20
2.350714945
 42
0.204336916
 10
19.671075032
 20
3.094661661
 42
-0.694724661
 10
19.666542959
 20
3.281947959
 42
0.19846073
 10
20.300755257
 20
3.899966522
 42
0.092437314
 10
20.394139241
 20
4.437511614
 42
0.128933953
 10
20.136888406
 20
5.293407042
 42
0.22452034
 10
18.942459426
 20
5.84222688
 10
16.044587765
 20
5.84222688
  0
LWPOLYLINE
  5
13B
330
137
100
AcDbEntity
  8
0
100
AcDbPolyline
 90
18
 70
1
 10
16.144540992
 20
5.351566458
 10
18.518145376
 20
5.351566458
 42
-0.414214
 10
19.142045536
 20
4.727666402
 10
19.142045536
 20
1.281982022
 42
-0.414214
 10
18.51814548
 20
0.658081863
 10
16.144540992
 20
0.658081863
 10
16.144540992
 20
0.219183277
 10
18.798863534
 20
0.219183277
 42
0.155005985
 10
19.853611912
 20
0.534190082
 42
0.207444341
 10
20.430632339
 20
1.339408949
 42
0.146913743
 10
20.400451963
 20
2.313649698
 42
0.203285532
 10
19.638473299
 20
3.000174759
 42
-0.694724661
 10
19.629409153
 20
3.374747356
 42
0.197849228
 10
20.2079585
 20
3.93719842
 42
0.091769971
 10
20.294207407
 20
4.435122766
 42
0.127605527
 10
20.055502623
 20
5.234866089
 42
0.223250711
 10
18.943018602
 20
5.742273653
 10
16.144540992
 20
5.742273653
  0
LWPOLYLINE
  5
13C
330
137
100
AcDbEntity
  8
0
100
AcDbPolyline
 90
6
 70
0
 10
19.312140808
 20
0.809855011
 42
0.058862902
 10
19.584816018
 20
0.955891189
 42
0.216310171
 10
19.944474169
 20
1.456192401
 42
0.143310918
 10
19.935455245
 20
2.12718862
 42
0.194491703
 10
19.475464631
 20
2.527740252
 42
-0.012804229
 10
19.441905217
 20
2.540290036
 42
-0.313272344
  0
LWPOLYLINE
  5
13D
330
137
100
AcDbEntity
  8
0
100
AcDbPolyline
 90
6
 70
0
 10
19.380065324
 20
0.949677076
 42
0.036233381
 10
19.531270998
 20
1.040420146
 42
0.219543534
 10
19.847163573
 20
1.479358511
 42
0.142154086
 10
19.842438456
 20
2.089486338
 42
0.191392869
 10
19.442862897
 20
2.43325335
 42
-0.000316807
 10
19.441905217
 20
2.433584467
 42
-0.313272344
  0
LWPOLYLINE
  5
13E
330
137
100
AcDbEntity
  8
0
100
AcDbPolyline
 90
5
 70
0
 10
19.421170283
 20
1.087358096
 42
0.015224582
 10
19.477863969
 20
1.125070716
 42
0.223818134
 10
19.749800947
 20
1.502399039
 42
0.140736227
 10
19.749410503
 20
2.051521629
 42
0.173165576
 10
19.441905217
 20
2.32686297
 42
-0.313272344
  0
LWPOLYLINE
  5
13F
330
137
100
AcDbEntity
  8
0
100
AcDbPolyline
 90
4
 70
0
 10
19.439713311
 20
1.218382817
 42
0.219566471
 10
19.652360539
 20
1.525251836
 42
0.138956293
 10
19.656366254
 20
2.013173889
 42
0.147105589
 10
19.441905217
 20
2.217103075
 42
-0.313272344
  0
LWPOLYLINE
  5
140
330
137
100
AcDbEntity
  8
0
100
AcDbPolyline
 90
6
 70
0
 10
19.210693691
 20
0.670664152
 42
0.083884247
 10
19.638459438
 20
0.871448949
 42
0.213775524
 10
20.041748136
 20
1.432937886
 42
0.144273162
 10
20.028464034
 20
2.16470286
 42
0.196961606
 10
19.508066364
 20
2.622227153
 42
-0.029870065
 10
19.441905217
 20
2.649575612
 42
-0.313272344
  0
LWPOLYLINE
  5
141
330
137
100
AcDbEntity
  8
0
100
AcDbPolyline
 90
6
 70
0
 10
19.064180102
 20
0.536878828
 42
0.112731583
 10
19.692175672
 20
0.787070881
 42
0.211733407
 10
20.138995294
 20
1.409618663
 42
0.145086363
 10
20.121466887
 20
2.202077566
 42
0.198977414
 10
19.540668098
 20
2.716714055
 42
-0.054815495
 10
19.441905217
 20
2.76342348
 42
-0.313272344
  0
LWPOLYLINE
  5
142
330
137
100
AcDbEntity
  8
0
100
AcDbPolyline
 90
6
 70
0
 10
18.801525367
 20
0.419073828
 42
0.156062126
 10
19.745947392
 20
0.702741713
 42
0.210051961
 10
20.236222213
 20
1.386250593
 42
0.145782815
 10
20.21446521
 20
2.239345789
 42
0.200654394
 10
19.573269831
 20
2.811200956
 42
-0.095686206
 10
19.441905217
 20
2.886946614
 42
-0.313272344
  0
LWPOLYLINE
  5
143
330
137
100
AcDbEntity
  8
0
100
AcDbPolyline
 90
6
 70
0
 10
19.441905217
 20
3.491350511
 42
-0.083492011
 10
19.555141541
 20
3.560346149
 42
0.196230559
 10
20.022383621
 20
4.011763373
 42
0.090082379
 10
20.094339906
 20
4.430368714
 42
0.124378352
 10
19.892692841
 20
5.117606461
 42
0.219987038
 10
18.944776745
 20
5.542374154
 42
0.219987038
  0
LWPOLYLINE
  5
144
330
137
100
AcDbEntity
  8
0
100
AcDbPolyline
 90
6
 70
0
 10
19.441905217
 20
3.335406842
 42
-0.17182215
 10
19.592275347
 20
3.467546752
 42
0.197118738
 10
20.115167391
 20
3.974460973
 42
0.090994603
 10
20.194274386
 20
4.432741241
 42
0.126099728
 10
19.974104991
 20
5.176270033
 42
0.221795021
 10
18.943597582
 20
5.642320426
  0
LWPOLYLINE
  5
145
330
137
100
AcDbEntity
  8
0
100
AcDbPolyline
 90
6
 70
0
 10
18.799742456
 20
0.319136504
 42
0.155567265
 10
19.799762416
 20
0.618450707
 42
0.20864279
 10
20.333433467
 20
1.362844713
 42
0.146386077
 10
20.307459995
 20
2.276530852
 42
0.2020717
 10
19.605871565
 20
2.905687858
 42
-0.184302793
 10
19.441905217
 20
3.042890283
 42
0.197118738
  0
LWPOLYLINE
  5
146
330
137
100
AcDbEntity
  8
0
100
AcDbPolyline
 90
6
 70
0
 10
19.441905217
 20
3.614873645
 42
-0.04268964
 10
19.518007735
 20
3.653145546
 42
0.195127036
 10
19.929609643
 20
4.049118934
 42
0.088993059
 10
19.994403606
 20
4.428007411
 42
0.122391322
 10
19.811262632
 20
5.058858911
 42
0.178854627
 10
19.116275889
 20
5.43163547
 42
0.217874946
  0
LWPOLYLINE
  5
147
330
137
100
AcDbEntity
  8
0
100
AcDbPolyline
 90
6
 70
0
 10
19.441905217
 20
3.728721513
 42
-0.017766099
 10
19.480873929
 20
3.745944943
 42
0.19371824
 10
19.836849151
 20
4.086547712
 42
0.087668623
 10
19.894464993
 20
4.425660364
 42
0.12007166
 10
19.729809565
 20
5.000005062
 42
0.141608124
 10
19.240202611
 20
5.303831248
 42
0.215374622
  0
LWPOLYLINE
  5
148
330
137
100
AcDbEntity
  8
0
100
AcDbPolyline
 90
6
 70
0
 10
19.441905217
 20
3.838007089
 42
-0.000706573
 10
19.443740122
 20
3.838744339
 42
0.191855446
 10
19.744107995
 20
4.124081462
 42
0.086021986
 10
19.794523382
 20
4.423331812
 42
0.117327646
 10
19.648326964
 20
4.941013865
 42
0.104671872
 10
19.33149877
 20
5.165603394
 42
0.212367597
  0
LWPOLYLINE
  5
149
330
137
100
AcDbEntity
  8
0
100
AcDbPolyline
 90
5
 70
0
 10
19.441905217
 20
3.94742352
 42
0.167549176
 10
19.651396051
 20
4.161773807
 42
0.083915543
 10
19.694577781
 20
4.421027865
 42
0.11403013
 10
19.566805247
 20
4.881840765
 42
0.066490482
 10
19.394081651
 20
5.021040097
 42
0.208681437
  0
LWPOLYLINE
  5
14A
330
137
100
AcDbEntity
  8
0
100
AcDbPolyline
 90
5
 70
0
 10
19.441905217
 20
4.063471279
 42
0.126705274
 10
19.558731523
 20
4.199723571
 42
0.081116393
 10
19.594626704
 20
4.418757683
 42
0.109991046
 10
19.485230142
 20
4.822419388
 42
0.025222556
 10
19.430442317
 20
4.872741102
 42
0.20405482
  0
ARC
  5
14B
330
137
100
AcDbEntity
  8
0
  6
CONTINUOUS
100
AcDbCircle
 10
16.357488286
 20
2.605900856
 30
0.0
 40
0.067734086
100
AcDbArc
 50
180.000036494
 51
270.000122103
  0
LINE
  5
14C
330
137
100
AcDbEntity
  8
0
100
AcDbLine
 10
16.2897542
 20
3.376963262
 30
0.0
 11
16.2897542
 21
2.605900813
 31
0.0
  0
ARC
  5
14D
330
137
100
AcDbEntity
  8
0
  6
CONTINUOUS
100
AcDbCircle
 10
16.357488286
 20
3.376963406
 30
0.0
 40
0.067734086
100
AcDbArc
 50
90.000036494
 51
180.000122103
  0
LINE
  5
14E
330
137
100
AcDbEntity
  8
0
100
AcDbLine
 10
17.128550692
 20
3.444697492
 30
0.0
 11
16.357488243
 21
3.444697492
 31
0.0
  0
ARC
  5
14F
330
137
100
AcDbEntity
  8
0
  6
CONTINUOUS
100
AcDbCircle
 10
17.128550836
 20
3.376963406
 30
0.0
 40
0.067734086
100
AcDbArc
 50
3.6494e-05
 51
90.000122103
  0
LINE
  5
150
330
137
100
AcDbEntity
  8
0
100
AcDbLine
 10
17.196284923
 20
2.605901
 30
0.0
 11
17.196284923
 21
3.37696345
 31
0.0
  0
ARC
  5
151
330
137
100
AcDbEntity
  8
0
  6
CONTINUOUS
100
AcDbCircle
 10
17.128550836
 20
2.605900856
 30
0.0
 40
0.067734086
100
AcDbArc
 50
270.000036494
 51
0.000122103
  0
LINE
  5
152
330
137
100
AcDbEntity
  8
0
100
AcDbLine
 10
16.35748843
 20
2.53816677
 30
0.0
 11
17.12855088
 21
2.53816677
 31
0.0
  0
LINE
  5
153
330
137
100
AcDbEntity
  8
0
100
AcDbLine
 10
11.456736416
 20
2.532639167
 30
0.0
 11
13.132693928
 21
2.532639167
 31
0.0
  0
LINE
  5
154
330
137
100
AcDbEntity
  8
0
100
AcDbLine
 10
12.294715172
 20
4.959812234
 30
0.0
 11
11.456736416
 21
2.532639167
 31
0.0
  0
LINE
  5
155
330
137
100
AcDbEntity
  8
0
100
AcDbLine
 10
13.132693928
 20
2.532639167
 30
0.0
 11
12.294715172
 21
4.959812234
 31
0.0
  0
LINE
  5
156
330
137
100
AcDbEntity
  8
0
100
AcDbLine
 10
12.699209612
 20
5.84222688
 30
0.0
 11
11.886623438
 21
5.84222688
 31
0.0
  0
LINE
  5
157
330
137
100
AcDbEntity
  8
0
100
AcDbLine
 10
14.824554908
 20
0.11923005
 30
0.0
 11
12.699209612
 21
5.84222688
 31
0.0
  0
LINE
  5
158
330
137
100
AcDbEntity
  8
0
100
AcDbLine
 10
14.071610024
 20
0.11923005
 30
0.0
 11
14.824554908
 21
0.11923005
 31
0.0
  0
LINE
  5
159
330
137
100
AcDbEntity
  8
0
100
AcDbLine
 10
13.464398492
 20
1.878215835
 30
0.0
 11
14.071610024
 21
0.11923005
 31
0.0
  0
LINE
  5
15A
330
137
100
AcDbEntity
  8
0
100
AcDbLine
 10
11.125031851
 20
1.878215835
 30
0.0
 11
13.464398492
 21
1.878215835
 31
0.0
  0
LINE
  5
15B
330
137
100
AcDbEntity
  8
0
100
AcDbLine
 10
10.51782032
 20
0.11923005
 30
0.0
 11
11.125031851
 21
1.878215835
 31
0.0
  0
LINE
  5
15C
330
137
100
AcDbEntity
  8
0
100
AcDbLine
 10
9.764840173
 20
0.11923005
 30
0.0
 11
10.51782032
 21
0.11923005
 31
0.0
  0
LINE
  5
15D
330
137
100
AcDbEntity
  8
0
100
AcDbLine
 10
11.886623438
 20
5.84222688
 30
0.0
 11
9.764840173
 21
0.11923005
 31
0.0
  0
LWPOLYLINE
  5
15E
330
137
100
AcDbEntity
  8
0
100
AcDbPolyline
 90
8
 70
1
 10
16.35748843
 20
2.138353862
 10
17.128550649
 20
2.138353862
 42
0.414214
 10
17.596097831
 20
2.605901
 10
17.596097831
 20
3.376963219
 42
0.414214
 10
17.128550692
 20
3.8445104
 10
16.357488473
 20
3.8445104
 42
0.414214
 10
15.889941292
 20
3.376963262
 10
15.889941292
 20
2.605901043
 42
0.414214
  0
LWPOLYLINE
  5
15F
330
137
100
AcDbEntity
  8
0
100
AcDbPolyline
 90
8
 70
1
 10
11.817079216
 20
5.942180107
 10
9.621181256
 20
0.019276823
 10
10.589057118
 20
0.019276823
 10
11.196268649
 20
1.778262608
 10
13.393161694
 20
1.778262608
 10
14.000373226
 20
0.019276823
 10
14.968297679
 20
0.019276823
 10
12.768713264
 20
5.942180107
  0
LWPOLYLINE
  5
160
330
137
100
AcDbEntity
  8
0
100
AcDbPolyline
 90
8
 70
1
 10
7.183609884
 20
5.15664944
 10
7.183609884
 20
0.000170563
 10
8.082220022
 20
0.000170563
 10
8.082220022
 20
5.15664944
 10
9.954455577
 20
5.15664944
 10
9.954455577
 20
5.922733253
 10
5.308964759
 20
5.922733253
 10
5.308964759
 20
5.15664944
  0
LWPOLYLINE
  5
161
330
137
100
AcDbEntity
  8
0
100
AcDbPolyline
 90
27
 70
0
 10
3.875437896
 20
3.182669433
 42
0.062247116
 10
2.862316458
 20
3.519843772
 42
-0.032576094
 10
1.825406239
 20
3.747777369
 42
-0.11140064
 10
1.353878403
 20
4.00024964
 42
-0.339089151
 10
1.183515761
 20
4.752838559
 42
-0.191567159
 10
1.76644482
 20
5.218501455
 42
-0.090150009
 10
2.674558321
 20
5.274593648
 42
-0.191581644
 10
3.395459621
 20
4.880523482
 42
-0.183340275
 10
3.70344215
 20
4.081464154
 10
4.535828004
 20
4.081464154
 42
0.060395587
 10
4.384080474
 20
4.72966833
 42
-0.000963083
 10
4.387720717
 20
4.719654874
 42
-0.000158652
 10
4.388074859
 20
4.718533416
 42
0.000158652
 10
4.387720717
 20
4.719654874
 42
0.000963083
 10
4.384080474
 20
4.72966833
 42
-0.000963083
 10
4.387720717
 20
4.719654874
 42
-0.000158652
 10
4.388074859
 20
4.718533416
 42
0.119155
 10
3.938262228
 20
5.464275409
 42
0.158973366
 10
3.140736901
 20
5.893031
 42
0.068172345
 10
2.170186747
 20
5.962683264
 42
0.037466245
 10
1.333321357
 20
5.799674572
 42
0.116567984
 10
0.692433078
 20
5.408663367
 42
0.155692738
 10
0.354308963
 20
4.805505779
 42
0.085876796
 10
0.31984843
 20
4.092462908
 42
0.129943805
 10
0.6459752
 20
3.455201501
 42
0.156110378
 10
1.684180621
 20
2.947008218
 42
-0.030436656
 10
3.184126418
 20
2.557608563
 42
-0.181495255
  0
LWPOLYLINE
  5
162
330
137
100
AcDbEntity
  8
0
100
AcDbPolyline
 90
18
 70
0
 10
3.184126418
 20
2.557608563
 42
-0.181495255
 10
3.756137245
 20
2.170704265
 42
-0.211008927
 10
3.842093852
 20
1.542262942
 42
-0.177978297
 10
3.452148746
 20
1.04504759
 42
-0.146715136
 10
2.697185936
 20
0.813523102
 42
-0.12665884
 10
1.8023859
 20
0.92659949
 42
-0.180279215
 10
1.08212253
 20
1.446754094
 42
-0.089878132
 10
0.864140323
 20
2.21311917
 10
-5.3e-07
 20
2.21311917
 42
0.082370144
 10
0.301606245
 20
1.223479891
 42
0.018794684
 10
0.548413441
 20
0.835451552
 42
0.111601419
 10
1.450845608
 20
0.241412076
 42
0.055180181
 10
2.577992656
 20
0.067391156
 42
0.071279
 10
3.431456811
 20
0.184304054
 42
0.130365007
 10
4.235670375
 20
0.63417761
 42
0.162187692
 10
4.687814089
 20
1.454983167
 42
0.156013214
 10
4.593851763
 20
2.404387744
 42
0.200688
 10
3.875437896
 20
3.182669433
 42
0.062247116
  0
LWPOLYLINE
  5
163
330
137
100
AcDbEntity
  8
0
100
AcDbPolyline
 90
18
 70
0
 10
3.207460523
 20
2.654799957
 42
-0.182267939
 10
3.839530317
 20
2.225892702
 42
-0.212462081
 10
3.937698348
 20
1.513059623
 42
-0.177939347
 10
3.506206907
 20
0.960956914
 42
-0.145366402
 10
2.703838086
 20
0.713621613
 42
-0.125141712
 10
1.770567748
 20
0.831699048
 42
-0.180503071
 10
0.995300915
 20
1.396815145
 42
-0.080788001
 10
0.775292962
 20
2.113165943
 10
0.116191743
 20
2.113165943
 42
0.072694838
 10
0.389642593
 20
1.270938805
 42
0.018311537
 10
0.626035534
 20
0.898961091
 42
0.110215249
 10
1.48155697
 20
0.336656258
 42
0.054849926
 10
2.580440806
 20
0.167331735
 42
0.07124151
 10
3.405321237
 20
0.280790241
 42
0.130748208
 10
4.166988722
 20
0.706806511
 42
0.162674058
 10
4.589771205
 20
1.474489128
 42
0.156781744
 10
4.500936356
 20
2.367419204
 42
0.201288102
 10
3.833837301
 20
3.091784681
 42
0.201288102
  0
LWPOLYLINE
  5
164
330
137
100
AcDbEntity
  8
0
100
AcDbPolyline
 90
18
 70
0
 10
3.230794627
 20
2.751991352
 42
-0.182903444
 10
3.922899175
 20
2.281101646
 42
-0.213631758
 10
4.033297492
 20
1.48384666
 42
-0.177899092
 10
3.560284946
 20
0.876881649
 42
-0.1441865
 10
2.710532611
 20
0.613742253
 42
-0.123788459
 10
1.738704964
 20
0.736830915
 42
-0.180703696
 10
0.908452029
 20
1.346969028
 42
-0.072400313
 10
0.689735392
 20
2.013212716
 10
0.237040462
 20
2.013212716
 42
0.062317
 10
0.477695049
 20
1.318374273
 42
0.017806223
 10
0.703604697
 20
0.962568085
 42
0.108724783
 10
1.512324932
 20
0.431890278
 42
0.054502867
 10
2.582875417
 20
0.267273603
 42
0.071204177
 10
3.379202825
 20
0.377282088
 42
0.131177892
 10
4.098312496
 20
0.779441973
 42
0.163233999
 10
4.491726032
 20
1.493992274
 42
0.157666697
 10
4.408008015
 20
2.330463241
 42
0.201987082
 10
3.792236705
 20
3.00089993
 42
0.201987082
  0
LWPOLYLINE
  5
165
330
137
100
AcDbEntity
  8
0
100
AcDbPolyline
 90
18
 70
0
 10
3.254128732
 20
2.849182746
 42
-0.183435393
 10
4.006250008
 20
2.336325855
 42
-0.214593643
 10
4.128892684
 20
1.454626579
 42
-0.17785959
 10
3.614378616
 20
0.792818501
 42
-0.143145344
 10
2.717262678
 20
0.513881452
 42
-0.122573743
 10
1.70680501
 20
0.64198969
 42
-0.180884579
 10
0.821580121
 20
1.297201279
 42
-0.06462539
 10
0.607127171
 20
1.913259489
 10
0.363154809
 20
1.913259489
 42
0.051135355
 10
0.56576487
 20
1.36578447
 42
0.017277055
 10
0.781115886
 20
1.026281822
 42
0.107117363
 10
1.543155152
 20
0.527113121
 42
0.05413762
 10
2.585295335
 20
0.367216868
 42
0.07116738
 10
3.353104217
 20
0.473780466
 42
0.131663231
 10
4.029642928
 20
0.852085485
 42
0.163885614
 10
4.39367801
 20
1.513491915
 42
0.158696745
 10
4.3150634
 20
2.293523103
 42
0.202811622
 10
3.750636109
 20
2.910015179
 42
0.202811622
  0
LWPOLYLINE
  5
166
330
137
100
AcDbEntity
  8
0
100
AcDbPolyline
 90
23
 70
0
 10
3.832357129
 20
3.092476889
 42
0.062112015
 10
2.844978123
 20
3.421379181
 42
-0.032488662
 10
1.798195964
 20
3.65159743
 42
-0.111104218
 10
1.289173662
 20
3.924060654
 42
-0.340393129
 10
1.094566669
 20
4.798614965
 42
-0.193209903
 10
1.739956762
 20
5.314916397
 42
-0.090403659
 10
2.686690666
 20
5.37380783
 42
-0.191168513
 10
3.471189697
 20
4.945784687
 42
-0.163345843
 10
3.799084358
 20
4.181417381
 10
4.373844451
 20
4.181417381
 42
0.073487916
 10
4.293023708
 20
4.687601348
 42
0.000772062
 10
4.290207989
 20
4.695337525
 42
-0.03203086
 10
4.286591832
 20
4.707609039
 42
0.116376162
 10
3.866574234
 20
5.394616843
 42
0.15941757
 10
3.121591188
 20
5.794916673
 42
0.068090462
 10
2.179264717
 20
5.863107076
 42
0.037237883
 10
1.362082201
 20
5.7039167
 42
0.116412989
 10
0.761685748
 20
5.336573297
 42
0.156262166
 10
0.452055056
 20
4.784596973
 42
0.085407125
 10
0.41848589
 20
4.10930289
 42
0.128331171
 10
0.717891707
 20
3.524724343
 42
0.155911655
 10
1.700992085
 20
3.045566983
 42
-0.030483804
 10
3.215079931
 20
2.652648174
 42
-0.030483804
  0
LWPOLYLINE
  5
167
330
137
100
AcDbEntity
  8
0
100
AcDbPolyline
 90
23
 70
0
 10
3.789276361
 20
3.002284344
 42
0.061972857
 10
2.827599141
 20
3.322921444
 42
-0.032402627
 10
1.770968365
 20
3.555422538
 42
-0.110851109
 10
1.224449617
 20
3.847889097
 42
-0.34140649
 10
1.005673956
 20
4.844463539
 42
-0.194577367
 10
1.713537035
 20
5.41134592
 42
-0.090632963
 10
2.698823011
 20
5.473022011
 42
-0.190817355
 10
3.546914347
 20
5.011048325
 42
-0.146202089
 10
3.888169065
 20
4.281370608
 10
4.26962533
 20
4.281370608
 42
0.057794778
 10
4.198318018
 20
4.655566812
 42
0.000564131
 10
4.196335504
 20
4.66100672
 42
-0.025018256
 10
4.190416139
 20
4.680103064
 42
0.115931893
 10
3.794880374
 20
5.324963476
 42
0.159923581
 10
3.102479764
 20
5.696794381
 42
0.068007441
 10
2.188328222
 20
5.763527852
 42
0.036997821
 10
1.39090116
 20
5.608173534
 42
0.116251285
 10
0.830922128
 20
5.26446482
 42
0.156940497
 10
0.549806376
 20
4.763709472
 42
0.08488205
 10
0.517127248
 20
4.126209869
 42
0.126473365
 10
0.789845145
 20
3.594224058
 42
0.155671409
 10
1.717727468
 20
3.144140141
 42
-0.030531722
 10
3.246033444
 20
2.747687784
 42
-0.030531722
  0
LWPOLYLINE
  5
168
330
137
100
AcDbEntity
  8
0
100
AcDbPolyline
 90
23
 70
0
 10
3.746195593
 20
2.9120918
 42
0.061829384
 10
2.810178772
 20
3.224470684
 42
-0.032317855
 10
1.743725528
 20
3.459252088
 42
-0.110631962
 10
1.159711323
 20
3.771730403
 42
-0.342217024
 10
0.916822024
 20
4.890364312
 42
-0.195735165
 10
1.687174516
 20
5.50778767
 42
-0.090841476
 10
2.710955357
 20
5.572236193
 42
-0.190515194
 10
3.622634687
 20
5.076313897
 42
-0.131271185
 10
3.971884582
 20
4.381323835
 10
4.158358449
 20
4.381323835
 42
0.040033629
 10
4.103602285
 20
4.623554243
 42
0.000336902
 10
4.102463019
 20
4.626675915
 42
-0.021815057
 10
4.094559845
 20
4.651606599
 42
0.115601795
 10
3.723179327
 20
5.255316479
 42
0.160505671
 10
3.083408522
 20
5.598662755
 42
0.067923723
 10
2.1973762
 20
5.663945369
 42
0.036744977
 10
1.419786205
 20
5.51244709
 42
0.116084274
 10
0.900137495
 20
5.192332603
 42
0.157762866
 10
0.647564274
 20
4.74284879
 42
0.084291076
 10
0.61577336
 20
4.143198532
 42
0.124309234
 10
0.861844003
 20
3.663695332
 42
0.15537931
 10
1.734380893
 20
3.242728804
 42
-0.030580506
 10
3.276986958
 20
2.842727395
 42
-0.030580506
  0
LWPOLYLINE
  5
169
330
137
100
AcDbEntity
  8
0
100
AcDbPolyline
 90
34
 70
0
 10
0.48514099
 20
1.913259489
 10
0.615789414
 20
1.48666235
 10
0.752332503
 20
1.259213831
 10
0.949561513
 20
1.001439021
 10
1.131618808
 20
0.834643441
 10
1.359190545
 20
0.698174329
 10
1.617105242
 20
0.592031866
 10
2.041905755
 20
0.501052458
 10
2.436363541
 20
0.440399519
 10
2.618420836
 20
0.440399519
 10
3.08873579
 20
0.485889223
 10
3.422507889
 20
0.576868631
 10
3.680422352
 20
0.683011095
 10
4.014194451
 20
1.001439021
 10
4.150737305
 20
1.244050597
 10
4.241766187
 20
1.48666235
 10
4.272108914
 20
1.835416568
 10
4.196251746
 20
2.153844316
 10
4.059708657
 20
2.441945773
 10
3.847308401
 20
2.654230879
 10
3.589393704
 20
2.805863225
 10
2.967364181
 20
3.018148331
 10
2.3908491
 20
3.169780678
 10
1.768819811
 20
3.306249789
 10
1.344019065
 20
3.427555666
 10
1.02541868
 20
3.609514303
 10
0.813018424
 20
3.89761576
 10
0.691646815
 20
4.140227335
 10
0.676475335
 20
4.458655083
 10
0.706818296
 20
4.655777133
 10
0.813018424
 20
4.928715178
 10
0.964732759
 20
5.125837228
 10
1.344019065
 20
5.413938507
 10
1.465390673
 20
5.474591445
  0
LWPOLYLINE
  5
16A
330
137
100
AcDbEntity
  8
0
100
AcDbPolyline
 90
23
 70
0
 10
3.832136921
 20
0.743664033
 10
4.044537177
 20
0.925622848
 10
4.196251746
 20
1.183397658
 10
4.302451874
 20
1.48666235
 10
4.347966315
 20
1.714110691
 10
4.317623355
 20
2.002212148
 10
4.272108914
 20
2.259986958
 10
4.150737305
 20
2.472272243
 10
3.923165569
 20
2.699720583
 10
3.680422352
 20
2.866516164
 10
3.225278879
 20
3.018148331
 10
2.952192935
 20
3.109127739
 10
2.451535021
 20
3.230433616
 10
1.920534146
 20
3.336576258
 10
1.510905114
 20
3.457882135
 10
1.237818936
 20
3.594351068
 10
1.02541868
 20
3.745983414
 10
0.904047072
 20
3.943105464
 10
0.797846944
 20
4.15539057
 10
0.767503983
 20
4.382839089
 10
0.767503983
 20
4.61028743
 10
0.84336115
 20
4.822572714
 10
0.964732759
 20
5.065184289
  0
LWPOLYLINE
  5
16B
330
137
100
AcDbEntity
  8
0
100
AcDbPolyline
 90
6
 70
0
 10
4.065121515
 20
4.381323835
 10
3.96868001
 20
4.686103603
 10
3.80179396
 20
5.004531351
 10
3.619736665
 20
5.23197987
 10
3.346650487
 20
5.429101741
 10
3.043221583
 20
5.550407618
  0
LWPOLYLINE
  5
16C
330
137
100
AcDbEntity
  8
0
100
AcDbPolyline
 90
8
 70
1
 10
7.283563111
 20
5.256602667
 10
7.283563111
 20
0.10012379
 10
7.982266795
 20
0.10012379
 10
7.982266795
 20
5.256602667
 10
9.85450235
 20
5.256602667
 10
9.85450235
 20
5.822780026
 10
5.408917986
 20
5.822780026
 10
5.408917986
 20
5.256602667
  0
LWPOLYLINE
  5
16D
330
137
100
AcDbEntity
  8
0
100
AcDbPolyline
 90
8
 70
1
 10
7.383516338
 20
5.356555894
 10
7.383516338
 20
0.200077017
 10
7.882313568
 20
0.200077017
 10
7.882313568
 20
5.356555894
 10
9.754549123
 20
5.356555894
 10
9.754549123
 20
5.722826799
 10
5.508871213
 20
5.722826799
 10
5.508871213
 20
5.356555894
  0
LWPOLYLINE
  5
16E
330
137
100
AcDbEntity
  8
0
100
AcDbPolyline
 90
4
 70
0
 10
7.483469565
 20
5.456509121
 10
7.483469565
 20
0.300030244
 10
7.782360341
 20
0.300030244
 10
7.782360341
 20
5.456509121
  0
LWPOLYLINE
  5
16F
330
137
100
AcDbEntity
  8
0
100
AcDbPolyline
 90
6
 70
0
 10
7.782360341
 20
5.456509121
 10
9.654595896
 20
5.456509121
 10
9.654595896
 20
5.622873572
 10
5.60882444
 20
5.622873572
 10
5.60882444
 20
5.456509121
 10
7.483469565
 20
5.456509121
  0
LWPOLYLINE
  5
170
330
137
100
AcDbEntity
  8
0
100
AcDbPolyline
 90
4
 70
0
 10
7.583422792
 20
5.456509121
 10
7.583422792
 20
0.399983471
 10
7.682407114
 20
0.399983471
 10
7.682407114
 20
5.456509121
  0
LINE
  5
171
330
137
100
AcDbEntity
  8
0
100
AcDbLine
 10
5.60882444
 20
5.539691347
 30
0.0
 11
9.654595896
 21
5.539691347
 31
0.0
  0
LWPOLYLINE
  5
172
330
137
100
AcDbEntity
  8
0
100
AcDbPolyline
 90
8
 70
1
 10
11.956167659
 20
5.742273653
 10
9.90849909
 20
0.219183277
 10
10.446583522
 20
0.219183277
 10
11.053795053
 20
1.978169062
 10
13.535635291
 20
1.978169062
 10
14.142846822
 20
0.219183277
 10
14.680812137
 20
0.219183277
 10
12.62970596
 20
5.742273653
  0
LWPOLYLINE
  5
173
330
137
100
AcDbEntity
  8
0
100
AcDbPolyline
 90
8
 70
1
 10
12.025711881
 20
5.642320426
 10
10.052158008
 20
0.319136504
 10
10.375346724
 20
0.319136504
 10
10.982558255
 20
2.078122289
 10
13.606872089
 20
2.078122289
 10
14.21408362
 20
0.319136504
 10
14.537069366
 20
0.319136504
 10
12.560202307
 20
5.642320426
  0
LWPOLYLINE
  5
174
330
137
100
AcDbEntity
  8
0
100
AcDbPolyline
 90
8
 70
1
 10
12.095256102
 20
5.542367199
 10
10.195816925
 20
0.419089731
 10
10.304109925
 20
0.419089731
 10
10.911321457
 20
2.178075516
 10
13.678108887
 20
2.178075516
 10
14.285320418
 20
0.419089731
 10
14.393326594
 20
0.419089731
 10
12.490698655
 20
5.542367199
  0
LWPOLYLINE
  5
175
330
137
100
AcDbEntity
  8
0
100
AcDbPolyline
 90
3
 70
1
 10
13.272945281
 20
2.43268594
 10
12.294715172
 20
5.26609163
 10
11.316485062
 20
2.43268594
  0
LWPOLYLINE
  5
176
330
137
100
AcDbEntity
  8
0
100
AcDbPolyline
 90
2
 70
0
 10
13.413196635
 20
2.332732713
 10
12.305073959
 20
5.542367199
  0
LWPOLYLINE
  5
177
330
137
100
AcDbEntity
  8
0
100
AcDbPolyline
 90
3
 70
0
 10
12.284356384
 20
5.542367199
 10
11.176233709
 20
2.332732713
 10
13.413196635
 20
2.332732713
  0
LWPOLYLINE
  5
178
330
137
100
AcDbEntity
  8
0
100
AcDbPolyline
 90
2
 70
0
 10
13.591083145
 20
2.24474036
 10
12.410816574
 20
5.542367199
  0
LWPOLYLINE
  5
179
330
137
100
AcDbEntity
  8
0
100
AcDbPolyline
 90
3
 70
0
 10
12.178613769
 20
5.542367199
 10
11.006595329
 20
2.245810162
 10
13.553447988
 20
2.232779486
  0
LWPOLYLINE
  5
17A
330
137
100
AcDbEntity
  8
0
100
AcDbPolyline
 90
2
 70
0
 10
16.244494219
 20
5.451519685
 10
18.518145293
 20
5.451519685
 42
-0.414214
  0
LWPOLYLINE
  5
17B
330
137
100
AcDbEntity
  8
0
100
AcDbPolyline
 90
3
 70
0
 10
18.943597582
 20
5.642320426
 10
16.244494219
 20
5.642320426
 10
16.244494219
 20
5.451519685
  0
LINE
  5
17C
330
137
100
AcDbEntity
  8
0
100
AcDbLine
 10
16.244494219
 20
5.546920055
 30
0.0
 11
18.518546444
 21
5.546920055
 31
0.0
  0
LWPOLYLINE
  5
17D
330
137
100
AcDbEntity
  8
0
100
AcDbPolyline
 90
7
 70
0
 10
18.518145293
 20
5.451519685
 42
-0.414214
 10
19.241998763
 20
4.727666402
 10
19.241998763
 20
1.281982105
 42
-0.414214
 10
18.51814548
 20
0.558128636
 10
16.244494219
 20
0.558128636
 10
16.244494219
 20
0.319136504
 10
18.799742456
 20
0.319136504
 42
0.155567265
  0
LWPOLYLINE
  5
17E
330
137
100
AcDbEntity
  8
0
100
AcDbPolyline
 90
7
 70
0
 10
18.518145206
 20
5.551472912
 42
-0.414214
 10
19.34195199
 20
4.727666402
 10
19.34195199
 20
1.281982193
 42
-0.414214
 10
18.51814548
 20
0.458175409
 10
16.344447446
 20
0.458175409
 10
16.344447446
 20
0.419089731
 10
18.799742456
 20
0.419089731
  0
LWPOLYLINE
  5
17F
330
137
100
AcDbEntity
  8
0
100
AcDbPolyline
 90
4
 70
0
 10
19.441905217
 20
1.342873456
 42
0.174375409
 10
19.554795372
 20
1.547803515
 42
0.136652389
 10
19.56329675
 20
1.974232496
 42
0.107419856
 10
19.441905217
 20
2.101396055
 42
-0.313272344
  0
LWPOLYLINE
  5
180
330
137
100
AcDbEntity
  8
0
100
AcDbPolyline
 90
4
 70
0
 10
19.441905217
 20
1.511819334
 42
0.061215367
 10
19.457007926
 20
1.569818702
 42
0.133547604
 10
19.470184607
 20
1.934288873
 42
0.03645268
 10
19.441905217
 20
1.970202942
 42
-0.313272344
  0
LWPOLYLINE
  5
181
330
137
100
AcDbEntity
  8
0
100
AcDbPolyline
 90
4
 70
0
 10
19.441905217
 20
4.200141585
 42
0.043445067
 10
19.46615252
 20
4.238137645
 42
0.077189413
 10
19.494667816
 20
4.416535665
 42
0.076844264
 10
19.441905217
 20
4.674641542
 42
0.198071216
  0
LWPOLYLINE
  5
182
330
137
100
AcDbEntity
  8
0
100
AcDbPolyline
 90
4
 70
0
 10
18.944776745
 20
5.542374154
 42
-0.286898938
 10
19.441905217
 20
4.727666402
 10
19.441905217
 20
1.281982284
 42
-0.23899429
 10
19.064180102
 20
0.536878828
  0
LWPOLYLINE
  5
183
330
137
100
AcDbEntity
  8
0
100
AcDbPolyline
 90
8
 70
1
 10
16.35748843
 20
2.238307089
 10
17.128550728
 20
2.238307089
 42
0.414214
 10
17.496144604
 20
2.605901
 10
17.496144604
 20
3.376963298
 42
0.414214
 10
17.128550692
 20
3.744557173
 10
16.357488394
 20
3.744557173
 42
0.414214
 10
15.989894519
 20
3.376963262
 10
15.989894519
 20
2.605900964
 42
0.414214
  0
LWPOLYLINE
  5
184
330
137
100
AcDbEntity
  8
0
100
AcDbPolyline
 90
8
 70
1
 10
16.35748843
 20
2.338260316
 10
17.128550798
 20
2.338260316
 42
0.414214
 10
17.396191377
 20
2.605901
 10
17.396191377
 20
3.376963368
 42
0.414214
 10
17.128550692
 20
3.644603946
 10
16.357488324
 20
3.644603946
 42
0.414214
 10
16.089847746
 20
3.376963262
 10
16.089847746
 20
2.605900894
 42
0.414214
  0
LWPOLYLINE
  5
185
330
137
100
AcDbEntity
  8
0
100
AcDbPolyline
 90
8
 70
1
 10
16.35748843
 20
2.438213543
 10
17.128550853
 20
2.438213543
 42
0.414214
 10
17.29623815
 20
2.605901
 10
17.29623815
 20
3.376963423
 42
0.414214
 10
17.128550692
 20
3.544650719
 10
16.357488269
 20
3.544650719
 42
0.414214
 10
16.189800973
 20
3.376963262
 10
16.189800973
 20
2.605900839
 42
0.414214
  0
LWPOLYLINE
  5
186
330
137
100
AcDbEntity
  8
0
100
AcDbPolyline
 90
4
 70
1
 10
16.389707427
 20
2.638119997
 10
17.096331696
 20
2.638119997
 10
17.096331696
 20
3.344744265
 10
16.389707427
 20
3.344744265
  0
LWPOLYLINE
  5
187
330
137
100
AcDbEntity
  8
0
100
AcDbPolyline
 90
4
 70
1
 10
16.489660654
 20
2.738073224
 10
16.996378469
 20
2.738073224
 10
16.996378469
 20
3.244791038
 10
16.489660654
 20
3.244791038
  0
LWPOLYLINE
  5
188
330
137
100
AcDbEntity
  8
0
100
AcDbPolyline
 90
4
 70
1
 10
16.589613881
 20
2.838026451
 10
16.896425242
 20
2.838026451
 10
16.896425242
 20
3.144837811
 10
16.589613881
 20
3.144837811
  0
LWPOLYLINE
  5
189
330
137
100
AcDbEntity
  8
0
100
AcDbPolyline
 90
4
 70
1
 10
16.689567108
 20
2.937979678
 10
16.796472015
 20
2.937979678
 10
16.796472015
 20
3.044884584
 10
16.689567108
 20
3.044884584
  0
LWPOLYLINE
  5
18A
330
137
100
AcDbEntity
  8
0
100
AcDbPolyline
 90
3
 70
0
 10
16.689567108
 20
3.037932905
 10
16.696518788
 20
3.037932905
 10
16.696518788
 20
3.044884584
  0
LWPOLYLINE
  5
18B
330
137
100
AcDbEntity
  8
0
100
AcDbPolyline
 90
12
 70
1
 10
29.057512131
 20
0.019276823
 10
29.057512131
 20
5.966275802
 10
33.196856003
 20
5.966275802
 10
33.196856003
 20
5.034069026
 10
29.989718907
 20
5.034069026
 10
29.989718907
 20
3.371408342
 10
32.409643651
 20
3.371408342
 10
32.409643651
 20
2.614144282
 10
29.989718907
 20
2.614144282
 10
29.989718907
 20
0.951473642
 10
33.196856003
 20
0.951473642
 10
33.196856003
 20
0.019276823
  0
LWPOLYLINE
  5
18C
330
137
100
AcDbEntity
  8
0
100
AcDbPolyline
 90
6
 70
1
 10
28.142056979
 20
0.019276823
 10
28.142056979
 20
0.857988317
 10
24.973472996
 20
0.857988317
 10
24.973472996
 20
5.942180107
 10
24.074522263
 20
5.942180107
 10
24.074522263
 20
0.019276823
  0
LWPOLYLINE
  5
18D
330
137
100
AcDbEntity
  8
0
100
AcDbPolyline
 90
4
 70
1
 10
22.780764689
 20
2.66e-07
 10
22.780764689
 20
5.92290355
 10
21.881813955
 20
5.92290355
 10
21.881813955
 20
2.66e-07
  0
LWPOLYLINE
  5
18E
330
137
100
AcDbEntity
  8
0
100
AcDbPolyline
 90
4
 70
1
 10
22.680811462
 20
0.099953493
 10
22.680811462
 20
5.822950323
 10
21.981767182
 20
5.822950323
 10
21.981767182
 20
0.099953493
  0
LWPOLYLINE
  5
18F
330
137
100
AcDbEntity
  8
0
100
AcDbPolyline
 90
4
 70
1
 10
22.580858235
 20
0.19990672
 10
22.580858235
 20
5.722997096
 10
22.081720409
 20
5.722997096
 10
22.081720409
 20
0.19990672
  0
LWPOLYLINE
  5
190
330
137
100
AcDbEntity
  8
0
100
AcDbPolyline
 90
4
 70
1
 10
22.480905008
 20
0.299859947
 10
22.480905008
 20
5.623043869
 10
22.181673636
 20
5.623043869
 10
22.181673636
 20
0.299859947
  0
LWPOLYLINE
  5
191
330
137
100
AcDbEntity
  8
0
100
AcDbPolyline
 90
4
 70
1
 10
22.380951781
 20
0.399813174
 10
22.380951781
 20
5.523090642
 10
22.281626863
 20
5.523090642
 10
22.281626863
 20
0.399813174
  0
LWPOLYLINE
  5
192
330
137
100
AcDbEntity
  8
0
100
AcDbPolyline
 90
6
 70
1
 10
28.042103752
 20
0.11923005
 10
28.042103752
 20
0.75803509
 10
24.873519769
 20
0.75803509
 10
24.873519769
 20
5.84222688
 10
24.17447549
 20
5.84222688
 10
24.17447549
 20
0.11923005
  0
LWPOLYLINE
  5
193
330
137
100
AcDbEntity
  8
0
100
AcDbPolyline
 90
6
 70
1
 10
27.942150525
 20
0.219183277
 10
27.942150525
 20
0.658081863
 10
24.773566542
 20
0.658081863
 10
24.773566542
 20
5.742273653
 10
24.274428717
 20
5.742273653
 10
24.274428717
 20
0.219183277
  0
LWPOLYLINE
  5
194
330
137
100
AcDbEntity
  8
0
100
AcDbPolyline
 90
6
 70
1
 10
27.842197298
 20
0.319136504
 10
27.842197298
 20
0.558128636
 10
24.673613315
 20
0.558128636
 10
24.673613315
 20
5.642320426
 10
24.374381944
 20
5.642320426
 10
24.374381944
 20
0.319136504
  0
LWPOLYLINE
  5
195
330
137
100
AcDbEntity
  8
0
100
AcDbPolyline
 90
6
 70
1
 10
27.742244071
 20
0.419089731
 10
27.742244071
 20
0.458175409
 10
24.573660088
 20
0.458175409
 10
24.573660088
 20
5.542367199
 10
24.474335171
 20
5.542367199
 10
24.474335171
 20
0.419089731
  0
LWPOLYLINE
  5
196
330
137
100
AcDbEntity
  8
0
100
AcDbPolyline
 90
12
 70
1
 10
29.157465358
 20
0.11923005
 10
29.157465358
 20
5.866322575
 10
33.096902776
 20
5.866322575
 10
33.096902776
 20
5.134022253
 10
29.88976568
 20
5.134022253
 10
29.88976568
 20
3.271455115
 10
32.309690424
 20
3.271455115
 10
32.309690424
 20
2.714097509
 10
29.88976568
 20
2.714097509
 10
29.88976568
 20
0.851520415
 10
33.096902776
 20
0.851520415
 10
33.096902776
 20
0.11923005
  0
LWPOLYLINE
  5
197
330
137
100
AcDbEntity
  8
0
100
AcDbPolyline
 90
12
 70
1
 10
29.257418585
 20
0.219183277
 10
29.257418585
 20
5.766369348
 10
32.996949549
 20
5.766369348
 10
32.996949549
 20
5.23397548
 10
29.789812453
 20
5.23397548
 10
29.789812453
 20
3.171501888
 10
32.209737197
 20
3.171501888
 10
32.209737197
 20
2.814050736
 10
29.789812453
 20
2.814050736
 10
29.789812453
 20
0.751567188
 10
32.996949549
 20
0.751567188
 10
32.996949549
 20
0.219183277
  0
LWPOLYLINE
  5
198
330
137
100
AcDbEntity
  8
0
100
AcDbPolyline
 90
12
 70
1
 10
29.357371812
 20
0.319136504
 10
29.357371812
 20
5.666416121
 10
32.896996322
 20
5.666416121
 10
32.896996322
 20
5.333928707
 10
29.689859226
 20
5.333928707
 10
29.689859226
 20
3.071548661
 10
32.10978397
 20
3.071548661
 10
32.10978397
 20
2.914003963
 10
29.689859226
 20
2.914003963
 10
29.689859226
 20
0.651613961
 10
32.896996322
 20
0.651613961
 10
32.896996322
 20
0.319136504
  0
LWPOLYLINE
  5
199
330
137
100
AcDbEntity
  8
0
100
AcDbPolyline
 90
10
 70
1
 10
29.457325039
 20
0.419089731
 10
29.457325039
 20
5.566462894
 10
32.797043095
 20
5.566462894
 10
32.797043095
 20
5.433881934
 10
29.589905999
 20
5.433881934
 10
29.589905999
 20
3.01395719
 10
29.589905999
 20
3.01395719
 10
29.589905999
 20
0.551660734
 10
32.797043095
 20
0.551660734
 10
32.797043095
 20
0.419089731
  0
LWPOLYLINE
  5
19A
330
137
100
AcDbEntity
  8
0
100
AcDbPolyline
 90
3
 70
1
 10
47.260911075
 20
3.321230949
 10
46.951619741
 20
3.304817235
 10
46.88592948
 20
3.553757668
  0
LWPOLYLINE
  5
19B
330
137
100
AcDbEntity
  8
0
100
AcDbPolyline
 90
3
 70
1
 10
47.060401785
 20
3.372648369
 10
46.998677164
 20
3.369372719
 10
46.985567497
 20
3.419053238
  0
LWPOLYLINE
  5
19C
330
137
100
AcDbEntity
  8
0
100
AcDbPolyline
 90
10
 70
0
 10
50.266891558
 20
3.276615766
 42
0.018917768
 10
50.26385806
 20
3.196467386
 10
50.26385806
 20
0.597350712
 42
-0.414214
 10
50.208344923
 20
0.541837782
 10
47.046855034
 20
0.541837782
 42
-0.414214053
 10
46.991342094
 20
0.597350919
 10
46.991342094
 20
3.200930862
 42
-0.414214053
 10
47.046855231
 20
3.256443802
 10
49.759272351
 20
3.256443802
 42
0.004039375
 10
49.773398748
 20
3.256557834
 42
0.004039375
  0
LWPOLYLINE
  5
19D
330
137
100
AcDbEntity
  8
0
100
AcDbPolyline
 90
7
 70
0
 10
50.205097854
 20
3.281300112
 42
0.018917768
 10
50.201887059
 20
3.196467386
 10
50.201887059
 20
0.603808783
 10
47.053313095
 20
0.603808783
 10
47.053313095
 20
3.194472801
 10
49.759271939
 20
3.194472801
 42
0.004039375
 10
49.774399584
 20
3.194594915
 42
0.004039375
  0
LWPOLYLINE
  5
19E
330
137
100
AcDbEntity
  8
0
100
AcDbPolyline
 90
7
 70
0
 10
50.14330415
 20
3.285984458
 42
0.018917768
 10
50.139916058
 20
3.196467386
 10
50.139916058
 20
0.665779784
 10
47.115284096
 20
0.665779784
 10
47.115284096
 20
3.132501801
 10
49.759271527
 20
3.132501801
 42
0.004039375
 10
49.775400419
 20
3.132631997
 42
0.004039375
  0
LWPOLYLINE
  5
19F
330
137
100
AcDbEntity
  8
0
100
AcDbPolyline
 90
7
 70
0
 10
50.081510446
 20
3.290668806
 42
0.018917768
 10
50.077945058
 20
3.196467386
 10
50.077945058
 20
0.727750784
 10
47.177255097
 20
0.727750784
 10
47.177255097
 20
3.0705308
 10
49.759271115
 20
3.0705308
 42
0.004039375
 10
49.776401254
 20
3.070669078
 42
0.004039375
  0
LWPOLYLINE
  5
1A0
330
137
100
AcDbEntity
  8
0
100
AcDbPolyline
 90
7
 70
0
 10
50.019716743
 20
3.295353154
 42
0.018917768
 10
50.015974057
 20
3.196467386
 10
50.015974057
 20
0.789721785
 10
47.239226097
 20
0.789721785
 10
47.239226097
 20
3.008559799
 10
49.759270703
 20
3.008559799
 42
0.004039375
 10
49.77740209
 20
3.00870616
 42
0.004039375
  0
LWPOLYLINE
  5
1A1
330
137
100
AcDbEntity
  8
0
100
AcDbPolyline
 90
7
 70
0
 10
49.957923039
 20
3.300037504
 42
0.018917768
 10
49.954003056
 20
3.196467386
 10
49.954003056
 20
0.851692786
 10
47.301197098
 20
0.851692786
 10
47.301197098
 20
2.946588798
 10
49.75927029
 20
2.946588798
 42
0.004039375
 10
49.778402925
 20
2.946743241
 42
0.004039375
  0
LWPOLYLINE
  5
1A2
330
137
100
AcDbEntity
  8
0
100
AcDbPolyline
 90
7
 70
0
 10
49.896129336
 20
3.304721854
 42
0.018917768
 10
49.892032056
 20
3.196467386
 10
49.892032056
 20
0.913663787
 10
47.363168099
 20
0.913663787
 10
47.363168099
 20
2.884617798
 10
49.759269878
 20
2.884617798
 42
0.004039375
 10
49.77940376
 20
2.884780323
 42
0.004039375
  0
LWPOLYLINE
  5
1A3
330
137
100
AcDbEntity
  8
0
100
AcDbPolyline
 90
5
 70
0
 10
49.830061055
 20
2.822646797
 10
49.830061055
 20
0.975634787
 10
47.4251391
 20
0.975634787
 10
47.4251391
 20
2.822646797
 10
49.830061055
 20
2.822646797
  0
LWPOLYLINE
  5
1A4
330
137
100
AcDbEntity
  8
0
100
AcDbPolyline
 90
3
 70
0
 10
49.834335632
 20
3.309406204
 42
0.018917768
 10
49.830061055
 20
3.196467386
 10
49.830061055
 20
2.822646797
  0
LWPOLYLINE
  5
1A5
330
137
100
AcDbEntity
  8
0
100
AcDbPolyline
 90
4
 70
1
 10
49.768090054
 20
2.760675796
 10
49.768090054
 20
1.037605788
 10
47.4871101
 20
1.037605788
 10
47.4871101
 20
2.760675796
  0
LWPOLYLINE
  5
1A6
330
137
100
AcDbEntity
  8
0
100
AcDbPolyline
 90
4
 70
1
 10
49.706119053
 20
2.698704795
 10
49.706119053
 20
1.099576789
 10
47.549081101
 20
1.099576789
 10
47.549081101
 20
2.698704795
  0
LWPOLYLINE
  5
1A7
330
137
100
AcDbEntity
  8
0
100
AcDbPolyline
 90
4
 70
1
 10
49.644148053
 20
2.636733795
 10
49.644148053
 20
1.16154779
 10
47.611052102
 20
1.16154779
 10
47.611052102
 20
2.636733795
  0
LWPOLYLINE
  5
1A8
330
137
100
AcDbEntity
  8
0
100
AcDbPolyline
 90
4
 70
1
 10
49.582177052
 20
2.574762794
 10
49.582177052
 20
1.22351879
 10
47.673023103
 20
1.22351879
 10
47.673023103
 20
2.574762794
  0
LWPOLYLINE
  5
1A9
330
137
100
AcDbEntity
  8
0
100
AcDbPolyline
 90
4
 70
1
 10
49.520206051
 20
2.512791793
 10
49.520206051
 20
1.285489791
 10
47.734994103
 20
1.285489791
 10
47.734994103
 20
2.512791793
  0
LWPOLYLINE
  5
1AA
330
137
100
AcDbEntity
  8
0
100
AcDbPolyline
 90
4
 70
1
 10
49.45823505
 20
2.450820792
 10
49.45823505
 20
1.347460792
 10
47.796965104
 20
1.347460792
 10
47.796965104
 20
2.450820792
  0
LWPOLYLINE
  5
1AB
330
137
100
AcDbEntity
  8
0
100
AcDbPolyline
 90
4
 70
1
 10
49.39626405
 20
2.388849792
 10
49.39626405
 20
1.409431793
 10
47.858936105
 20
1.409431793
 10
47.858936105
 20
2.388849792
  0
LWPOLYLINE
  5
1AC
330
137
100
AcDbEntity
  8
0
100
AcDbPolyline
 90
4
 70
1
 10
49.334293049
 20
2.326878791
 10
49.334293049
 20
1.471402793
 10
47.920907106
 20
1.471402793
 10
47.920907106
 20
2.326878791
  0
LWPOLYLINE
  5
1AD
330
137
100
AcDbEntity
  8
0
100
AcDbPolyline
 90
4
 70
1
 10
49.272322048
 20
2.26490779
 10
49.272322048
 20
1.533373794
 10
47.982878106
 20
1.533373794
 10
47.982878106
 20
2.26490779
  0
LWPOLYLINE
  5
1AE
330
137
100
AcDbEntity
  8
0
100
AcDbPolyline
 90
4
 70
1
 10
49.210351047
 20
2.202936789
 10
49.210351047
 20
1.595344795
 10
48.044849107
 20
1.595344795
 10
48.044849107
 20
2.202936789
  0
LWPOLYLINE
  5
1AF
330
137
100
AcDbEntity
  8
0
100
AcDbPolyline
 90
4
 70
1
 10
49.148380047
 20
2.140965789
 10
49.148380047
 20
1.657315796
 10
48.106820108
 20
1.657315796
 10
48.106820108
 20
2.140965789
  0
LWPOLYLINE
  5
1B0
330
137
100
AcDbEntity
  8
0
100
AcDbPolyline
 90
4
 70
1
 10
49.086409046
 20
2.078994788
 10
49.086409046
 20
1.719286796
 10
48.168791109
 20
1.719286796
 10
48.168791109
 20
2.078994788
  0
LWPOLYLINE
  5
1B1
330
137
100
AcDbEntity
  8
0
100
AcDbPolyline
 90
4
 70
1
 10
49.024438045
 20
2.017023787
 10
49.024438045
 20
1.781257797
 10
48.230762109
 20
1.781257797
 10
48.230762109
 20
2.017023787
  0
LWPOLYLINE
  5
1B2
330
137
100
AcDbEntity
  8
0
100
AcDbPolyline
 90
4
 70
1
 10
48.962467044
 20
1.955052787
 10
48.962467044
 20
1.843228798
 10
48.29273311
 20
1.843228798
 10
48.29273311
 20
1.955052787
  0
LWPOLYLINE
  5
1B3
330
137
100
AcDbEntity
  8
0
100
AcDbPolyline
 90
4
 70
0
 10
48.900496044
 20
1.955052787
 10
48.900496044
 20
1.905199798
 10
48.354704111
 20
1.905199798
 10
48.354704111
 20
1.955052787
  0
LWPOLYLINE
  5
1B4
330
137
100
AcDbEntity
  8
0
100
AcDbPolyline
 90
3
 70
1
 10
44.284018105
 20
5.448608751
 10
44.332925318
 20
5.372252154
 10
44.235226582
 20
5.372252154
  0
LWPOLYLINE
  5
1B5
330
137
100
AcDbEntity
  8
0
100
AcDbPolyline
 90
3
 70
1
 10
44.283956289
 20
5.563602822
 10
44.446211515
 20
5.310281153
 10
44.122084879
 20
5.310281153
  0
LWPOLYLINE
  5
1B6
330
137
100
AcDbEntity
  8
0
100
AcDbPolyline
 90
3
 70
1
 10
44.283894474
 20
5.678596893
 10
44.559497711
 20
5.248310152
 10
44.008943177
 20
5.248310152
  0
LWPOLYLINE
  5
1B7
330
137
100
AcDbEntity
  8
0
100
AcDbPolyline
 90
3
 70
1
 10
44.283832658
 20
5.793590964
 10
44.672783908
 20
5.186339152
 10
43.895801475
 20
5.186339152
  0
LWPOLYLINE
  5
1B8
330
137
100
AcDbEntity
  8
0
100
AcDbPolyline
 90
3
 70
1
 10
44.283770843
 20
5.908585035
 10
44.786070104
 20
5.124368151
 10
43.782659773
 20
5.124368151
  0
LWPOLYLINE
  5
1B9
330
137
100
AcDbEntity
  8
0
100
AcDbPolyline
 90
3
 70
1
 10
44.283709027
 20
6.023579106
 10
44.899356301
 20
5.06239715
 10
43.669518071
 20
5.06239715
  0
LWPOLYLINE
  5
1BA
330
137
100
AcDbEntity
  8
0
100
AcDbPolyline
 90
3
 70
1
 10
44.283647212
 20
6.138573177
 10
45.012642497
 20
5.00042615
 10
43.556376369
 20
5.00042615
  0
LWPOLYLINE
  5
1BB
330
137
100
AcDbEntity
  8
0
100
AcDbPolyline
 90
3
 70
1
 10
44.283585396
 20
6.253567248
 10
45.125928694
 20
4.938455149
 10
43.443234667
 20
4.938455149
  0
LWPOLYLINE
  5
1BC
330
137
100
AcDbEntity
  8
0
100
AcDbPolyline
 90
3
 70
1
 10
44.283523581
 20
6.368561319
 10
45.239214891
 20
4.876484148
 10
43.330092965
 20
4.876484148
  0
LWPOLYLINE
  5
1BD
330
137
100
AcDbEntity
  8
0
100
AcDbPolyline
 90
3
 70
1
 10
44.283461765
 20
6.48355539
 10
45.352501087
 20
4.814513147
 10
43.216951263
 20
4.814513147
  0
LWPOLYLINE
  5
1BE
330
137
100
AcDbEntity
  8
0
100
AcDbPolyline
 90
3
 70
1
 10
44.28339995
 20
6.598549461
 10
45.465787284
 20
4.752542147
 10
43.10380956
 20
4.752542147
  0
LWPOLYLINE
  5
1BF
330
137
100
AcDbEntity
  8
0
100
AcDbPolyline
 90
3
 70
1
 10
44.283338134
 20
6.713543532
 10
45.57907348
 20
4.690571146
 10
42.990667858
 20
4.690571146
  0
LWPOLYLINE
  5
1C0
330
137
100
AcDbEntity
  8
0
100
AcDbPolyline
 90
2
 70
0
 10
41.796387074
 20
3.757590852
 10
44.28284361
 20
7.633496099
  0
LWPOLYLINE
  5
1C1
330
137
100
AcDbEntity
  8
0
100
AcDbPolyline
 90
2
 70
0
 10
41.093689697
 20
3.318520752
 42
0.224400588
 10
41.796387074
 20
3.757590852
  0
LWPOLYLINE
  5
1C2
330
137
100
AcDbEntity
  8
0
100
AcDbPolyline
 90
3
 70
1
 10
41.516090138
 20
3.372648369
 10
41.57781476
 20
3.369372719
 10
41.590924427
 20
3.419053238
  0
LWPOLYLINE
  5
1C3
330
137
100
AcDbEntity
  8
0
100
AcDbPolyline
 90
3
 70
1
 10
41.315580849
 20
3.321230949
 10
41.624872183
 20
3.304817235
 10
41.690562444
 20
3.553757668
  0
LWPOLYLINE
  5
1C4
330
137
100
AcDbEntity
  8
0
100
AcDbPolyline
 90
4
 70
0
 10
40.221787827
 20
1.955052787
 10
40.221787827
 20
1.905199798
 10
39.675995894
 20
1.905199798
 10
39.675995894
 20
1.955052787
  0
LWPOLYLINE
  5
1C5
330
137
100
AcDbEntity
  8
0
100
AcDbPolyline
 90
4
 70
1
 10
40.283758828
 20
1.955052787
 10
40.283758828
 20
1.843228798
 10
39.614024893
 20
1.843228798
 10
39.614024893
 20
1.955052787
  0
LWPOLYLINE
  5
1C6
330
137
100
AcDbEntity
  8
0
100
AcDbPolyline
 90
4
 70
1
 10
40.345729829
 20
2.017023787
 10
40.345729829
 20
1.781257797
 10
39.552053893
 20
1.781257797
 10
39.552053893
 20
2.017023787
  0
LWPOLYLINE
  5
1C7
330
137
100
AcDbEntity
  8
0
100
AcDbPolyline
 90
4
 70
1
 10
40.407700829
 20
2.078994788
 10
40.407700829
 20
1.719286796
 10
39.490082892
 20
1.719286796
 10
39.490082892
 20
2.078994788
  0
LWPOLYLINE
  5
1C8
330
137
100
AcDbEntity
  8
0
100
AcDbPolyline
 90
4
 70
1
 10
40.46967183
 20
2.140965789
 10
40.46967183
 20
1.657315796
 10
39.428111891
 20
1.657315796
 10
39.428111891
 20
2.140965789
  0
LWPOLYLINE
  5
1C9
330
137
100
AcDbEntity
  8
0
100
AcDbPolyline
 90
4
 70
1
 10
40.531642831
 20
2.202936789
 10
40.531642831
 20
1.595344795
 10
39.366140891
 20
1.595344795
 10
39.366140891
 20
2.202936789
  0
LWPOLYLINE
  5
1CA
330
137
100
AcDbEntity
  8
0
100
AcDbPolyline
 90
4
 70
1
 10
40.593613832
 20
2.26490779
 10
40.593613832
 20
1.533373794
 10
39.30416989
 20
1.533373794
 10
39.30416989
 20
2.26490779
  0
LWPOLYLINE
  5
1CB
330
137
100
AcDbEntity
  8
0
100
AcDbPolyline
 90
4
 70
1
 10
40.655584832
 20
2.326878791
 10
40.655584832
 20
1.471402793
 10
39.242198889
 20
1.471402793
 10
39.242198889
 20
2.326878791
  0
LWPOLYLINE
  5
1CC
330
137
100
AcDbEntity
  8
0
100
AcDbPolyline
 90
4
 70
1
 10
40.717555833
 20
2.388849792
 10
40.717555833
 20
1.409431793
 10
39.180227888
 20
1.409431793
 10
39.180227888
 20
2.388849792
  0
LWPOLYLINE
  5
1CD
330
137
100
AcDbEntity
  8
0
100
AcDbPolyline
 90
4
 70
1
 10
40.779526834
 20
2.450820792
 10
40.779526834
 20
1.347460792
 10
39.118256888
 20
1.347460792
 10
39.118256888
 20
2.450820792
  0
LWPOLYLINE
  5
1CE
330
137
100
AcDbEntity
  8
0
100
AcDbPolyline
 90
4
 70
1
 10
40.841497835
 20
2.512791793
 10
40.841497835
 20
1.285489791
 10
39.056285887
 20
1.285489791
 10
39.056285887
 20
2.512791793
  0
LWPOLYLINE
  5
1CF
330
137
100
AcDbEntity
  8
0
100
AcDbPolyline
 90
4
 70
1
 10
40.903468835
 20
2.574762794
 10
40.903468835
 20
1.22351879
 10
38.994314886
 20
1.22351879
 10
38.994314886
 20
2.574762794
  0
LWPOLYLINE
  5
1D0
330
137
100
AcDbEntity
  8
0
100
AcDbPolyline
 90
4
 70
1
 10
40.965439836
 20
2.636733795
 10
40.965439836
 20
1.16154779
 10
38.932343885
 20
1.16154779
 10
38.932343885
 20
2.636733795
  0
LWPOLYLINE
  5
1D1
330
137
100
AcDbEntity
  8
0
100
AcDbPolyline
 90
4
 70
1
 10
41.027410837
 20
2.698704795
 10
41.027410837
 20
1.099576789
 10
38.870372885
 20
1.099576789
 10
38.870372885
 20
2.698704795
  0
LWPOLYLINE
  5
1D2
330
137
100
AcDbEntity
  8
0
100
AcDbPolyline
 90
4
 70
1
 10
41.089381838
 20
2.760675796
 10
41.089381838
 20
1.037605788
 10
38.808401884
 20
1.037605788
 10
38.808401884
 20
2.760675796
  0
LWPOLYLINE
  5
1D3
330
137
100
AcDbEntity
  8
0
100
AcDbPolyline
 90
5
 70
0
 10
41.151352838
 20
2.822646797
 10
41.151352838
 20
0.975634787
 10
38.746430883
 20
0.975634787
 10
38.746430883
 20
2.822646797
 10
41.151352838
 20
2.822646797
  0
LWPOLYLINE
  5
1D4
330
137
100
AcDbEntity
  8
0
100
AcDbPolyline
 90
3
 70
0
 10
41.155627416
 20
3.309406204
 42
0.018917768
 10
41.151352838
 20
3.196467386
 10
41.151352838
 20
2.822646797
  0
LWPOLYLINE
  5
1D5
330
137
100
AcDbEntity
  8
0
100
AcDbPolyline
 90
7
 70
0
 10
41.217421119
 20
3.304721854
 42
0.018917768
 10
41.213323839
 20
3.196467386
 10
41.213323839
 20
0.913663787
 10
38.684459882
 20
0.913663787
 10
38.684459882
 20
2.884617798
 10
41.080561662
 20
2.884617798
 42
0.004039375
 10
41.100695544
 20
2.884780323
 42
0.004039375
  0
LWPOLYLINE
  5
1D6
330
137
100
AcDbEntity
  8
0
100
AcDbPolyline
 90
7
 70
0
 10
41.279214823
 20
3.300037504
 42
0.018917768
 10
41.27529484
 20
3.196467386
 10
41.27529484
 20
0.851692786
 10
38.622488882
 20
0.851692786
 10
38.622488882
 20
2.946588798
 10
41.080562074
 20
2.946588798
 42
0.004039375
 10
41.099694709
 20
2.946743241
 42
0.004039375
  0
LWPOLYLINE
  5
1D7
330
137
100
AcDbEntity
  8
0
100
AcDbPolyline
 90
7
 70
0
 10
41.341008526
 20
3.295353154
 42
0.018917768
 10
41.337265841
 20
3.196467386
 10
41.337265841
 20
0.789721785
 10
38.560517881
 20
0.789721785
 10
38.560517881
 20
3.008559799
 10
41.080562486
 20
3.008559799
 42
0.004039375
 10
41.098693873
 20
3.00870616
 42
0.004039375
  0
LWPOLYLINE
  5
1D8
330
137
100
AcDbEntity
  8
0
100
AcDbPolyline
 90
7
 70
0
 10
41.40280223
 20
3.290668806
 42
0.018917768
 10
41.399236841
 20
3.196467386
 10
41.399236841
 20
0.727750784
 10
38.49854688
 20
0.727750784
 10
38.49854688
 20
3.0705308
 10
41.080562898
 20
3.0705308
 42
0.004039375
 10
41.097693038
 20
3.070669078
 42
0.004039375
  0
LWPOLYLINE
  5
1D9
330
137
100
AcDbEntity
  8
0
100
AcDbPolyline
 90
7
 70
0
 10
41.464595934
 20
3.285984458
 42
0.018917768
 10
41.461207842
 20
3.196467386
 10
41.461207842
 20
0.665779784
 10
38.436575879
 20
0.665779784
 10
38.436575879
 20
3.132501801
 10
41.08056331
 20
3.132501801
 42
0.004039375
 10
41.096692203
 20
3.132631997
 42
0.004039375
  0
LWPOLYLINE
  5
1DA
330
137
100
AcDbEntity
  8
0
100
AcDbPolyline
 90
7
 70
0
 10
41.526389637
 20
3.281300112
 42
0.018917768
 10
41.523178843
 20
3.196467386
 10
41.523178843
 20
0.603808783
 10
38.374604879
 20
0.603808783
 10
38.374604879
 20
3.194472801
 10
41.080563723
 20
3.194472801
 42
0.004039375
 10
41.095691367
 20
3.194594915
 42
0.004039375
  0
LWPOLYLINE
  5
1DB
330
137
100
AcDbEntity
  8
0
100
AcDbPolyline
 90
10
 70
0
 10
41.588183341
 20
3.276615766
 42
0.018917768
 10
41.585149843
 20
3.196467386
 10
41.585149843
 20
0.597350712
 42
-0.414214
 10
41.529636707
 20
0.541837782
 10
38.368146818
 20
0.541837782
 42
-0.414214053
 10
38.312633878
 20
0.597350919
 10
38.312633878
 20
3.200930862
 42
-0.414214053
 10
38.368147015
 20
3.256443802
 10
41.080564135
 20
3.256443802
 42
0.004039375
 10
41.094690532
 20
3.256557834
 42
0.004039375
  0
LWPOLYLINE
  5
1DC
330
137
100
AcDbEntity
  8
0
100
AcDbPolyline
 90
10
 70
0
 10
41.649977045
 20
3.271931421
 42
0.018917768
 10
41.647120844
 20
3.196467386
 10
41.647120844
 20
0.597350701
 42
-0.414214
 10
41.529636707
 20
0.479866781
 10
38.368146797
 20
0.479866781
 42
-0.414214
 10
38.250662877
 20
0.597350919
 10
38.250662877
 20
3.200930883
 42
-0.414214
 10
38.368147015
 20
3.318414803
 10
41.080564547
 20
3.318414803
 42
0.004039375
 10
41.093689697
 20
3.318520752
  0
LWPOLYLINE
  5
1DD
330
137
100
AcDbEntity
  8
0
100
AcDbPolyline
 90
3
 70
1
 10
44.283276318
 20
6.828537603
 10
45.692359677
 20
4.628600145
 10
42.877526156
 20
4.628600145
  0
LWPOLYLINE
  5
1DE
330
137
100
AcDbEntity
  8
0
100
AcDbPolyline
 90
3
 70
1
 10
44.283214503
 20
6.943531673
 10
45.805645873
 20
4.566629144
 10
42.764384454
 20
4.566629144
  0
LWPOLYLINE
  5
1DF
330
137
100
AcDbEntity
  8
0
100
AcDbPolyline
 90
3
 70
1
 10
44.283152687
 20
7.058525744
 10
45.91893207
 20
4.504658144
 10
42.651242752
 20
4.504658144
  0
LWPOLYLINE
  5
1E0
330
137
100
AcDbEntity
  8
0
100
AcDbPolyline
 90
5
 70
1
 10
44.283090872
 20
7.173519815
 10
46.035000747
 20
4.438342983
 42
0.020883479
 10
45.93103534
 20
4.442687143
 10
42.64774992
 20
4.442687143
 42
0.023695037
 10
42.536412271
 20
4.440044277
  0
LWPOLYLINE
  5
1E1
330
137
100
AcDbEntity
  8
0
100
AcDbPolyline
 90
5
 70
1
 10
44.283029056
 20
7.288513886
 10
46.15979014
 20
4.358412567
 42
0.048634916
 10
45.93103534
 20
4.380716142
 10
42.647007212
 20
4.380716142
 42
0.052908509
 10
42.41274417
 20
4.361599923
  0
LWPOLYLINE
  5
1E2
330
137
100
AcDbEntity
  8
0
100
AcDbPolyline
 90
5
 70
1
 10
44.282967241
 20
7.403507957
 10
46.298390985
 20
4.256918962
 42
0.08356298
 10
45.93103534
 20
4.318745141
 10
42.646243532
 20
4.318745141
 42
0.090081752
 10
42.274810745
 20
4.260830962
  0
LWPOLYLINE
  5
1E3
330
137
100
AcDbEntity
  8
0
100
AcDbPolyline
 90
5
 70
1
 10
44.282905425
 20
7.518502028
 10
46.464170835
 20
4.11299202
 42
0.132479403
 10
45.93103534
 20
4.256774141
 10
42.645456999
 20
4.256774141
 42
0.143460603
 10
42.107528649
 20
4.114132615
  0
LWPOLYLINE
  5
1E4
330
137
100
AcDbEntity
  8
0
100
AcDbPolyline
 90
13
 70
0
 10
44.28284361
 20
7.633496099
 10
46.807016837
 20
3.692619784
 42
0.25564
 10
47.491090447
 20
3.318414803
 10
50.208345141
 20
3.318414803
 42
-0.414214
 10
50.325829061
 20
3.200930665
 10
50.325829061
 20
0.597350701
 42
-0.414214
 10
50.208344923
 20
0.479866781
 10
47.046855013
 20
0.479866781
 42
-0.414214
 10
46.929371094
 20
0.597350919
 10
46.929371094
 20
3.196467042
 42
0.414214
 10
45.93103534
 20
4.19480314
 10
42.645456942
 20
4.19480314
 42
0.392222773
 10
41.649977045
 20
3.271931421
  0
LWPOLYLINE
  5
1E5
330
137
100
AcDbEntity
  8
0
100
AcDbPolyline
 90
21
 70
1
 10
44.282781794
 20
7.74849017
 10
46.859200948
 20
3.726044678
 42
0.25564
 10
47.491090447
 20
3.380385804
 10
50.208345131
 20
3.380385804
 42
-0.414214
 10
50.387800061
 20
3.200930665
 10
50.387800061
 20
0.597350712
 42
-0.414214
 10
50.208344923
 20
0.417895781
 10
47.046855024
 20
0.417895781
 42
-0.414214
 10
46.867400093
 20
0.597350919
 10
46.867400093
 20
3.196467098
 42
0.414214
 10
45.93103534
 20
4.132832139
 10
42.645456886
 20
4.132832139
 42
0.414214
 10
41.709091845
 20
3.196467386
 10
41.709091845
 20
0.597350712
 42
-0.414214
 10
41.529636707
 20
0.417895781
 10
38.368146807
 20
0.417895781
 42
-0.414214
 10
38.188691877
 20
0.597350919
 10
38.188691877
 20
3.200930873
 42
-0.414214
 10
38.368147015
 20
3.380385804
 10
41.080564974
 20
3.380385804
 42
0.255927
 10
41.712891187
 20
3.726723884
  0
LWPOLYLINE
  5
1E6
330
137
100
AcDbEntity
  8
0
100
AcDbPolyline
 90
22
 70
1
 10
44.236045592
 20
7.790440869
 42
-0.54738
 10
44.32947249
 20
7.790491681
 10
46.911385053
 20
3.75946958
 42
0.25564
 10
47.491090447
 20
3.442356804
 10
50.208345108
 20
3.442356804
 42
-0.414214
 10
50.449771062
 20
3.200930665
 10
50.449771062
 20
0.597350734
 42
-0.414214
 10
50.208344923
 20
0.35592478
 10
47.046855047
 20
0.35592478
 42
-0.414214
 10
46.805429092
 20
0.597350919
 10
46.805429092
 20
3.196467152
 42
0.414214
 10
45.93103534
 20
4.070861138
 10
42.645456832
 20
4.070861138
 42
0.414214
 10
41.771062846
 20
3.196467386
 10
41.771062846
 20
0.597350734
 42
-0.414214
 10
41.529636707
 20
0.35592478
 10
38.36814683
 20
0.35592478
 42
-0.414214
 10
38.126720876
 20
0.597350919
 10
38.126720876
 20
3.20093085
 42
-0.414214
 10
38.368147015
 20
3.442356804
 10
41.080565417
 20
3.442356804
 42
0.255927
 10
41.660670983
 20
3.76009236
  0
LWPOLYLINE
  5
1E7
330
137
100
AcDbEntity
  8
0
100
AcDbPolyline
 90
22
 70
1
 10
44.183825233
 20
7.823809103
 42
-0.54738
 10
44.38165679
 20
7.82391628
 10
46.963569152
 20
3.792894493
 42
0.25564
 10
47.491090447
 20
3.504327805
 10
50.208345077
 20
3.504327805
 42
-0.414214
 10
50.511742063
 20
3.200930665
 10
50.511742063
 20
0.597350765
 42
-0.414214
 10
50.208344923
 20
0.293953779
 10
47.046855077
 20
0.293953779
 42
-0.414214
 10
46.743458092
 20
0.597350919
 10
46.743458092
 20
3.196467205
 42
0.414214
 10
45.93103534
 20
4.008890138
 10
42.645456779
 20
4.008890138
 42
0.414214
 10
41.833033846
 20
3.196467386
 10
41.833033846
 20
0.597350765
 42
-0.414214
 10
41.529636707
 20
0.293953779
 10
38.368146861
 20
0.293953779
 42
-0.414214
 10
38.064749875
 20
0.597350919
 10
38.064749875
 20
3.200930819
 42
-0.414214
 10
38.368147015
 20
3.504327805
 10
41.080565879
 20
3.504327805
 42
0.255927
 10
41.608450779
 20
3.793460837
  0
LWPOLYLINE
  5
1E8
330
137
100
AcDbEntity
  8
0
100
AcDbPolyline
 90
22
 70
1
 10
44.1316049
 20
7.857177378
 42
-0.54738
 10
44.433841089
 20
7.85734088
 10
47.015753243
 20
3.826319417
 42
0.25564
 10
47.491090447
 20
3.566298806
 10
50.208345041
 20
3.566298806
 42
-0.414214
 10
50.573713064
 20
3.200930665
 10
50.573713064
 20
0.597350801
 42
-0.414214
 10
50.208344923
 20
0.231982779
 10
47.046855113
 20
0.231982779
 42
-0.414214
 10
46.681487091
 20
0.597350919
 10
46.681487091
 20
3.196467257
 42
0.414214
 10
45.93103534
 20
3.946919137
 10
42.645456727
 20
3.946919137
 42
0.414214
 10
41.895004847
 20
3.196467386
 10
41.895004847
 20
0.597350801
 42
-0.414214
 10
41.529636707
 20
0.231982779
 10
38.368146897
 20
0.231982779
 42
-0.414214
 10
38.002778874
 20
0.597350919
 10
38.002778874
 20
3.200930783
 42
-0.414214
 10
38.368147015
 20
3.566298806
 10
41.080566363
 20
3.566298806
 42
0.255927
 10
41.556230574
 20
3.826829313
  0
LWPOLYLINE
  5
1E9
330
137
100
AcDbEntity
  8
0
100
AcDbPolyline
 90
22
 70
1
 10
44.079384582
 20
7.890545676
 42
-0.54738
 10
44.486025388
 20
7.890765479
 10
47.067937326
 20
3.859744355
 42
0.25564
 10
47.491090447
 20
3.628269806
 10
50.208345
 20
3.628269806
 42
-0.414214
 10
50.635684064
 20
3.200930665
 10
50.635684064
 20
0.597350842
 42
-0.414214
 10
50.208344923
 20
0.170011778
 10
47.046855154
 20
0.170011778
 42
-0.414214
 10
46.61951609
 20
0.597350919
 10
46.61951609
 20
3.196467307
 42
0.414214
 10
45.93103534
 20
3.884948136
 10
42.645456677
 20
3.884948136
 42
0.414214
 10
41.956975848
 20
3.196467386
 10
41.956975848
 20
0.597350842
 42
-0.414214
 10
41.529636707
 20
0.170011778
 10
38.368146938
 20
0.170011778
 42
-0.414214
 10
37.940807874
 20
0.597350919
 10
37.940807874
 20
3.200930742
 42
-0.414214
 10
38.368147015
 20
3.628269806
 10
41.080566873
 20
3.628269806
 42
0.255927
 10
41.50401037
 20
3.860197789
  0
LWPOLYLINE
  5
1EA
330
137
100
AcDbEntity
  8
0
100
AcDbPolyline
 90
22
 70
1
 10
44.027164274
 20
7.92391399
 42
-0.54738
 10
44.538209688
 20
7.924190078
 10
47.120121398
 20
3.893169309
 42
0.25564
 10
47.491090447
 20
3.690240807
 10
50.208344956
 20
3.690240807
 42
-0.414214
 10
50.697655065
 20
3.200930665
 10
50.697655065
 20
0.597350886
 42
-0.414214
 10
50.208344923
 20
0.108040777
 10
47.046855198
 20
0.108040777
 42
-0.414214
 10
46.557545089
 20
0.597350919
 10
46.557545089
 20
3.196467355
 42
0.414214
 10
45.93103534
 20
3.822977135
 10
42.645456629
 20
3.822977135
 42
0.414214
 10
42.018946849
 20
3.196467386
 10
42.018946849
 20
0.597350886
 42
-0.414214
 10
41.529636707
 20
0.108040777
 10
38.368146982
 20
0.108040777
 42
-0.414214
 10
37.878836873
 20
0.597350919
 10
37.878836873
 20
3.200930698
 42
-0.414214
 10
38.368147015
 20
3.690240807
 10
41.080567413
 20
3.690240807
 42
0.255927
 10
41.451790166
 20
3.893566265
  0
LWPOLYLINE
  5
1EB
330
137
100
AcDbEntity
  8
0
100
AcDbPolyline
 90
22
 70
1
 10
43.974943973
 20
7.957282314
 42
-0.54738
 10
44.590393987
 20
7.957614677
 10
47.172305457
 20
3.926594284
 42
0.25564
 10
47.491090447
 20
3.752211808
 10
50.208344909
 20
3.752211808
 42
-0.414214
 10
50.759626066
 20
3.200930665
 10
50.759626066
 20
0.597350933
 42
-0.414214
 10
50.208344923
 20
0.046069776
 10
47.046855246
 20
0.046069776
 42
-0.414214
 10
46.495574089
 20
0.597350919
 10
46.495574089
 20
3.1964674
 42
0.414214
 10
45.93103534
 20
3.761006135
 10
42.645456584
 20
3.761006135
 42
0.414214
 10
42.080917849
 20
3.196467386
 10
42.080917849
 20
0.597350933
 42
-0.414214
 10
41.529636707
 20
0.046069776
 10
38.368147029
 20
0.046069776
 42
-0.414214
 10
37.816865872
 20
0.597350919
 10
37.816865872
 20
3.200930651
 42
-0.414214
 10
38.368147015
 20
3.752211808
 10
41.080567991
 20
3.752211808
 42
0.255927
 10
41.399569962
 20
3.926934741
  0
ENDBLK
  5
1EC
330
137
100
AcDbEntity
  8
0
100
AcDbBlockEnd
  0
BLOCK
  5
22B
330
22A
100
AcDbEntity
 67
1
  8
0
100
AcDbBlockBegin
  2
*D0
 70
0
 10
0.0
 20
0.0
 30
0.0
  3
*D0
  1

  0
LINE
  5
22C
330
22A
100
AcDbEntity
  8
0
100
AcDbLine
 10
-1969.524999619
 20
-1147.5
 30
0.0
 11
-2221.684994125
 21
-1147.5
 31
0.0
  0
LINE
  5
22D
330
22A
100
AcDbEntity
  8
0
100
AcDbLine
 10
-1969.524999619
 20
-697.5
 30
0.0
 11
-2221.684994125
 21
-697.5
 31
0.0
  0
TRACE
  5
22E
330
22A
100
AcDbEntity
  8
0
100
AcDbTrace
 10
-2211.684994125
 20
-1147.5
 30
0.0
 11
-2215.018327459
 21
-1127.5
 31
0.0
 12
-2208.351660792
 22
-1127.5
 32
0.0
 13
-2208.351660792
 23
-1127.5
 33
0.0
  0
TRACE
  5
22F
330
22A
100
AcDbEntity
  8
0
100
AcDbTrace
 10
-2211.684994125
 20
-697.5
 30
0.0
 11
-2208.351660792
 21
-717.5
 31
0.0
 12
-2215.018327459
 22
-717.5
 32
0.0
 13
-2215.018327459
 23
-717.5
 33
0.0
  0
LINE
  5
230
330
22A
100
AcDbEntity
  8
0
100
AcDbLine
 10
-2211.684994125
 20
-1127.5
 30
0.0
 11
-2211.684994125
 21
-717.5
 31
0.0
  0
POINT
  5
231
330
22A
100
AcDbEntity
  8
DEFPOINTS
  6
BYBLOCK
 62
0
100
AcDbPoint
 10
-1964.524999619
 20
-1147.5
 30
0.0
  0
POINT
  5
232
330
22A
100
AcDbEntity
  8
DEFPOINTS
  6
BYBLOCK
 62
0
100
AcDbPoint
 10
-1964.524999619
 20
-697.5
 30
0.0
  0
MTEXT
  5
233
330
22A
100
AcDbEntity
  8
REGUA80
 62
4
100
AcDbMText
 10
-2221.684994125
 20
-922.5
 30
0.0
 40
20.0
 41
0.0
 71
8
  1
450
 50
90.0
  0
ENDBLK
  5
234
330
22A
100
AcDbEntity
  8
0
100
AcDbBlockEnd
  0
BLOCK
  5
237
330
236
100
AcDbEntity
 67
1
  8
0
100
AcDbBlockBegin
  2
*D1
 70
0
 10
0.0
 20
0.0
 30
0.0
  3
*D1
  1

  0
LINE
  5
238
330
236
100
AcDbEntity
  8
0
100
AcDbLine
 10
-1969.524999619
 20
-697.5
 30
0.0
 11
-2221.684994125
 21
-697.5
 31
0.0
  0
LINE
  5
239
330
236
100
AcDbEntity
  8
0
100
AcDbLine
 10
-1969.524999619
 20
-547.5
 30
0.0
 11
-2221.684994125
 21
-547.5
 31
0.0
  0
TRACE
  5
23A
330
236
100
AcDbEntity
  8
0
100
AcDbTrace
 10
-2211.684994125
 20
-697.5
 30
0.0
 11
-2215.018327459
 21
-677.5
 31
0.0
 12
-2208.351660792
 22
-677.5
 32
0.0
 13
-2208.351660792
 23
-677.5
 33
0.0
  0
TRACE
  5
23B
330
236
100
AcDbEntity
  8
0
100
AcDbTrace
 10
-2211.684994125
 20
-547.5
 30
0.0
 11
-2208.351660792
 21
-567.5
 31
0.0
 12
-2215.018327459
 22
-567.5
 32
0.0
 13
-2215.018327459
 23
-567.5
 33
0.0
  0
LINE
  5
23C
330
236
100
AcDbEntity
  8
0
100
AcDbLine
 10
-2211.684994125
 20
-677.5
 30
0.0
 11
-2211.684994125
 21
-567.5
 31
0.0
  0
POINT
  5
23D
330
236
100
AcDbEntity
  8
DEFPOINTS
  6
BYBLOCK
 62
0
100
AcDbPoint
 10
-1964.524999619
 20
-697.5
 30
0.0
  0
POINT
  5
23E
330
236
100
AcDbEntity
  8
DEFPOINTS
  6
BYBLOCK
 62
0
100
AcDbPoint
 10
-1964.524999619
 20
-547.5
 30
0.0
  0
MTEXT
  5
23F
330
236
100
AcDbEntity
  8
REGUA80
 62
4
100
AcDbMText
 10
-2221.684994125
 20
-622.5
 30
0.0
 40
20.0
 41
0.0
 71
8
  1
150
 50
90.0
  0
ENDBLK
  5
240
330
236
100
AcDbEntity
  8
0
100
AcDbBlockEnd
  0
BLOCK
  5
243
330
242
100
AcDbEntity
 67
1
  8
0
100
AcDbBlockBegin
  2
*D2
 70
0
 10
0.0
 20
0.0
 30
0.0
  3
*D2
  1

  0
LINE
  5
244
330
242
100
AcDbEntity
  8
0
100
AcDbLine
 10
-1969.524999619
 20
-1147.5
 30
0.0
 11
-2291.684994125
 21
-1147.5
 31
0.0
  0
LINE
  5
245
330
242
100
AcDbEntity
  8
0
100
AcDbLine
 10
-1969.524999619
 20
-547.5
 30
0.0
 11
-2291.684994125
 21
-547.5
 31
0.0
  0
TRACE
  5
246
330
242
100
AcDbEntity
  8
0
100
AcDbTrace
 10
-2281.684994125
 20
-1147.5
 30
0.0
 11
-2285.018327459
 21
-1127.5
 31
0.0
 12
-2278.351660792
 22
-1127.5
 32
0.0
 13
-2278.351660792
 23
-1127.5
 33
0.0
  0
TRACE
  5
247
330
242
100
AcDbEntity
  8
0
100
AcDbTrace
 10
-2281.684994125
 20
-547.5
 30
0.0
 11
-2278.351660792
 21
-567.5
 31
0.0
 12
-2285.018327459
 22
-567.5
 32
0.0
 13
-2285.018327459
 23
-567.5
 33
0.0
  0
LINE
  5
248
330
242
100
AcDbEntity
  8
0
100
AcDbLine
 10
-2281.684994125
 20
-1127.5
 30
0.0
 11
-2281.684994125
 21
-567.5
 31
0.0
  0
POINT
  5
249
330
242
100
AcDbEntity
  8
DEFPOINTS
  6
BYBLOCK
 62
0
100
AcDbPoint
 10
-1964.524999619
 20
-1147.5
 30
0.0
  0
POINT
  5
24A
330
242
100
AcDbEntity
  8
DEFPOINTS
  6
BYBLOCK
 62
0
100
AcDbPoint
 10
-1964.524999619
 20
-547.5
 30
0.0
  0
MTEXT
  5
24B
330
242
100
AcDbEntity
  8
REGUA80
 62
4
100
AcDbMText
 10
-2291.684994125
 20
-847.5
 30
0.0
 40
20.0
 41
0.0
 71
8
  1
600
 50
90.0
  0
ENDBLK
  5
24C
330
242
100
AcDbEntity
  8
0
100
AcDbBlockEnd
  0
BLOCK
  5
28A
330
289
100
AcDbEntity
 67
1
  8
0
100
AcDbBlockBegin
  2
*D3
 70
0
 10
0.0
 20
0.0
 30
0.0
  3
*D3
  1

  0
LINE
  5
28B
330
289
100
AcDbEntity
  8
0
100
AcDbLine
 10
-100.0
 20
320.0
 30
0.0
 11
-100.0
 21
350.0
 31
0.0
  0
LINE
  5
28C
330
289
100
AcDbEntity
  8
0
100
AcDbLine
 10
100.0
 20
320.0
 30
0.0
 11
100.0
 21
350.0
 31
0.0
  0
TRACE
  5
28D
330
289
100
AcDbEntity
  8
0
100
AcDbTrace
 10
-100.0
 20
340.0
 30
0.0
 11
-80.0
 21
343.333333333
 31
0.0
 12
-80.0
 22
336.666666667
 32
0.0
 13
-80.0
 23
336.666666667
 33
0.0
  0
TRACE
  5
28E
330
289
100
AcDbEntity
  8
0
100
AcDbTrace
 10
100.0
 20
340.0
 30
0.0
 11
80.0
 21
336.666666667
 31
0.0
 12
80.0
 22
343.333333333
 32
0.0
 13
80.0
 23
343.333333333
 33
0.0
  0
LINE
  5
28F
330
289
100
AcDbEntity
  8
0
100
AcDbLine
 10
-80.0
 20
340.0
 30
0.0
 11
80.0
 21
340.0
 31
0.0
  0
MTEXT
  5
290
330
289
100
AcDbEntity
  8
REGUA80
 62
4
100
AcDbMText
 10
0.0
 20
350.0
 30
0.0
 40
20.0
 41
0.0
 71
8
  1
200
  0
POINT
  5
291
330
289
100
AcDbEntity
  8
DEFPOINTS
 62
0
100
AcDbPoint
 10
-100.0
 20
315.0
 30
0.0
  0
POINT
  5
292
330
289
100
AcDbEntity
  8
DEFPOINTS
 62
0
100
AcDbPoint
 10
100.0
 20
315.0
 30
0.0
  0
POINT
  5
293
330
289
100
AcDbEntity
  8
DEFPOINTS
 62
0
100
AcDbPoint
 10
0.0
 20
350.0
 30
0.0
  0
ENDBLK
  5
294
330
289
100
AcDbEntity
  8
0
100
AcDbBlockEnd
  0
BLOCK
  5
29C
330
29B
100
AcDbEntity
 67
1
  8
0
100
AcDbBlockBegin
  2
*D4
 70
0
 10
0.0
 20
0.0
 30
0.0
  3
*D4
  1

  0
LINE
  5
29D
330
29B
100
AcDbEntity
  8
0
100
AcDbLine
 10
-185.0
 20
-37.940000057
 30
0.0
 11
-300.0
 21
-37.940000057
 31
0.0
  0
LINE
  5
29E
330
29B
100
AcDbEntity
  8
0
100
AcDbLine
 10
-185.0
 20
-7.940000057
 30
0.0
 11
-300.0
 21
-7.940000057
 31
0.0
  0
TRACE
  5
29F
330
29B
100
AcDbEntity
  8
0
100
AcDbTrace
 10
-290.0
 20
-37.940000057
 30
0.0
 11
-293.333333333
 21
-17.940000057
 31
0.0
 12
-286.666666667
 22
-17.940000057
 32
0.0
 13
-286.666666667
 23
-17.940000057
 33
0.0
  0
TRACE
  5
2A0
330
29B
100
AcDbEntity
  8
0
100
AcDbTrace
 10
-290.0
 20
-7.940000057
 30
0.0
 11
-286.666666667
 21
-27.940000057
 31
0.0
 12
-293.333333333
 22
-27.940000057
 32
0.0
 13
-293.333333333
 23
-27.940000057
 33
0.0
  0
LINE
  5
2A1
330
29B
100
AcDbEntity
  8
0
100
AcDbLine
 10
-290.0
 20
-17.940000057
 30
0.0
 11
-290.0
 21
-27.940000057
 31
0.0
  0
POINT
  5
2A2
330
29B
100
AcDbEntity
  8
DEFPOINTS
  6
BYBLOCK
 62
0
100
AcDbPoint
 10
-180.0
 20
-37.940000057
 30
0.0
  0
POINT
  5
2A3
330
29B
100
AcDbEntity
  8
DEFPOINTS
  6
BYBLOCK
 62
0
100
AcDbPoint
 10
-180.0
 20
-7.940000057
 30
0.0
  0
MTEXT
  5
2A4
330
29B
100
AcDbEntity
  8
REGUA80
 62
4
100
AcDbMText
 10
-300.0
 20
-22.940000057
 30
0.0
 40
20.0
 41
0.0
 71
8
  1
30
 50
90.0
  0
ENDBLK
  5
2A5
330
29B
100
AcDbEntity
  8
0
100
AcDbBlockEnd
  0
BLOCK
  5
2A8
330
2A7
100
AcDbEntity
 67
1
  8
0
100
AcDbBlockBegin
  2
*D5
 70
0
 10
0.0
 20
0.0
 30
0.0
  3
*D5
  1

  0
LINE
  5
2A9
330
2A7
100
AcDbEntity
  8
0
100
AcDbLine
 10
-185.0
 20
-7.940000057
 30
0.0
 11
-300.0
 21
-7.940000057
 31
0.0
  0
LINE
  5
2AA
330
2A7
100
AcDbEntity
  8
0
100
AcDbLine
 10
-185.0
 20
7.940000057
 30
0.0
 11
-300.0
 21
7.940000057
 31
0.0
  0
TRACE
  5
2AB
330
2A7
100
AcDbEntity
  8
0
100
AcDbTrace
 10
-290.0
 20
-7.940000057
 30
0.0
 11
-293.333333333
 21
12.059999943
 31
0.0
 12
-286.666666667
 22
12.059999943
 32
0.0
 13
-286.666666667
 23
12.059999943
 33
0.0
  0
TRACE
  5
2AC
330
2A7
100
AcDbEntity
  8
0
100
AcDbTrace
 10
-290.0
 20
7.940000057
 30
0.0
 11
-286.666666667
 21
-12.059999943
 31
0.0
 12
-293.333333333
 22
-12.059999943
 32
0.0
 13
-293.333333333
 23
-12.059999943
 33
0.0
  0
LINE
  5
2AD
330
2A7
100
AcDbEntity
  8
0
100
AcDbLine
 10
-290.0
 20
12.059999943
 30
0.0
 11
-290.0
 21
-12.059999943
 31
0.0
  0
POINT
  5
2AE
330
2A7
100
AcDbEntity
  8
DEFPOINTS
  6
BYBLOCK
 62
0
100
AcDbPoint
 10
-180.0
 20
-7.940000057
 30
0.0
  0
POINT
  5
2AF
330
2A7
100
AcDbEntity
  8
DEFPOINTS
  6
BYBLOCK
 62
0
100
AcDbPoint
 10
-180.0
 20
7.940000057
 30
0.0
  0
MTEXT
  5
2B0
330
2A7
100
AcDbEntity
  8
REGUA80
 62
4
100
AcDbMText
 10
-300.0
 20
0.0
 30
0.0
 40
20.0
 41
0.0
 71
8
  1
16
 50
90.0
  0
ENDBLK
  5
2B1
330
2A7
100
AcDbEntity
  8
0
100
AcDbBlockEnd
  0
BLOCK
  5
2B4
330
2B3
100
AcDbEntity
 67
1
  8
0
100
AcDbBlockBegin
  2
*D6
 70
0
 10
0.0
 20
0.0
 30
0.0
  3
*D6
  1

  0
LINE
  5
2B5
330
2B3
100
AcDbEntity
  8
0
100
AcDbLine
 10
-185.0
 20
7.940000057
 30
0.0
 11
-300.0
 21
7.940000057
 31
0.0
  0
LINE
  5
2B6
330
2B3
100
AcDbEntity
  8
0
100
AcDbLine
 10
-120.0
 20
107.940000057
 30
0.0
 11
-300.0
 21
107.940000057
 31
0.0
  0
TRACE
  5
2B7
330
2B3
100
AcDbEntity
  8
0
100
AcDbTrace
 10
-290.0
 20
7.940000057
 30
0.0
 11
-293.333333333
 21
27.940000057
 31
0.0
 12
-286.666666667
 22
27.940000057
 32
0.0
 13
-286.666666667
 23
27.940000057
 33
0.0
  0
TRACE
  5
2B8
330
2B3
100
AcDbEntity
  8
0
100
AcDbTrace
 10
-290.0
 20
107.940000057
 30
0.0
 11
-286.666666667
 21
87.940000057
 31
0.0
 12
-293.333333333
 22
87.940000057
 32
0.0
 13
-293.333333333
 23
87.940000057
 33
0.0
  0
LINE
  5
2B9
330
2B3
100
AcDbEntity
  8
0
100
AcDbLine
 10
-290.0
 20
27.940000057
 30
0.0
 11
-290.0
 21
87.940000057
 31
0.0
  0
POINT
  5
2BA
330
2B3
100
AcDbEntity
  8
DEFPOINTS
  6
BYBLOCK
 62
0
100
AcDbPoint
 10
-180.0
 20
7.940000057
 30
0.0
  0
POINT
  5
2BB
330
2B3
100
AcDbEntity
  8
DEFPOINTS
  6
BYBLOCK
 62
0
100
AcDbPoint
 10
-115.0
 20
107.940000057
 30
0.0
  0
MTEXT
  5
2BC
330
2B3
100
AcDbEntity
  8
REGUA80
 62
4
100
AcDbMText
 10
-300.0
 20
57.940000057
 30
0.0
 40
20.0
 41
0.0
 71
8
  1
100
 50
90.0
  0
ENDBLK
  5
2BD
330
2B3
100
AcDbEntity
  8
0
100
AcDbBlockEnd
  0
BLOCK
  5
2EF
330
2EE
100
AcDbEntity
 67
1
  8
0
100
AcDbBlockBegin
  2
*D7
 70
0
 10
0.0
 20
0.0
 30
0.0
  3
*D7
  1

  0
LINE
  5
2F0
330
2EE
100
AcDbEntity
  8
0
100
AcDbLine
 10
1880.0
 20
320.0
 30
0.0
 11
1880.0
 21
350.0
 31
0.0
  0
LINE
  5
2F1
330
2EE
100
AcDbEntity
  8
0
100
AcDbLine
 10
2030.0
 20
320.0
 30
0.0
 11
2030.0
 21
350.0
 31
0.0
  0
TRACE
  5
2F2
330
2EE
100
AcDbEntity
  8
0
100
AcDbTrace
 10
1880.0
 20
340.0
 30
0.0
 11
1900.0
 21
343.333333333
 31
0.0
 12
1900.0
 22
336.666666667
 32
0.0
 13
1900.0
 23
336.666666667
 33
0.0
  0
TRACE
  5
2F3
330
2EE
100
AcDbEntity
  8
0
100
AcDbTrace
 10
2030.0
 20
340.0
 30
0.0
 11
2010.0
 21
336.666666667
 31
0.0
 12
2010.0
 22
343.333333333
 32
0.0
 13
2010.0
 23
343.333333333
 33
0.0
  0
LINE
  5
2F4
330
2EE
100
AcDbEntity
  8
0
100
AcDbLine
 10
1900.0
 20
340.0
 30
0.0
 11
2010.0
 21
340.0
 31
0.0
  0
MTEXT
  5
2F5
330
2EE
100
AcDbEntity
  8
REGUA80
 62
4
100
AcDbMText
 10
1955.0
 20
350.0
 30
0.0
 40
20.0
 41
0.0
 71
8
  1
150
  0
POINT
  5
2F6
330
2EE
100
AcDbEntity
  8
DEFPOINTS
 62
0
100
AcDbPoint
 10
1880.0
 20
315.0
 30
0.0
  0
POINT
  5
2F7
330
2EE
100
AcDbEntity
  8
DEFPOINTS
 62
0
100
AcDbPoint
 10
2030.0
 20
315.0
 30
0.0
  0
POINT
  5
2F8
330
2EE
100
AcDbEntity
  8
DEFPOINTS
 62
0
100
AcDbPoint
 10
1955.0
 20
350.0
 30
0.0
  0
ENDBLK
  5
2F9
330
2EE
100
AcDbEntity
  8
0
100
AcDbBlockEnd
  0
BLOCK
  5
2FF
330
2FE
100
AcDbEntity
 67
1
  8
0
100
AcDbBlockBegin
  2
*D8
 70
0
 10
0.0
 20
0.0
 30
0.0
  3
*D8
  1

  0
LINE
  5
300
330
2FE
100
AcDbEntity
  8
0
100
AcDbLine
 10
1770.0
 20
-37.940000057
 30
0.0
 11
1655.0
 21
-37.940000057
 31
0.0
  0
LINE
  5
301
330
2FE
100
AcDbEntity
  8
0
100
AcDbLine
 10
1770.0
 20
-7.940000057
 30
0.0
 11
1655.0
 21
-7.940000057
 31
0.0
  0
TRACE
  5
302
330
2FE
100
AcDbEntity
  8
0
100
AcDbTrace
 10
1665.0
 20
-37.940000057
 30
0.0
 11
1661.666666667
 21
-17.940000057
 31
0.0
 12
1668.333333333
 22
-17.940000057
 32
0.0
 13
1668.333333333
 23
-17.940000057
 33
0.0
  0
TRACE
  5
303
330
2FE
100
AcDbEntity
  8
0
100
AcDbTrace
 10
1665.0
 20
-7.940000057
 30
0.0
 11
1668.333333333
 21
-27.940000057
 31
0.0
 12
1661.666666667
 22
-27.940000057
 32
0.0
 13
1661.666666667
 23
-27.940000057
 33
0.0
  0
LINE
  5
304
330
2FE
100
AcDbEntity
  8
0
100
AcDbLine
 10
1665.0
 20
-17.940000057
 30
0.0
 11
1665.0
 21
-27.940000057
 31
0.0
  0
POINT
  5
305
330
2FE
100
AcDbEntity
  8
DEFPOINTS
  6
BYBLOCK
 62
0
100
AcDbPoint
 10
1775.0
 20
-37.940000057
 30
0.0
  0
POINT
  5
306
330
2FE
100
AcDbEntity
  8
DEFPOINTS
  6
BYBLOCK
 62
0
100
AcDbPoint
 10
1775.0
 20
-7.940000057
 30
0.0
  0
MTEXT
  5
307
330
2FE
100
AcDbEntity
  8
REGUA80
 62
4
100
AcDbMText
 10
1655.0
 20
-22.940000057
 30
0.0
 40
20.0
 41
0.0
 71
8
  1
30
 50
90.0
  0
ENDBLK
  5
308
330
2FE
100
AcDbEntity
  8
0
100
AcDbBlockEnd
  0
BLOCK
  5
30B
330
30A
100
AcDbEntity
 67
1
  8
0
100
AcDbBlockBegin
  2
*D9
 70
0
 10
0.0
 20
0.0
 30
0.0
  3
*D9
  1

  0
LINE
  5
30C
330
30A
100
AcDbEntity
  8
0
100
AcDbLine
 10
1770.0
 20
-7.940000057
 30
0.0
 11
1655.0
 21
-7.940000057
 31
0.0
  0
LINE
  5
30D
330
30A
100
AcDbEntity
  8
0
100
AcDbLine
 10
1770.0
 20
7.940000057
 30
0.0
 11
1655.0
 21
7.940000057
 31
0.0
  0
TRACE
  5
30E
330
30A
100
AcDbEntity
  8
0
100
AcDbTrace
 10
1665.0
 20
-7.940000057
 30
0.0
 11
1661.666666667
 21
12.059999943
 31
0.0
 12
1668.333333333
 22
12.059999943
 32
0.0
 13
1668.333333333
 23
12.059999943
 33
0.0
  0
TRACE
  5
30F
330
30A
100
AcDbEntity
  8
0
100
AcDbTrace
 10
1665.0
 20
7.940000057
 30
0.0
 11
1668.333333333
 21
-12.059999943
 31
0.0
 12
1661.666666667
 22
-12.059999943
 32
0.0
 13
1661.666666667
 23
-12.059999943
 33
0.0
  0
LINE
  5
310
330
30A
100
AcDbEntity
  8
0
100
AcDbLine
 10
1665.0
 20
12.059999943
 30
0.0
 11
1665.0
 21
-12.059999943
 31
0.0
  0
POINT
  5
311
330
30A
100
AcDbEntity
  8
DEFPOINTS
  6
BYBLOCK
 62
0
100
AcDbPoint
 10
1775.0
 20
-7.940000057
 30
0.0
  0
POINT
  5
312
330
30A
100
AcDbEntity
  8
DEFPOINTS
  6
BYBLOCK
 62
0
100
AcDbPoint
 10
1775.0
 20
7.940000057
 30
0.0
  0
MTEXT
  5
313
330
30A
100
AcDbEntity
  8
REGUA80
 62
4
100
AcDbMText
 10
1655.0
 20
0.0
 30
0.0
 40
20.0
 41
0.0
 71
8
  1
16
 50
90.0
  0
ENDBLK
  5
314
330
30A
100
AcDbEntity
  8
0
100
AcDbBlockEnd
  0
BLOCK
  5
317
330
316
100
AcDbEntity
 67
1
  8
0
100
AcDbBlockBegin
  2
*D10
 70
0
 10
0.0
 20
0.0
 30
0.0
  3
*D10
  1

  0
LINE
  5
318
330
316
100
AcDbEntity
  8
0
100
AcDbLine
 10
1770.0
 20
7.940000057
 30
0.0
 11
1655.0
 21
7.940000057
 31
0.0
  0
LINE
  5
319
330
316
100
AcDbEntity
  8
0
100
AcDbLine
 10
1853.650000095
 20
107.940000057
 30
0.0
 11
1655.0
 21
107.940000057
 31
0.0
  0
TRACE
  5
31A
330
316
100
AcDbEntity
  8
0
100
AcDbTrace
 10
1665.0
 20
7.940000057
 30
0.0
 11
1661.666666667
 21
27.940000057
 31
0.0
 12
1668.333333333
 22
27.940000057
 32
0.0
 13
1668.333333333
 23
27.940000057
 33
0.0
  0
TRACE
  5
31B
330
316
100
AcDbEntity
  8
0
100
AcDbTrace
 10
1665.0
 20
107.940000057
 30
0.0
 11
1668.333333333
 21
87.940000057
 31
0.0
 12
1661.666666667
 22
87.940000057
 32
0.0
 13
1661.666666667
 23
87.940000057
 33
0.0
  0
LINE
  5
31C
330
316
100
AcDbEntity
  8
0
100
AcDbLine
 10
1665.0
 20
27.940000057
 30
0.0
 11
1665.0
 21
87.940000057
 31
0.0
  0
POINT
  5
31D
330
316
100
AcDbEntity
  8
DEFPOINTS
  6
BYBLOCK
 62
0
100
AcDbPoint
 10
1775.0
 20
7.940000057
 30
0.0
  0
POINT
  5
31E
330
316
100
AcDbEntity
  8
DEFPOINTS
  6
BYBLOCK
 62
0
100
AcDbPoint
 10
1858.650000095
 20
107.940000057
 30
0.0
  0
MTEXT
  5
31F
330
316
100
AcDbEntity
  8
REGUA80
 62
4
100
AcDbMText
 10
1655.0
 20
57.940000057
 30
0.0
 40
20.0
 41
0.0
 71
8
  1
100
 50
90.0
  0
ENDBLK
  5
320
330
316
100
AcDbEntity
  8
0
100
AcDbBlockEnd
  0
BLOCK
  5
32D
330
32C
100
AcDbEntity
 67
1
  8
0
100
AcDbBlockBegin
  2
*D11
 70
0
 10
0.0
 20
0.0
 30
0.0
  3
*D11
  1

  0
LINE
  5
32E
330
32C
100
AcDbEntity
  8
0
100
AcDbLine
 10
1955.0
 20
-12.940000057
 30
0.0
 11
1955.0
 21
-127.940000057
 31
0.0
  0
LINE
  5
32F
330
32C
100
AcDbEntity
  8
0
100
AcDbLine
 10
1775.0
 20
-12.940000057
 30
0.0
 11
1775.0
 21
-127.940000057
 31
0.0
  0
TRACE
  5
330
330
32C
100
AcDbEntity
  8
0
100
AcDbTrace
 10
1955.0
 20
-117.940000057
 30
0.0
 11
1935.0
 21
-121.273333391
 31
0.0
 12
1935.0
 22
-114.606666724
 32
0.0
 13
1935.0
 23
-114.606666724
 33
0.0
  0
TRACE
  5
331
330
32C
100
AcDbEntity
  8
0
100
AcDbTrace
 10
1775.0
 20
-117.940000057
 30
0.0
 11
1795.0
 21
-114.606666724
 31
0.0
 12
1795.0
 22
-121.273333391
 32
0.0
 13
1795.0
 23
-121.273333391
 33
0.0
  0
LINE
  5
332
330
32C
100
AcDbEntity
  8
0
100
AcDbLine
 10
1935.0
 20
-117.940000057
 30
0.0
 11
1795.0
 21
-117.940000057
 31
0.0
  0
MTEXT
  5
333
330
32C
100
AcDbEntity
  8
REGUA80
 62
4
100
AcDbMText
 10
1865.0
 20
-107.940000057
 30
0.0
 40
20.0
 41
0.0
 71
8
  1
180
  0
POINT
  5
334
330
32C
100
AcDbEntity
  8
DEFPOINTS
 62
0
100
AcDbPoint
 10
1955.0
 20
-7.940000057
 30
0.0
  0
POINT
  5
335
330
32C
100
AcDbEntity
  8
DEFPOINTS
 62
0
100
AcDbPoint
 10
1775.0
 20
-7.940000057
 30
0.0
  0
POINT
  5
336
330
32C
100
AcDbEntity
  8
DEFPOINTS
 62
0
100
AcDbPoint
 10
1865.0
 20
-107.940000057
 30
0.0
  0
ENDBLK
  5
337
330
32C
100
AcDbEntity
  8
0
100
AcDbBlockEnd
  0
BLOCK
  5
33A
330
339
100
AcDbEntity
 67
1
  8
0
100
AcDbBlockBegin
  2
*D12
 70
0
 10
0.0
 20
0.0
 30
0.0
  3
*D12
  1

  0
LINE
  5
33B
330
339
100
AcDbEntity
  8
0
100
AcDbLine
 10
2135.0
 20
-12.940000057
 30
0.0
 11
2135.0
 21
-127.940000057
 31
0.0
  0
LINE
  5
33C
330
339
100
AcDbEntity
  8
0
100
AcDbLine
 10
1955.0
 20
-12.940000057
 30
0.0
 11
1955.0
 21
-127.940000057
 31
0.0
  0
TRACE
  5
33D
330
339
100
AcDbEntity
  8
0
100
AcDbTrace
 10
2135.0
 20
-117.940000057
 30
0.0
 11
2115.0
 21
-121.273333391
 31
0.0
 12
2115.0
 22
-114.606666724
 32
0.0
 13
2115.0
 23
-114.606666724
 33
0.0
  0
TRACE
  5
33E
330
339
100
AcDbEntity
  8
0
100
AcDbTrace
 10
1955.0
 20
-117.940000057
 30
0.0
 11
1975.0
 21
-114.606666724
 31
0.0
 12
1975.0
 22
-121.273333391
 32
0.0
 13
1975.0
 23
-121.273333391
 33
0.0
  0
LINE
  5
33F
330
339
100
AcDbEntity
  8
0
100
AcDbLine
 10
2115.0
 20
-117.940000057
 30
0.0
 11
1975.0
 21
-117.940000057
 31
0.0
  0
MTEXT
  5
340
330
339
100
AcDbEntity
  8
REGUA80
 62
4
100
AcDbMText
 10
2045.0
 20
-107.940000057
 30
0.0
 40
20.0
 41
0.0
 71
8
  1
180
  0
POINT
  5
341
330
339
100
AcDbEntity
  8
DEFPOINTS
 62
0
100
AcDbPoint
 10
2135.0
 20
-7.940000057
 30
0.0
  0
POINT
  5
342
330
339
100
AcDbEntity
  8
DEFPOINTS
 62
0
100
AcDbPoint
 10
1955.0
 20
-7.940000057
 30
0.0
  0
POINT
  5
343
330
339
100
AcDbEntity
  8
DEFPOINTS
 62
0
100
AcDbPoint
 10
2045.0
 20
-107.940000057
 30
0.0
  0
ENDBLK
  5
344
330
339
100
AcDbEntity
  8
0
100
AcDbBlockEnd
  0
BLOCK
  5
35A
330
359
100
AcDbEntity
 67
1
  8
0
100
AcDbBlockBegin
  2
*D13
 70
0
 10
0.0
 20
0.0
 30
0.0
  3
*D13
  1

  0
LINE
  5
35B
330
359
100
AcDbEntity
  8
0
100
AcDbLine
 10
-185.0
 20
-1535.0
 30
0.0
 11
-300.0
 21
-1535.0
 31
0.0
  0
LINE
  5
35C
330
359
100
AcDbEntity
  8
0
100
AcDbLine
 10
-185.0
 20
-1255.0
 30
0.0
 11
-300.0
 21
-1255.0
 31
0.0
  0
TRACE
  5
35D
330
359
100
AcDbEntity
  8
0
100
AcDbTrace
 10
-290.0
 20
-1535.0
 30
0.0
 11
-293.333333333
 21
-1515.0
 31
0.0
 12
-286.666666667
 22
-1515.0
 32
0.0
 13
-286.666666667
 23
-1515.0
 33
0.0
  0
TRACE
  5
35E
330
359
100
AcDbEntity
  8
0
100
AcDbTrace
 10
-290.0
 20
-1255.0
 30
0.0
 11
-286.666666667
 21
-1275.0
 31
0.0
 12
-293.333333333
 22
-1275.0
 32
0.0
 13
-293.333333333
 23
-1275.0
 33
0.0
  0
LINE
  5
35F
330
359
100
AcDbEntity
  8
0
100
AcDbLine
 10
-290.0
 20
-1515.0
 30
0.0
 11
-290.0
 21
-1275.0
 31
0.0
  0
POINT
  5
360
330
359
100
AcDbEntity
  8
DEFPOINTS
  6
BYBLOCK
 62
0
100
AcDbPoint
 10
-180.0
 20
-1535.0
 30
0.0
  0
POINT
  5
361
330
359
100
AcDbEntity
  8
DEFPOINTS
  6
BYBLOCK
 62
0
100
AcDbPoint
 10
-180.0
 20
-1255.0
 30
0.0
  0
MTEXT
  5
362
330
359
100
AcDbEntity
  8
REGUA80
 62
4
100
AcDbMText
 10
-300.0
 20
-1395.0
 30
0.0
 40
20.0
 41
0.0
 71
8
  1
280
 50
90.0
  0
ENDBLK
  5
363
330
359
100
AcDbEntity
  8
0
100
AcDbBlockEnd
  0
BLOCK
  5
366
330
365
100
AcDbEntity
 67
1
  8
0
100
AcDbBlockBegin
  2
*D14
 70
0
 10
0.0
 20
0.0
 30
0.0
  3
*D14
  1

  0
LINE
  5
367
330
365
100
AcDbEntity
  8
0
100
AcDbLine
 10
-140.0
 20
-1210.0
 30
0.0
 11
-140.0
 21
-1095.0
 31
0.0
  0
LINE
  5
368
330
365
100
AcDbEntity
  8
0
100
AcDbLine
 10
140.0
 20
-1210.0
 30
0.0
 11
140.0
 21
-1095.0
 31
0.0
  0
TRACE
  5
369
330
365
100
AcDbEntity
  8
0
100
AcDbTrace
 10
-140.0
 20
-1105.0
 30
0.0
 11
-120.0
 21
-1101.666666667
 31
0.0
 12
-120.0
 22
-1108.333333333
 32
0.0
 13
-120.0
 23
-1108.333333333
 33
0.0
  0
TRACE
  5
36A
330
365
100
AcDbEntity
  8
0
100
AcDbTrace
 10
140.0
 20
-1105.0
 30
0.0
 11
120.0
 21
-1108.333333333
 31
0.0
 12
120.0
 22
-1101.666666667
 32
0.0
 13
120.0
 23
-1101.666666667
 33
0.0
  0
LINE
  5
36B
330
365
100
AcDbEntity
  8
0
100
AcDbLine
 10
-120.0
 20
-1105.0
 30
0.0
 11
120.0
 21
-1105.0
 31
0.0
  0
MTEXT
  5
36C
330
365
100
AcDbEntity
  8
REGUA80
 62
4
100
AcDbMText
 10
0.0
 20
-1095.0
 30
0.0
 40
20.0
 41
0.0
 71
8
  1
280
  0
POINT
  5
36D
330
365
100
AcDbEntity
  8
DEFPOINTS
 62
0
100
AcDbPoint
 10
-140.0
 20
-1215.0
 30
0.0
  0
POINT
  5
36E
330
365
100
AcDbEntity
  8
DEFPOINTS
 62
0
100
AcDbPoint
 10
140.0
 20
-1215.0
 30
0.0
  0
POINT
  5
36F
330
365
100
AcDbEntity
  8
DEFPOINTS
 62
0
100
AcDbPoint
 10
0.0
 20
-1095.0
 30
0.0
  0
ENDBLK
  5
370
330
365
100
AcDbEntity
  8
0
100
AcDbBlockEnd
  0
BLOCK
  5
378
330
377
100
AcDbEntity
 67
1
  8
0
100
AcDbBlockBegin
  2
*D15
 70
0
 10
0.0
 20
0.0
 30
0.0
  3
*D15
  1

  0
LINE
  5
379
330
377
100
AcDbEntity
  8
0
100
AcDbLine
 10
1770.0
 20
-1575.0
 30
0.0
 11
1655.0
 21
-1575.0
 31
0.0
  0
LINE
  5
37A
330
377
100
AcDbEntity
  8
0
100
AcDbLine
 10
1770.0
 20
-1535.0
 30
0.0
 11
1655.0
 21
-1535.0
 31
0.0
  0
TRACE
  5
37B
330
377
100
AcDbEntity
  8
0
100
AcDbTrace
 10
1665.0
 20
-1575.0
 30
0.0
 11
1661.666666667
 21
-1555.0
 31
0.0
 12
1668.333333333
 22
-1555.0
 32
0.0
 13
1668.333333333
 23
-1555.0
 33
0.0
  0
TRACE
  5
37C
330
377
100
AcDbEntity
  8
0
100
AcDbTrace
 10
1665.0
 20
-1535.0
 30
0.0
 11
1668.333333333
 21
-1555.0
 31
0.0
 12
1661.666666667
 22
-1555.0
 32
0.0
 13
1661.666666667
 23
-1555.0
 33
0.0
  0
LINE
  5
37D
330
377
100
AcDbEntity
  8
0
100
AcDbLine
 10
1665.0
 20
-1555.0
 30
0.0
 11
1665.0
 21
-1555.0
 31
0.0
  0
POINT
  5
37E
330
377
100
AcDbEntity
  8
DEFPOINTS
  6
BYBLOCK
 62
0
100
AcDbPoint
 10
1775.0
 20
-1575.0
 30
0.0
  0
POINT
  5
37F
330
377
100
AcDbEntity
  8
DEFPOINTS
  6
BYBLOCK
 62
0
100
AcDbPoint
 10
1775.0
 20
-1535.0
 30
0.0
  0
MTEXT
  5
380
330
377
100
AcDbEntity
  8
REGUA80
 62
4
100
AcDbMText
 10
1655.0
 20
-1555.0
 30
0.0
 40
20.0
 41
0.0
 71
8
  1
40
 50
90.0
  0
ENDBLK
  5
381
330
377
100
AcDbEntity
  8
0
100
AcDbBlockEnd
  0
BLOCK
  5
384
330
383
100
AcDbEntity
 67
1
  8
0
100
AcDbBlockBegin
  2
*D16
 70
0
 10
0.0
 20
0.0
 30
0.0
  3
*D16
  1

  0
LINE
  5
385
330
383
100
AcDbEntity
  8
0
100
AcDbLine
 10
1770.0
 20
-1535.0
 30
0.0
 11
1655.0
 21
-1535.0
 31
0.0
  0
LINE
  5
386
330
383
100
AcDbEntity
  8
0
100
AcDbLine
 10
1770.0
 20
-1255.0
 30
0.0
 11
1655.0
 21
-1255.0
 31
0.0
  0
TRACE
  5
387
330
383
100
AcDbEntity
  8
0
100
AcDbTrace
 10
1665.0
 20
-1535.0
 30
0.0
 11
1661.666666667
 21
-1515.0
 31
0.0
 12
1668.333333333
 22
-1515.0
 32
0.0
 13
1668.333333333
 23
-1515.0
 33
0.0
  0
TRACE
  5
388
330
383
100
AcDbEntity
  8
0
100
AcDbTrace
 10
1665.0
 20
-1255.0
 30
0.0
 11
1668.333333333
 21
-1275.0
 31
0.0
 12
1661.666666667
 22
-1275.0
 32
0.0
 13
1661.666666667
 23
-1275.0
 33
0.0
  0
LINE
  5
389
330
383
100
AcDbEntity
  8
0
100
AcDbLine
 10
1665.0
 20
-1515.0
 30
0.0
 11
1665.0
 21
-1275.0
 31
0.0
  0
POINT
  5
38A
330
383
100
AcDbEntity
  8
DEFPOINTS
  6
BYBLOCK
 62
0
100
AcDbPoint
 10
1775.0
 20
-1535.0
 30
0.0
  0
POINT
  5
38B
330
383
100
AcDbEntity
  8
DEFPOINTS
  6
BYBLOCK
 62
0
100
AcDbPoint
 10
1775.0
 20
-1255.0
 30
0.0
  0
MTEXT
  5
38C
330
383
100
AcDbEntity
  8
REGUA80
 62
4
100
AcDbMText
 10
1655.0
 20
-1395.0
 30
0.0
 40
20.0
 41
0.0
 71
8
  1
280
 50
90.0
  0
ENDBLK
  5
38D
330
383
100
AcDbEntity
  8
0
100
AcDbBlockEnd
  0
BLOCK
  5
390
330
38F
100
AcDbEntity
 67
1
  8
0
100
AcDbBlockBegin
  2
*D17
 70
0
 10
0.0
 20
0.0
 30
0.0
  3
*D17
  1

  0
LINE
  5
391
330
38F
100
AcDbEntity
  8
0
100
AcDbLine
 10
1770.0
 20
-1255.0
 30
0.0
 11
1655.0
 21
-1255.0
 31
0.0
  0
LINE
  5
392
330
38F
100
AcDbEntity
  8
0
100
AcDbLine
 10
1770.0
 20
-1215.0
 30
0.0
 11
1655.0
 21
-1215.0
 31
0.0
  0
TRACE
  5
393
330
38F
100
AcDbEntity
  8
0
100
AcDbTrace
 10
1665.0
 20
-1255.0
 30
0.0
 11
1661.666666667
 21
-1235.0
 31
0.0
 12
1668.333333333
 22
-1235.0
 32
0.0
 13
1668.333333333
 23
-1235.0
 33
0.0
  0
TRACE
  5
394
330
38F
100
AcDbEntity
  8
0
100
AcDbTrace
 10
1665.0
 20
-1215.0
 30
0.0
 11
1668.333333333
 21
-1235.0
 31
0.0
 12
1661.666666667
 22
-1235.0
 32
0.0
 13
1661.666666667
 23
-1235.0
 33
0.0
  0
LINE
  5
395
330
38F
100
AcDbEntity
  8
0
100
AcDbLine
 10
1665.0
 20
-1235.0
 30
0.0
 11
1665.0
 21
-1235.0
 31
0.0
  0
POINT
  5
396
330
38F
100
AcDbEntity
  8
DEFPOINTS
  6
BYBLOCK
 62
0
100
AcDbPoint
 10
1775.0
 20
-1255.0
 30
0.0
  0
POINT
  5
397
330
38F
100
AcDbEntity
  8
DEFPOINTS
  6
BYBLOCK
 62
0
100
AcDbPoint
 10
1775.0
 20
-1215.0
 30
0.0
  0
MTEXT
  5
398
330
38F
100
AcDbEntity
  8
REGUA80
 62
4
100
AcDbMText
 10
1655.0
 20
-1235.0
 30
0.0
 40
20.0
 41
0.0
 71
8
  1
40
 50
90.0
  0
ENDBLK
  5
399
330
38F
100
AcDbEntity
  8
0
100
AcDbBlockEnd
  0
BLOCK
  5
39C
330
39B
100
AcDbEntity
 67
1
  8
0
100
AcDbBlockBegin
  2
*D18
 70
0
 10
0.0
 20
0.0
 30
0.0
  3
*D18
  1

  0
LINE
  5
39D
330
39B
100
AcDbEntity
  8
0
100
AcDbLine
 10
1775.0
 20
-1210.0
 30
0.0
 11
1775.0
 21
-1095.0
 31
0.0
  0
LINE
  5
39E
330
39B
100
AcDbEntity
  8
0
100
AcDbLine
 10
1815.0
 20
-1210.0
 30
0.0
 11
1815.0
 21
-1095.0
 31
0.0
  0
TRACE
  5
39F
330
39B
100
AcDbEntity
  8
0
100
AcDbTrace
 10
1775.0
 20
-1105.0
 30
0.0
 11
1795.0
 21
-1101.666666667
 31
0.0
 12
1795.0
 22
-1108.333333333
 32
0.0
 13
1795.0
 23
-1108.333333333
 33
0.0
  0
TRACE
  5
3A0
330
39B
100
AcDbEntity
  8
0
100
AcDbTrace
 10
1815.0
 20
-1105.0
 30
0.0
 11
1795.0
 21
-1108.333333333
 31
0.0
 12
1795.0
 22
-1101.666666667
 32
0.0
 13
1795.0
 23
-1101.666666667
 33
0.0
  0
LINE
  5
3A1
330
39B
100
AcDbEntity
  8
0
100
AcDbLine
 10
1795.0
 20
-1105.0
 30
0.0
 11
1795.0
 21
-1105.0
 31
0.0
  0
MTEXT
  5
3A2
330
39B
100
AcDbEntity
  8
REGUA80
 62
4
100
AcDbMText
 10
1795.0
 20
-1095.0
 30
0.0
 40
20.0
 41
0.0
 71
8
  1
40
  0
POINT
  5
3A3
330
39B
100
AcDbEntity
  8
DEFPOINTS
 62
0
100
AcDbPoint
 10
1775.0
 20
-1215.0
 30
0.0
  0
POINT
  5
3A4
330
39B
100
AcDbEntity
  8
DEFPOINTS
 62
0
100
AcDbPoint
 10
1815.0
 20
-1215.0
 30
0.0
  0
POINT
  5
3A5
330
39B
100
AcDbEntity
  8
DEFPOINTS
 62
0
100
AcDbPoint
 10
1795.0
 20
-1095.0
 30
0.0
  0
ENDBLK
  5
3A6
330
39B
100
AcDbEntity
  8
0
100
AcDbBlockEnd
  0
BLOCK
  5
3A9
330
3A8
100
AcDbEntity
 67
1
  8
0
100
AcDbBlockBegin
  2
*D19
 70
0
 10
0.0
 20
0.0
 30
0.0
  3
*D19
  1

  0
LINE
  5
3AA
330
3A8
100
AcDbEntity
  8
0
100
AcDbLine
 10
1815.0
 20
-1210.0
 30
0.0
 11
1815.0
 21
-1095.0
 31
0.0
  0
LINE
  5
3AB
330
3A8
100
AcDbEntity
  8
0
100
AcDbLine
 10
2095.0
 20
-1210.0
 30
0.0
 11
2095.0
 21
-1095.0
 31
0.0
  0
TRACE
  5
3AC
330
3A8
100
AcDbEntity
  8
0
100
AcDbTrace
 10
1815.0
 20
-1105.0
 30
0.0
 11
1835.0
 21
-1101.666666667
 31
0.0
 12
1835.0
 22
-1108.333333333
 32
0.0
 13
1835.0
 23
-1108.333333333
 33
0.0
  0
TRACE
  5
3AD
330
3A8
100
AcDbEntity
  8
0
100
AcDbTrace
 10
2095.0
 20
-1105.0
 30
0.0
 11
2075.0
 21
-1108.333333333
 31
0.0
 12
2075.0
 22
-1101.666666667
 32
0.0
 13
2075.0
 23
-1101.666666667
 33
0.0
  0
LINE
  5
3AE
330
3A8
100
AcDbEntity
  8
0
100
AcDbLine
 10
1835.0
 20
-1105.0
 30
0.0
 11
2075.0
 21
-1105.0
 31
0.0
  0
MTEXT
  5
3AF
330
3A8
100
AcDbEntity
  8
REGUA80
 62
4
100
AcDbMText
 10
1955.0
 20
-1095.0
 30
0.0
 40
20.0
 41
0.0
 71
8
  1
280
  0
POINT
  5
3B0
330
3A8
100
AcDbEntity
  8
DEFPOINTS
 62
0
100
AcDbPoint
 10
1815.0
 20
-1215.0
 30
0.0
  0
POINT
  5
3B1
330
3A8
100
AcDbEntity
  8
DEFPOINTS
 62
0
100
AcDbPoint
 10
2095.0
 20
-1215.0
 30
0.0
  0
POINT
  5
3B2
330
3A8
100
AcDbEntity
  8
DEFPOINTS
 62
0
100
AcDbPoint
 10
1955.0
 20
-1095.0
 30
0.0
  0
ENDBLK
  5
3B3
330
3A8
100
AcDbEntity
  8
0
100
AcDbBlockEnd
  0
BLOCK
  5
3B6
330
3B5
100
AcDbEntity
 67
1
  8
0
100
AcDbBlockBegin
  2
*D20
 70
0
 10
0.0
 20
0.0
 30
0.0
  3
*D20
  1

  0
LINE
  5
3B7
330
3B5
100
AcDbEntity
  8
0
100
AcDbLine
 10
2095.0
 20
-1210.0
 30
0.0
 11
2095.0
 21
-1095.0
 31
0.0
  0
LINE
  5
3B8
330
3B5
100
AcDbEntity
  8
0
100
AcDbLine
 10
2135.0
 20
-1210.0
 30
0.0
 11
2135.0
 21
-1095.0
 31
0.0
  0
TRACE
  5
3B9
330
3B5
100
AcDbEntity
  8
0
100
AcDbTrace
 10
2095.0
 20
-1105.0
 30
0.0
 11
2115.0
 21
-1101.666666667
 31
0.0
 12
2115.0
 22
-1108.333333333
 32
0.0
 13
2115.0
 23
-1108.333333333
 33
0.0
  0
TRACE
  5
3BA
330
3B5
100
AcDbEntity
  8
0
100
AcDbTrace
 10
2135.0
 20
-1105.0
 30
0.0
 11
2115.0
 21
-1108.333333333
 31
0.0
 12
2115.0
 22
-1101.666666667
 32
0.0
 13
2115.0
 23
-1101.666666667
 33
0.0
  0
LINE
  5
3BB
330
3B5
100
AcDbEntity
  8
0
100
AcDbLine
 10
2115.0
 20
-1105.0
 30
0.0
 11
2115.0
 21
-1105.0
 31
0.0
  0
MTEXT
  5
3BC
330
3B5
100
AcDbEntity
  8
REGUA80
 62
4
100
AcDbMText
 10
2115.0
 20
-1095.0
 30
0.0
 40
20.0
 41
0.0
 71
8
  1
40
  0
POINT
  5
3BD
330
3B5
100
AcDbEntity
  8
DEFPOINTS
 62
0
100
AcDbPoint
 10
2095.0
 20
-1215.0
 30
0.0
  0
POINT
  5
3BE
330
3B5
100
AcDbEntity
  8
DEFPOINTS
 62
0
100
AcDbPoint
 10
2135.0
 20
-1215.0
 30
0.0
  0
POINT
  5
3BF
330
3B5
100
AcDbEntity
  8
DEFPOINTS
 62
0
100
AcDbPoint
 10
2115.0
 20
-1095.0
 30
0.0
  0
ENDBLK
  5
3C0
330
3B5
100
AcDbEntity
  8
0
100
AcDbBlockEnd
  0
BLOCK
  5
3C3
330
3C2
100
AcDbEntity
 67
1
  8
0
100
AcDbBlockBegin
  2
*D21
 70
0
 10
0.0
 20
0.0
 30
0.0
  3
*D21
  1

  0
LINE
  5
3C4
330
3C2
100
AcDbEntity
  8
0
100
AcDbLine
 10
1770.0
 20
-1575.0
 30
0.0
 11
1585.0
 21
-1575.0
 31
0.0
  0
LINE
  5
3C5
330
3C2
100
AcDbEntity
  8
0
100
AcDbLine
 10
1770.0
 20
-1215.0
 30
0.0
 11
1585.0
 21
-1215.0
 31
0.0
  0
TRACE
  5
3C6
330
3C2
100
AcDbEntity
  8
0
100
AcDbTrace
 10
1595.0
 20
-1575.0
 30
0.0
 11
1591.666666667
 21
-1555.0
 31
0.0
 12
1598.333333333
 22
-1555.0
 32
0.0
 13
1598.333333333
 23
-1555.0
 33
0.0
  0
TRACE
  5
3C7
330
3C2
100
AcDbEntity
  8
0
100
AcDbTrace
 10
1595.0
 20
-1215.0
 30
0.0
 11
1598.333333333
 21
-1235.0
 31
0.0
 12
1591.666666667
 22
-1235.0
 32
0.0
 13
1591.666666667
 23
-1235.0
 33
0.0
  0
LINE
  5
3C8
330
3C2
100
AcDbEntity
  8
0
100
AcDbLine
 10
1595.0
 20
-1555.0
 30
0.0
 11
1595.0
 21
-1235.0
 31
0.0
  0
POINT
  5
3C9
330
3C2
100
AcDbEntity
  8
DEFPOINTS
  6
BYBLOCK
 62
0
100
AcDbPoint
 10
1775.0
 20
-1575.0
 30
0.0
  0
POINT
  5
3CA
330
3C2
100
AcDbEntity
  8
DEFPOINTS
  6
BYBLOCK
 62
0
100
AcDbPoint
 10
1775.0
 20
-1215.0
 30
0.0
  0
MTEXT
  5
3CB
330
3C2
100
AcDbEntity
  8
REGUA80
 62
4
100
AcDbMText
 10
1585.0
 20
-1395.0
 30
0.0
 40
20.0
 41
0.0
 71
8
  1
360
 50
90.0
  0
ENDBLK
  5
3CC
330
3C2
100
AcDbEntity
  8
0
100
AcDbBlockEnd
  0
BLOCK
  5
3CF
330
3CE
100
AcDbEntity
 67
1
  8
0
100
AcDbBlockBegin
  2
*D22
 70
0
 10
0.0
 20
0.0
 30
0.0
  3
*D22
  1

  0
LINE
  5
3D0
330
3CE
100
AcDbEntity
  8
0
100
AcDbLine
 10
1775.0
 20
-1210.0
 30
0.0
 11
1775.0
 21
-1025.0
 31
0.0
  0
LINE
  5
3D1
330
3CE
100
AcDbEntity
  8
0
100
AcDbLine
 10
2135.0
 20
-1210.0
 30
0.0
 11
2135.0
 21
-1025.0
 31
0.0
  0
TRACE
  5
3D2
330
3CE
100
AcDbEntity
  8
0
100
AcDbTrace
 10
1775.0
 20
-1035.0
 30
0.0
 11
1795.0
 21
-1031.666666667
 31
0.0
 12
1795.0
 22
-1038.333333333
 32
0.0
 13
1795.0
 23
-1038.333333333
 33
0.0
  0
TRACE
  5
3D3
330
3CE
100
AcDbEntity
  8
0
100
AcDbTrace
 10
2135.0
 20
-1035.0
 30
0.0
 11
2115.0
 21
-1038.333333333
 31
0.0
 12
2115.0
 22
-1031.666666667
 32
0.0
 13
2115.0
 23
-1031.666666667
 33
0.0
  0
LINE
  5
3D4
330
3CE
100
AcDbEntity
  8
0
100
AcDbLine
 10
1795.0
 20
-1035.0
 30
0.0
 11
2115.0
 21
-1035.0
 31
0.0
  0
MTEXT
  5
3D5
330
3CE
100
AcDbEntity
  8
REGUA80
 62
4
100
AcDbMText
 10
1955.0
 20
-1025.0
 30
0.0
 40
20.0
 41
0.0
 71
8
  1
360
  0
POINT
  5
3D6
330
3CE
100
AcDbEntity
  8
DEFPOINTS
 62
0
100
AcDbPoint
 10
1775.0
 20
-1215.0
 30
0.0
  0
POINT
  5
3D7
330
3CE
100
AcDbEntity
  8
DEFPOINTS
 62
0
100
AcDbPoint
 10
2135.0
 20
-1215.0
 30
0.0
  0
POINT
  5
3D8
330
3CE
100
AcDbEntity
  8
DEFPOINTS
 62
0
100
AcDbPoint
 10
1955.0
 20
-1025.0
 30
0.0
  0
ENDBLK
  5
3D9
330
3CE
100
AcDbEntity
  8
0
100
AcDbBlockEnd
  0
BLOCK
  5
3FA
330
3F9
100
AcDbEntity
 67
1
  8
0
100
AcDbBlockBegin
  2
*D23
 70
0
 10
0.0
 20
0.0
 30
0.0
  3
*D23
  1

  0
LINE
  5
3FB
330
3F9
100
AcDbEntity
  8
0
100
AcDbLine
 10
3730.0
 20
27.0
 30
0.0
 11
3730.0
 21
227.0
 31
0.0
  0
LINE
  5
3FC
330
3F9
100
AcDbEntity
  8
0
100
AcDbLine
 10
3795.0
 20
112.0
 30
0.0
 11
3795.0
 21
227.0
 31
0.0
  0
TRACE
  5
3FD
330
3F9
100
AcDbEntity
  8
0
100
AcDbTrace
 10
3730.0
 20
217.0
 30
0.0
 11
3750.0
 21
220.333333333
 31
0.0
 12
3750.0
 22
213.666666667
 32
0.0
 13
3750.0
 23
213.666666667
 33
0.0
  0
TRACE
  5
3FE
330
3F9
100
AcDbEntity
  8
0
100
AcDbTrace
 10
3795.0
 20
217.0
 30
0.0
 11
3775.0
 21
213.666666667
 31
0.0
 12
3775.0
 22
220.333333333
 32
0.0
 13
3775.0
 23
220.333333333
 33
0.0
  0
LINE
  5
3FF
330
3F9
100
AcDbEntity
  8
0
100
AcDbLine
 10
3750.0
 20
217.0
 30
0.0
 11
3775.0
 21
217.0
 31
0.0
  0
MTEXT
  5
400
330
3F9
100
AcDbEntity
  8
REGUA80
 62
4
100
AcDbMText
 10
3762.5
 20
227.0
 30
0.0
 40
20.0
 41
0.0
 71
8
  1
65
  0
POINT
  5
401
330
3F9
100
AcDbEntity
  8
DEFPOINTS
 62
0
100
AcDbPoint
 10
3730.0
 20
22.0
 30
0.0
  0
POINT
  5
402
330
3F9
100
AcDbEntity
  8
DEFPOINTS
 62
0
100
AcDbPoint
 10
3795.0
 20
107.0
 30
0.0
  0
POINT
  5
403
330
3F9
100
AcDbEntity
  8
DEFPOINTS
 62
0
100
AcDbPoint
 10
3762.5
 20
227.0
 30
0.0
  0
ENDBLK
  5
404
330
3F9
100
AcDbEntity
  8
0
100
AcDbBlockEnd
  0
BLOCK
  5
407
330
406
100
AcDbEntity
 67
1
  8
0
100
AcDbBlockBegin
  2
*D24
 70
0
 10
0.0
 20
0.0
 30
0.0
  3
*D24
  1

  0
LINE
  5
408
330
406
100
AcDbEntity
  8
0
100
AcDbLine
 10
3795.0
 20
112.0
 30
0.0
 11
3795.0
 21
227.0
 31
0.0
  0
LINE
  5
409
330
406
100
AcDbEntity
  8
0
100
AcDbLine
 10
4025.0
 20
112.0
 30
0.0
 11
4025.0
 21
227.0
 31
0.0
  0
TRACE
  5
40A
330
406
100
AcDbEntity
  8
0
100
AcDbTrace
 10
3795.0
 20
217.0
 30
0.0
 11
3815.0
 21
220.333333333
 31
0.0
 12
3815.0
 22
213.666666667
 32
0.0
 13
3815.0
 23
213.666666667
 33
0.0
  0
TRACE
  5
40B
330
406
100
AcDbEntity
  8
0
100
AcDbTrace
 10
4025.0
 20
217.0
 30
0.0
 11
4005.0
 21
213.666666667
 31
0.0
 12
4005.0
 22
220.333333333
 32
0.0
 13
4005.0
 23
220.333333333
 33
0.0
  0
LINE
  5
40C
330
406
100
AcDbEntity
  8
0
100
AcDbLine
 10
3815.0
 20
217.0
 30
0.0
 11
4005.0
 21
217.0
 31
0.0
  0
MTEXT
  5
40D
330
406
100
AcDbEntity
  8
REGUA80
 62
4
100
AcDbMText
 10
3910.0
 20
227.0
 30
0.0
 40
20.0
 41
0.0
 71
8
  1
230
  0
POINT
  5
40E
330
406
100
AcDbEntity
  8
DEFPOINTS
 62
0
100
AcDbPoint
 10
3795.0
 20
107.0
 30
0.0
  0
POINT
  5
40F
330
406
100
AcDbEntity
  8
DEFPOINTS
 62
0
100
AcDbPoint
 10
4025.0
 20
107.0
 30
0.0
  0
POINT
  5
410
330
406
100
AcDbEntity
  8
DEFPOINTS
 62
0
100
AcDbPoint
 10
3910.0
 20
227.0
 30
0.0
  0
ENDBLK
  5
411
330
406
100
AcDbEntity
  8
0
100
AcDbBlockEnd
  0
BLOCK
  5
414
330
413
100
AcDbEntity
 67
1
  8
0
100
AcDbBlockBegin
  2
*D25
 70
0
 10
0.0
 20
0.0
 30
0.0
  3
*D25
  1

  0
LINE
  5
415
330
413
100
AcDbEntity
  8
0
100
AcDbLine
 10
4025.0
 20
112.0
 30
0.0
 11
4025.0
 21
227.0
 31
0.0
  0
LINE
  5
416
330
413
100
AcDbEntity
  8
0
100
AcDbLine
 10
4090.0
 20
27.0
 30
0.0
 11
4090.0
 21
227.0
 31
0.0
  0
TRACE
  5
417
330
413
100
AcDbEntity
  8
0
100
AcDbTrace
 10
4025.0
 20
217.0
 30
0.0
 11
4045.0
 21
220.333333333
 31
0.0
 12
4045.0
 22
213.666666667
 32
0.0
 13
4045.0
 23
213.666666667
 33
0.0
  0
TRACE
  5
418
330
413
100
AcDbEntity
  8
0
100
AcDbTrace
 10
4090.0
 20
217.0
 30
0.0
 11
4070.0
 21
213.666666667
 31
0.0
 12
4070.0
 22
220.333333333
 32
0.0
 13
4070.0
 23
220.333333333
 33
0.0
  0
LINE
  5
419
330
413
100
AcDbEntity
  8
0
100
AcDbLine
 10
4045.0
 20
217.0
 30
0.0
 11
4070.0
 21
217.0
 31
0.0
  0
MTEXT
  5
41A
330
413
100
AcDbEntity
  8
REGUA80
 62
4
100
AcDbMText
 10
4057.5
 20
227.0
 30
0.0
 40
20.0
 41
0.0
 71
8
  1
65
  0
POINT
  5
41B
330
413
100
AcDbEntity
  8
DEFPOINTS
 62
0
100
AcDbPoint
 10
4025.0
 20
107.0
 30
0.0
  0
POINT
  5
41C
330
413
100
AcDbEntity
  8
DEFPOINTS
 62
0
100
AcDbPoint
 10
4090.0
 20
22.0
 30
0.0
  0
POINT
  5
41D
330
413
100
AcDbEntity
  8
DEFPOINTS
 62
0
100
AcDbPoint
 10
4057.5
 20
227.0
 30
0.0
  0
ENDBLK
  5
41E
330
413
100
AcDbEntity
  8
0
100
AcDbBlockEnd
  0
BLOCK
  5
421
330
420
100
AcDbEntity
 67
1
  8
0
100
AcDbBlockBegin
  2
*D26
 70
0
 10
0.0
 20
0.0
 30
0.0
  3
*D26
  1

  0
LINE
  5
422
330
420
100
AcDbEntity
  8
0
100
AcDbLine
 10
3730.0
 20
12.0
 30
0.0
 11
3730.0
 21
304.0
 31
0.0
  0
LINE
  5
423
330
420
100
AcDbEntity
  8
0
100
AcDbLine
 10
4090.0
 20
12.0
 30
0.0
 11
4090.0
 21
304.0
 31
0.0
  0
TRACE
  5
424
330
420
100
AcDbEntity
  8
0
100
AcDbTrace
 10
3730.0
 20
294.0
 30
0.0
 11
3750.0
 21
297.333333333
 31
0.0
 12
3750.0
 22
290.666666667
 32
0.0
 13
3750.0
 23
290.666666667
 33
0.0
  0
TRACE
  5
425
330
420
100
AcDbEntity
  8
0
100
AcDbTrace
 10
4090.0
 20
294.0
 30
0.0
 11
4070.0
 21
290.666666667
 31
0.0
 12
4070.0
 22
297.333333333
 32
0.0
 13
4070.0
 23
297.333333333
 33
0.0
  0
LINE
  5
426
330
420
100
AcDbEntity
  8
0
100
AcDbLine
 10
3750.0
 20
294.0
 30
0.0
 11
4070.0
 21
294.0
 31
0.0
  0
MTEXT
  5
427
330
420
100
AcDbEntity
  8
REGUA80
 62
4
100
AcDbMText
 10
3910.0
 20
304.0
 30
0.0
 40
20.0
 41
0.0
 71
8
  1
360
  0
POINT
  5
428
330
420
100
AcDbEntity
  8
DEFPOINTS
 62
0
100
AcDbPoint
 10
3730.0
 20
7.0
 30
0.0
  0
POINT
  5
429
330
420
100
AcDbEntity
  8
DEFPOINTS
 62
0
100
AcDbPoint
 10
4090.0
 20
7.0
 30
0.0
  0
POINT
  5
42A
330
420
100
AcDbEntity
  8
DEFPOINTS
 62
0
100
AcDbPoint
 10
3910.0
 20
304.0
 30
0.0
  0
ENDBLK
  5
42B
330
420
100
AcDbEntity
  8
0
100
AcDbBlockEnd
  0
BLOCK
  5
42E
330
42D
100
AcDbEntity
 67
1
  8
0
100
AcDbBlockBegin
  2
*D27
 70
0
 10
0.0
 20
0.0
 30
0.0
  3
*D27
  1

  0
LINE
  5
42F
330
42D
100
AcDbEntity
  8
0
100
AcDbLine
 10
3725.0
 20
7.940000057
 30
0.0
 11
3610.0
 21
7.940000057
 31
0.0
  0
LINE
  5
430
330
42D
100
AcDbEntity
  8
0
100
AcDbLine
 10
3725.0
 20
22.940000534
 30
0.0
 11
3610.0
 21
22.940000534
 31
0.0
  0
TRACE
  5
431
330
42D
100
AcDbEntity
  8
0
100
AcDbTrace
 10
3620.0
 20
7.940000057
 30
0.0
 11
3616.666666667
 21
27.940000057
 31
0.0
 12
3623.333333333
 22
27.940000057
 32
0.0
 13
3623.333333333
 23
27.940000057
 33
0.0
  0
TRACE
  5
432
330
42D
100
AcDbEntity
  8
0
100
AcDbTrace
 10
3620.0
 20
22.940000534
 30
0.0
 11
3623.333333333
 21
2.940000534
 31
0.0
 12
3616.666666667
 22
2.940000534
 32
0.0
 13
3616.666666667
 23
2.940000534
 33
0.0
  0
LINE
  5
433
330
42D
100
AcDbEntity
  8
0
100
AcDbLine
 10
3620.0
 20
27.940000057
 30
0.0
 11
3620.0
 21
2.940000534
 31
0.0
  0
POINT
  5
434
330
42D
100
AcDbEntity
  8
DEFPOINTS
  6
BYBLOCK
 62
0
100
AcDbPoint
 10
3730.0
 20
7.940000057
 30
0.0
  0
POINT
  5
435
330
42D
100
AcDbEntity
  8
DEFPOINTS
  6
BYBLOCK
 62
0
100
AcDbPoint
 10
3730.0
 20
22.940000534
 30
0.0
  0
MTEXT
  5
436
330
42D
100
AcDbEntity
  8
REGUA80
 62
4
100
AcDbMText
 10
3610.0
 20
15.440000296
 30
0.0
 40
20.0
 41
0.0
 71
8
  1
15
 50
90.0
  0
ENDBLK
  5
437
330
42D
100
AcDbEntity
  8
0
100
AcDbBlockEnd
  0
BLOCK
  5
43A
330
439
100
AcDbEntity
 67
1
  8
0
100
AcDbBlockBegin
  2
*D28
 70
0
 10
0.0
 20
0.0
 30
0.0
  3
*D28
  1

  0
LINE
  5
43B
330
439
100
AcDbEntity
  8
0
100
AcDbLine
 10
4030.0
 20
107.940002441
 30
0.0
 11
4210.0
 21
107.940002441
 31
0.0
  0
LINE
  5
43C
330
439
100
AcDbEntity
  8
0
100
AcDbLine
 10
4095.0
 20
7.940000057
 30
0.0
 11
4210.0
 21
7.940000057
 31
0.0
  0
TRACE
  5
43D
330
439
100
AcDbEntity
  8
0
100
AcDbTrace
 10
4200.0
 20
107.940002441
 30
0.0
 11
4203.333333333
 21
87.940002441
 31
0.0
 12
4196.666666667
 22
87.940002441
 32
0.0
 13
4196.666666667
 23
87.940002441
 33
0.0
  0
TRACE
  5
43E
330
439
100
AcDbEntity
  8
0
100
AcDbTrace
 10
4200.0
 20
7.940000057
 30
0.0
 11
4196.666666667
 21
27.940000057
 31
0.0
 12
4203.333333333
 22
27.940000057
 32
0.0
 13
4203.333333333
 23
27.940000057
 33
0.0
  0
LINE
  5
43F
330
439
100
AcDbEntity
  8
0
100
AcDbLine
 10
4200.0
 20
87.940002441
 30
0.0
 11
4200.0
 21
27.940000057
 31
0.0
  0
POINT
  5
440
330
439
100
AcDbEntity
  8
DEFPOINTS
  6
BYBLOCK
 62
0
100
AcDbPoint
 10
4025.0
 20
107.940002441
 30
0.0
  0
POINT
  5
441
330
439
100
AcDbEntity
  8
DEFPOINTS
  6
BYBLOCK
 62
0
100
AcDbPoint
 10
4090.0
 20
7.940000057
 30
0.0
  0
MTEXT
  5
442
330
439
100
AcDbEntity
  8
REGUA80
 62
4
100
AcDbMText
 10
4190.0
 20
57.940001249
 30
0.0
 40
20.0
 41
0.0
 71
8
  1
100
 50
90.0
  0
ENDBLK
  5
443
330
439
100
AcDbEntity
  8
0
100
AcDbBlockEnd
  0
BLOCK
  5
44B
330
44A
100
AcDbEntity
 67
1
  8
0
100
AcDbBlockBegin
  2
*D29
 70
0
 10
0.0
 20
0.0
 30
0.0
  3
*D29
  1

  0
LINE
  5
44C
330
44A
100
AcDbEntity
  8
0
100
AcDbLine
 10
3964.149902344
 20
-1287.060058594
 30
0.0
 11
4079.149902344
 21
-1287.060058594
 31
0.0
  0
LINE
  5
44D
330
44A
100
AcDbEntity
  8
0
100
AcDbLine
 10
3964.149902344
 20
-1387.060058594
 30
0.0
 11
4079.149902344
 21
-1387.060058594
 31
0.0
  0
TRACE
  5
44E
330
44A
100
AcDbEntity
  8
0
100
AcDbTrace
 10
4069.149902344
 20
-1287.060058594
 30
0.0
 11
4072.483235677
 21
-1307.060058594
 31
0.0
 12
4065.81656901
 22
-1307.060058594
 32
0.0
 13
4065.81656901
 23
-1307.060058594
 33
0.0
  0
TRACE
  5
44F
330
44A
100
AcDbEntity
  8
0
100
AcDbTrace
 10
4069.149902344
 20
-1387.060058594
 30
0.0
 11
4065.81656901
 21
-1367.060058594
 31
0.0
 12
4072.483235677
 22
-1367.060058594
 32
0.0
 13
4072.483235677
 23
-1367.060058594
 33
0.0
  0
LINE
  5
450
330
44A
100
AcDbEntity
  8
0
100
AcDbLine
 10
4069.149902344
 20
-1307.060058594
 30
0.0
 11
4069.149902344
 21
-1367.060058594
 31
0.0
  0
POINT
  5
451
330
44A
100
AcDbEntity
  8
DEFPOINTS
  6
BYBLOCK
 62
0
100
AcDbPoint
 10
3959.149902344
 20
-1287.060058594
 30
0.0
  0
POINT
  5
452
330
44A
100
AcDbEntity
  8
DEFPOINTS
  6
BYBLOCK
 62
0
100
AcDbPoint
 10
3959.149902344
 20
-1387.060058594
 30
0.0
  0
MTEXT
  5
453
330
44A
100
AcDbEntity
  8
REGUA80
 62
4
100
AcDbMText
 10
4059.149902344
 20
-1337.060058594
 30
0.0
 40
20.0
 41
0.0
 71
8
  1
100
 50
90.0
  0
ENDBLK
  5
454
330
44A
100
AcDbEntity
  8
0
100
AcDbBlockEnd
  0
BLOCK
  5
457
330
456
100
AcDbEntity
 67
1
  8
0
100
AcDbBlockBegin
  2
*D30
 70
0
 10
0.0
 20
0.0
 30
0.0
  3
*D30
  1

  0
LINE
  5
458
330
456
100
AcDbEntity
  8
0
100
AcDbLine
 10
3959.149902344
 20
-1392.060058594
 30
0.0
 11
3959.149902344
 21
-1507.060058594
 31
0.0
  0
LINE
  5
459
330
456
100
AcDbEntity
  8
0
100
AcDbLine
 10
3860.5
 20
-1392.060058594
 30
0.0
 11
3860.5
 21
-1507.060058594
 31
0.0
  0
TRACE
  5
45A
330
456
100
AcDbEntity
  8
0
100
AcDbTrace
 10
3959.149902344
 20
-1497.060058594
 30
0.0
 11
3939.149902344
 21
-1500.393391927
 31
0.0
 12
3939.149902344
 22
-1493.72672526
 32
0.0
 13
3939.149902344
 23
-1493.72672526
 33
0.0
  0
TRACE
  5
45B
330
456
100
AcDbEntity
  8
0
100
AcDbTrace
 10
3860.5
 20
-1497.060058594
 30
0.0
 11
3880.5
 21
-1493.72672526
 31
0.0
 12
3880.5
 22
-1500.393391927
 32
0.0
 13
3880.5
 23
-1500.393391927
 33
0.0
  0
LINE
  5
45C
330
456
100
AcDbEntity
  8
0
100
AcDbLine
 10
3939.149902344
 20
-1497.060058594
 30
0.0
 11
3880.5
 21
-1497.060058594
 31
0.0
  0
MTEXT
  5
45D
330
456
100
AcDbEntity
  8
REGUA80
 62
4
100
AcDbMText
 10
3909.824951172
 20
-1487.060058594
 30
0.0
 40
20.0
 41
0.0
 71
8
  1
99
  0
POINT
  5
45E
330
456
100
AcDbEntity
  8
DEFPOINTS
 62
0
100
AcDbPoint
 10
3959.149902344
 20
-1387.060058594
 30
0.0
  0
POINT
  5
45F
330
456
100
AcDbEntity
  8
DEFPOINTS
 62
0
100
AcDbPoint
 10
3860.5
 20
-1387.060058594
 30
0.0
  0
POINT
  5
460
330
456
100
AcDbEntity
  8
DEFPOINTS
 62
0
100
AcDbPoint
 10
3909.824951172
 20
-1487.060058594
 30
0.0
  0
ENDBLK
  5
461
330
456
100
AcDbEntity
  8
0
100
AcDbBlockEnd
  0
BLOCK
  5
464
330
463
100
AcDbEntity
 67
1
  8
0
100
AcDbBlockBegin
  2
*D31
 70
0
 10
0.0
 20
0.0
 30
0.0
  3
*D31
  1

  0
LINE
  5
465
330
463
100
AcDbEntity
  8
0
100
AcDbLine
 10
3855.5
 20
-1387.060058594
 30
0.0
 11
3740.5
 21
-1387.060058594
 31
0.0
  0
LINE
  5
466
330
463
100
AcDbEntity
  8
0
100
AcDbLine
 10
3855.5
 20
-1372.060058594
 30
0.0
 11
3740.5
 21
-1372.060058594
 31
0.0
  0
TRACE
  5
467
330
463
100
AcDbEntity
  8
0
100
AcDbTrace
 10
3750.5
 20
-1387.060058594
 30
0.0
 11
3747.166666667
 21
-1367.060058594
 31
0.0
 12
3753.833333333
 22
-1367.060058594
 32
0.0
 13
3753.833333333
 23
-1367.060058594
 33
0.0
  0
TRACE
  5
468
330
463
100
AcDbEntity
  8
0
100
AcDbTrace
 10
3750.5
 20
-1372.060058594
 30
0.0
 11
3753.833333333
 21
-1392.060058594
 31
0.0
 12
3747.166666667
 22
-1392.060058594
 32
0.0
 13
3747.166666667
 23
-1392.060058594
 33
0.0
  0
LINE
  5
469
330
463
100
AcDbEntity
  8
0
100
AcDbLine
 10
3750.5
 20
-1367.060058594
 30
0.0
 11
3750.5
 21
-1392.060058594
 31
0.0
  0
POINT
  5
46A
330
463
100
AcDbEntity
  8
DEFPOINTS
  6
BYBLOCK
 62
0
100
AcDbPoint
 10
3860.5
 20
-1387.060058594
 30
0.0
  0
POINT
  5
46B
330
463
100
AcDbEntity
  8
DEFPOINTS
  6
BYBLOCK
 62
0
100
AcDbPoint
 10
3860.5
 20
-1372.060058594
 30
0.0
  0
MTEXT
  5
46C
330
463
100
AcDbEntity
  8
REGUA80
 62
4
100
AcDbMText
 10
3740.5
 20
-1379.560058594
 30
0.0
 40
20.0
 41
0.0
 71
8
  1
15
 50
90.0
  0
ENDBLK
  5
46D
330
463
100
AcDbEntity
  8
0
100
AcDbBlockEnd
  0
BLOCK
  5
510
330
50F
100
AcDbEntity
  8
0
100
AcDbBlockBegin
  2
_CLOSEDFILLED
 70
0
 10
0.0
 20
0.0
 30
0.0
  3
_CLOSEDFILLED
  1

  0
SOLID
  5
512
330
50F
100
AcDbEntity
  8
0
  6
BYBLOCK
 62
0
100
AcDbTrace
 10
-1.0
 20
0.16439898372402537
 30
0.0
 11
0.0
 21
0.0
 31
0.0
 12
-1.0
 22
-0.16439898372402537
 32
0.0
 13
-1.0
 23
-0.16439898372402537
 33
0.0
  0
ENDBLK
  5
511
330
50F
100
AcDbEntity
  8
0
100
AcDbBlockEnd
  0
BLOCK
  5
514
330
513
100
AcDbEntity
  8
0
100
AcDbBlockBegin
  2
_ORIGIN2
 70
0
 10
0.0
 20
0.0
 30
0.0
  3
_ORIGIN2
  1

  0
CIRCLE
  5
516
330
513
100
AcDbEntity
  8
0
  6
BYBLOCK
 62
0
100
AcDbCircle
 10
0.0
 20
0.0
 30
0.0
 40
0.5
  0
CIRCLE
  5
517
330
513
100
AcDbEntity
  8
0
  6
BYBLOCK
 62
0
100
AcDbCircle
 10
0.0
 20
0.0
 30
0.0
 40
0.25
  0
LINE
  5
518
330
513
100
AcDbEntity
  8
0
  6
BYBLOCK
 62
0
100
AcDbLine
 10
-0.5
 20
0.0
 30
0.0
 11
-1.0
 21
0.0
 31
0.0
  0
ENDBLK
  5
515
330
513
100
AcDbEntity
  8
0
100
AcDbBlockEnd
  0
BLOCK
  5
51A
330
519
100
AcDbEntity
  8
0
100
AcDbBlockBegin
  2
_DATUMFILLED
 70
0
 10
0.0
 20
0.0
 30
0.0
  3
_DATUMFILLED
  1

  0
SOLID
  5
51C
330
519
100
AcDbEntity
  8
0
  6
BYBLOCK
 62
0
100
AcDbTrace
 10
0.0
 20
0.577350269
 30
0.0
 11
0.0
 21
-0.577350269
 31
0.0
 12
-1.0
 22
0.0
 32
0.0
 13
-1.0
 23
0.0
 33
0.0
  0
ENDBLK
  5
51B
330
519
100
AcDbEntity
  8
0
100
AcDbBlockEnd
  0
BLOCK
  5
51E
330
51D
100
AcDbEntity
  8
0
100
AcDbBlockBegin
  2
_DOTSMALL
 70
0
 10
0.0
 20
0.0
 30
0.0
  3
_DOTSMALL
  1

  0
LWPOLYLINE
  5
520
330
51D
100
AcDbEntity
  8
0
  6
BYBLOCK
 62
0
100
AcDbPolyline
 90
2
 70
1
 43
0.125
 10
-0.0625
 20
0.0
 42
1.0
 10
0.0625
 20
0.0
 42
1.0
  0
ENDBLK
  5
51F
330
51D
100
AcDbEntity
  8
0
100
AcDbBlockEnd
  0
BLOCK
  5
522
330
521
100
AcDbEntity
  8
0
100
AcDbBlockBegin
  2
_BOXFILLED
 70
0
 10
0.0
 20
0.0
 30
0.0
  3
_BOXFILLED
  1

  0
SOLID
  5
524
330
521
100
AcDbEntity
  8
0
  6
BYBLOCK
 62
0
100
AcDbTrace
 10
-0.5
 20
-0.5
 30
0.0
 11
0.5
 21
-0.5
 31
0.0
 12
-0.5
 22
0.5
 32
0.0
 13
0.5
 23
0.5
 33
0.0
  0
LINE
  5
525
330
521
100
AcDbEntity
  8
0
  6
BYBLOCK
 62
0
100
AcDbLine
 10
-0.5
 20
0.0
 30
0.0
 11
-1.0
 21
0.0
 31
0.0
  0
ENDBLK
  5
523
330
521
100
AcDbEntity
  8
0
100
AcDbBlockEnd
  0
BLOCK
  5
527
330
526
100
AcDbEntity
  8
0
100
AcDbBlockBegin
  2
_INTEGRAL
 70
0
 10
0.0
 20
0.0
 30
0.0
  3
_INTEGRAL
  1

  0
ARC
  5
529
330
526
100
AcDbEntity
  8
0
  6
BYBLOCK
 62
0
100
AcDbCircle
 10
-0.3535534
 20
0.0
 30
0.0
 40
0.3535534
100
AcDbArc
 50
-90.0
 51
0.0
  0
ARC
  5
52A
330
526
100
AcDbEntity
  8
0
  6
BYBLOCK
 62
0
100
AcDbCircle
 10
0.3535534
 20
0.0
 30
0.0
 40
0.3535534
100
AcDbArc
 50
90.0
 51
180.0
  0
ENDBLK
  5
528
330
526
100
AcDbEntity
  8
0
100
AcDbBlockEnd
  0
BLOCK
  5
52C
330
52B
100
AcDbEntity
  8
0
100
AcDbBlockBegin
  2
_OPEN90
 70
0
 10
0.0
 20
0.0
 30
0.0
  3
_OPEN90
  1

  0
LWPOLYLINE
  5
52E
330
52B
100
AcDbEntity
  8
0
  6
BYBLOCK
 62
0
100
AcDbPolyline
 90
3
 70
0
 10
-1.0
 20
0.7071067811865476
 10
0.0
 20
0.0
 10
-1.0
 20
-0.7071067811865476
  0
LINE
  5
52F
330
52B
100
AcDbEntity
  8
0
  6
BYBLOCK
 62
0
100
AcDbLine
 10
0.0
 20
0.0
 30
0.0
 11
-1.0
 21
0.0
 31
0.0
  0
ENDBLK
  5
52D
330
52B
100
AcDbEntity
  8
0
100
AcDbBlockEnd
  0
BLOCK
  5
531
330
530
100
AcDbEntity
  8
0
100
AcDbBlockBegin
  2
_ORIGIN
 70
0
 10
0.0
 20
0.0
 30
0.0
  3
_ORIGIN
  1

  0
CIRCLE
  5
533
330
530
100
AcDbEntity
  8
0
  6
BYBLOCK
 62
0
100
AcDbCircle
 10
0.0
 20
0.0
 30
0.0
 40
0.5
  0
LINE
  5
534
330
530
100
AcDbEntity
  8
0
  6
BYBLOCK
 62
0
100
AcDbLine
 10
0.0
 20
0.0
 30
0.0
 11
-1.0
 21
0.0
 31
0.0
  0
ENDBLK
  5
532
330
530
100
AcDbEntity
  8
0
100
AcDbBlockEnd
  0
BLOCK
  5
536
330
535
100
AcDbEntity
  8
0
100
AcDbBlockBegin
  2
_CLOSEDBLANK
 70
0
 10
0.0
 20
0.0
 30
0.0
  3
_CLOSEDBLANK
  1

  0
LWPOLYLINE
  5
538
330
535
100
AcDbEntity
  8
0
  6
BYBLOCK
 62
0
100
AcDbPolyline
 90
3
 70
1
 10
-1.0
 20
0.16439898372402537
 10
0.0
 20
0.0
 10
-1.0
 20
-0.16439898372402537
  0
ENDBLK
  5
537
330
535
100
AcDbEntity
  8
0
100
AcDbBlockEnd
  0
BLOCK
  5
53A
330
539
100
AcDbEntity
  8
0
100
AcDbBlockBegin
  2
_CLOSED
 70
0
 10
0.0
 20
0.0
 30
0.0
  3
_CLOSED
  1

  0
LWPOLYLINE
  5
53C
330
539
100
AcDbEntity
  8
0
  6
BYBLOCK
 62
0
100
AcDbPolyline
 90
3
 70
1
 10
-1.0
 20
0.16439898372402537
 10
0.0
 20
0.0
 10
-1.0
 20
-0.16439898372402537
  0
LINE
  5
53D
330
539
100
AcDbEntity
  8
0
  6
BYBLOCK
 62
0
100
AcDbLine
 10
0.0
 20
0.0
 30
0.0
 11
-1.0
 21
0.0
 31
0.0
  0
ENDBLK
  5
53B
330
539
100
AcDbEntity
  8
0
100
AcDbBlockEnd
  0
BLOCK
  5
53F
330
53E
100
AcDbEntity
  8
0
100
AcDbBlockBegin
  2
_DATUMBLANK
 70
0
 10
0.0
 20
0.0
 30
0.0
  3
_DATUMBLANK
  1

  0
LWPOLYLINE
  5
541
330
53E
100
AcDbEntity
  8
0
  6
BYBLOCK
 62
0
100
AcDbPolyline
 90
3
 70
1
 10
0.0
 20
0.577350269
 10
0.0
 20
-0.577350269
 10
-1.0
 20
0.0
  0
ENDBLK
  5
540
330
53E
100
AcDbEntity
  8
0
100
AcDbBlockEnd
  0
BLOCK
  5
543
330
542
100
AcDbEntity
  8
0
100
AcDbBlockBegin
  2
_ARCHTICK
 70
0
 10
0.0
 20
0.0
 30
0.0
  3
_ARCHTICK
  1

  0
LWPOLYLINE
  5
545
330
542
100
AcDbEntity
  8
0
  6
BYBLOCK
 62
0
100
AcDbPolyline
 90
2
 70
0
 43
0.15
 10
-0.5
 20
-0.5
 10
0.5
 20
0.5
  0
ENDBLK
  5
544
330
542
100
AcDbEntity
  8
0
100
AcDbBlockEnd
  0
BLOCK
  5
547
330
546
100
AcDbEntity
  8
0
100
AcDbBlockBegin
  2
_DOT
 70
0
 10
0.0
 20
0.0
 30
0.0
  3
_DOT
  1

  0
LINE
  5
549
330
546
100
AcDbEntity
  8
0
  6
BYBLOCK
 62
0
100
AcDbLine
 10
-0.5
 20
0.0
 30
0.0
 11
-1.0
 21
0.0
 31
0.0
  0
LWPOLYLINE
  5
54A
330
546
100
AcDbEntity
  8
0
  6
BYBLOCK
 62
0
100
AcDbPolyline
 90
2
 70
1
 43
0.5
 10
-0.25
 20
0.0
 42
1.0
 10
0.25
 20
0.0
 42
1.0
  0
ENDBLK
  5
548
330
546
100
AcDbEntity
  8
0
100
AcDbBlockEnd
  0
BLOCK
  5
54C
330
54B
100
AcDbEntity
  8
0
100
AcDbBlockBegin
  2
_SMALL
 70
0
 10
0.0
 20
0.0
 30
0.0
  3
_SMALL
  1

  0
CIRCLE
  5
54E
330
54B
100
AcDbEntity
  8
0
  6
BYBLOCK
 62
0
100
AcDbCircle
 10
0.0
 20
0.0
 30
0.0
 40
0.25
  0
ENDBLK
  5
54D
330
54B
100
AcDbEntity
  8
0
100
AcDbBlockEnd
  0
BLOCK
  5
550
330
54F
100
AcDbEntity
  8
0
100
AcDbBlockBegin
  2
_OPEN
 70
0
 10
0.0
 20
0.0
 30
0.0
  3
_OPEN
  1

  0
LWPOLYLINE
  5
552
330
54F
100
AcDbEntity
  8
0
  6
BYBLOCK
 62
0
100
AcDbPolyline
 90
3
 70
0
 10
-1.0
 20
0.16439898372402537
 10
0.0
 20
0.0
 10
-1.0
 20
-0.16439898372402537
  0
LINE
  5
553
330
54F
100
AcDbEntity
  8
0
  6
BYBLOCK
 62
0
100
AcDbLine
 10
0.0
 20
0.0
 30
0.0
 11
-1.0
 21
0.0
 31
0.0
  0
ENDBLK
  5
551
330
54F
100
AcDbEntity
  8
0
100
AcDbBlockEnd
  0
BLOCK
  5
555
330
554
100
AcDbEntity
  8
0
100
AcDbBlockBegin
  2
_NONE
 70
0
 10
0.0
 20
0.0
 30
0.0
  3
_NONE
  1

  0
ENDBLK
  5
556
330
554
100
AcDbEntity
  8
0
100
AcDbBlockEnd
  0
BLOCK
  5
558
330
557
100
AcDbEntity
  8
0
100
AcDbBlockBegin
  2
_BOXBLANK
 70
0
 10
0.0
 20
0.0
 30
0.0
  3
_BOXBLANK
  1

  0
LWPOLYLINE
  5
55A
330
557
100
AcDbEntity
  8
0
  6
BYBLOCK
 62
0
100
AcDbPolyline
 90
4
 70
1
 10
-0.5
 20
-0.5
 10
0.5
 20
-0.5
 10
0.5
 20
0.5
 10
-0.5
 20
0.5
  0
LINE
  5
55B
330
557
100
AcDbEntity
  8
0
  6
BYBLOCK
 62
0
100
AcDbLine
 10
-0.5
 20
0.0
 30
0.0
 11
-1.0
 21
0.0
 31
0.0
  0
ENDBLK
  5
559
330
557
100
AcDbEntity
  8
0
100
AcDbBlockEnd
  0
BLOCK
  5
55D
330
55C
100
AcDbEntity
  8
0
100
AcDbBlockBegin
  2
_OPEN30
 70
0
 10
0.0
 20
0.0
 30
0.0
  3
_OPEN30
  1

  0
LWPOLYLINE
  5
55F
330
55C
100
AcDbEntity
  8
0
  6
BYBLOCK
 62
0
100
AcDbPolyline
 90
3
 70
0
 10
-1.0
 20
0.25881904510252074
 10
0.0
 20
0.0
 10
-1.0
 20
-0.25881904510252074
  0
LINE
  5
560
330
55C
100
AcDbEntity
  8
0
  6
BYBLOCK
 62
0
100
AcDbLine
 10
0.0
 20
0.0
 30
0.0
 11
-1.0
 21
0.0
 31
0.0
  0
ENDBLK
  5
55E
330
55C
100
AcDbEntity
  8
0
100
AcDbBlockEnd
  0
BLOCK
  5
562
330
561
100
AcDbEntity
  8
0
100
AcDbBlockBegin
  2
_DOTBLANK
 70
0
 10
0.0
 20
0.0
 30
0.0
  3
_DOTBLANK
  1

  0
CIRCLE
  5
564
330
561
100
AcDbEntity
  8
0
  6
BYBLOCK
 62
0
100
AcDbCircle
 10
0.0
 20
0.0
 30
0.0
 40
0.5
  0
LINE
  5
565
330
561
100
AcDbEntity
  8
0
  6
BYBLOCK
 62
0
100
AcDbLine
 10
-0.5
 20
0.0
 30
0.0
 11
-1.0
 21
0.0
 31
0.0
  0
ENDBLK
  5
563
330
561
100
AcDbEntity
  8
0
100
AcDbBlockEnd
  0
ENDSEC
  0
SECTION
  2
ENTITIES
  0
MTEXT
  5
1ED
330
11A
100
AcDbEntity
  8
REGUA120
 62
2
100
AcDbMText
 10
-488.75
 20
787.4194
 30
0.0
 40
38.0
 41
0.0
 71
7
  1
DET. DA BASE DOS PILARES
  0
MTEXT
  5
1EE
330
11A
100
AcDbEntity
  8
REGUA80
 62
4
100
AcDbMText
 10
-488.5035
 20
741.2381
 30
0.0
 40
20.0
 41
0.0
 71
7
  1
ESC.: 1:10
  0
MTEXT
  5
1EF
330
11A
100
AcDbEntity
  8
REGUA120
 62
2
100
AcDbMText
 10
-2443.75
 20
-110.0806
 30
0.0
 40
38.0
 41
0.0
 71
7
  1
CHUMBADOR %%c19 L=600mm
  0
MTEXT
  5
1F0
330
11A
100
AcDbEntity
  8
REGUA80
 62
4
100
AcDbMText
 10
-2443.5035
 20
-156.2619
 30
0.0
 40
20.0
 41
0.0
 71
7
  1
SAE 1020
  0
LWPOLYLINE
  5
1F1
330
11A
100
AcDbEntity
  8
PECA_EQ_14
100
AcDbPolyline
 90
4
 70
1
 10
-1945.475000381
 20
-547.5
 10
-1945.475000381
 20
-1147.5
 10
-1964.524999619
 20
-1147.5
 10
-1964.524999619
 20
-547.5
  0
LINE
  5
1F2
330
11A
100
AcDbEntity
  8
ORGANIZADO_PERFIL
100
AcDbLine
 10
-1959.762499809
 20
-697.5
 30
0.0
 11
-1959.762499809
 21
-547.5
 31
0.0
  0
LINE
  5
1F3
330
11A
100
AcDbEntity
  8
ORGANIZADO_PERFIL
100
AcDbLine
 10
-1950.237500191
 20
-697.5
 30
0.0
 11
-1950.237500191
 21
-547.5
 31
0.0
  0
LINE
  5
1F4
330
11A
100
AcDbEntity
  8
ORGANIZADO_PERFIL
100
AcDbLine
 10
-1964.524999619
 20
-697.5
 30
0.0
 11
-1945.475000381
 21
-697.5
 31
0.0
  0
LINE
  5
1F5
330
11A
100
AcDbEntity
  8
ORGANIZADO_PERFIL
100
AcDbLine
 10
-1959.762499809
 20
-1097.5
 30
0.0
 11
-1959.762499809
 21
-1147.5
 31
0.0
  0
LINE
  5
1F6
330
11A
100
AcDbEntity
  8
ORGANIZADO_PERFIL
100
AcDbLine
 10
-1950.237500191
 20
-1097.5
 30
0.0
 11
-1950.237500191
 21
-1147.5
 31
0.0
  0
LINE
  5
1F7
330
11A
100
AcDbEntity
  8
ORGANIZADO_PERFIL
100
AcDbLine
 10
-1964.524999619
 20
-1097.5
 30
0.0
 11
-1945.475000381
 21
-1097.5
 31
0.0
  0
LWPOLYLINE
  5
1F8
330
11A
100
AcDbEntity
  8
ORGANIZADO_EIXO
100
AcDbPolyline
 90
2
 70
0
 10
-1955.0
 20
-414.150005341
 10
-1955.0
 20
-1204.649997711
  0
ARC
  5
1F9
330
11A
100
AcDbEntity
  8
ORGANIZADO_CHU-CHUMBADOR
  6
CONTINUOUS
100
AcDbCircle
 10
-1950.502081714
 20
-516.877419389
 30
0.0
 40
11.096335013
100
AcDbArc
 50
270.0
 51
293.913168486
  0
ARC
  5
1FA
330
11A
100
AcDbEntity
  8
ORGANIZADO_CHU-CHUMBADOR
  6
CONTINUOUS
100
AcDbCircle
 10
-1950.502081714
 20
-520.9725829
 30
0.0
 40
11.096335013
100
AcDbArc
 50
66.086831514
 51
90.0
  0
LINE
  5
1FB
330
11A
100
AcDbEntity
  8
ORGANIZADO_CHU-CHUMBADOR
100
AcDbLine
 10
-1968.493754857
 20
-527.973754401
 30
0.0
 11
-1941.506245143
 21
-527.973754401
 31
0.0
  0
LINE
  5
1FC
330
11A
100
AcDbEntity
  8
ORGANIZADO_CHU-CHUMBADOR
100
AcDbLine
 10
-1968.493754857
 20
-509.876247887
 30
0.0
 11
-1941.506245143
 21
-509.876247887
 31
0.0
  0
ARC
  5
1FD
330
11A
100
AcDbEntity
  8
ORGANIZADO_CHU-CHUMBADOR
  6
CONTINUOUS
100
AcDbCircle
 10
-1959.497918286
 20
-516.877419389
 30
0.0
 40
11.096335013
100
AcDbArc
 50
246.086831514
 51
270.0
  0
ARC
  5
1FE
330
11A
100
AcDbEntity
  8
ORGANIZADO_CHU-CHUMBADOR
  6
CONTINUOUS
100
AcDbCircle
 10
-1968.493754857
 20
-516.877419389
 30
0.0
 40
11.096335013
100
AcDbArc
 50
246.086831514
 51
293.913168486
  0
LINE
  5
1FF
330
11A
100
AcDbEntity
  8
ORGANIZADO_CHU-CHUMBADOR
100
AcDbLine
 10
-1972.991673143
 20
-527.021254059
 30
0.0
 11
-1972.991673143
 21
-510.82874823
 31
0.0
  0
LINE
  5
200
330
11A
100
AcDbEntity
  8
ORGANIZADO_CHU-CHUMBADOR
100
AcDbLine
 10
-1963.995836571
 20
-527.021254059
 30
0.0
 11
-1963.995836571
 21
-510.82874823
 31
0.0
  0
ARC
  5
201
330
11A
100
AcDbEntity
  8
ORGANIZADO_CHU-CHUMBADOR
  6
CONTINUOUS
100
AcDbCircle
 10
-1968.493754857
 20
-520.9725829
 30
0.0
 40
11.096335013
100
AcDbArc
 50
66.086831514
 51
113.913168486
  0
ARC
  5
202
330
11A
100
AcDbEntity
  8
ORGANIZADO_CHU-CHUMBADOR
  6
CONTINUOUS
100
AcDbCircle
 10
-1959.497918286
 20
-520.9725829
 30
0.0
 40
11.096335013
100
AcDbArc
 50
90.0
 51
113.913168486
  0
ARC
  5
203
330
11A
100
AcDbEntity
  8
ORGANIZADO_CHU-CHUMBADOR
  6
CONTINUOUS
100
AcDbCircle
 10
-1941.506245143
 20
-516.877419389
 30
0.0
 40
11.096335013
100
AcDbArc
 50
246.086831514
 51
293.913168486
  0
LINE
  5
204
330
11A
100
AcDbEntity
  8
ORGANIZADO_CHU-CHUMBADOR
100
AcDbLine
 10
-1946.004163429
 20
-527.021254059
 30
0.0
 11
-1946.004163429
 21
-510.82874823
 31
0.0
  0
LINE
  5
205
330
11A
100
AcDbEntity
  8
ORGANIZADO_CHU-CHUMBADOR
100
AcDbLine
 10
-1937.008326857
 20
-527.021254059
 30
0.0
 11
-1937.008326857
 21
-510.82874823
 31
0.0
  0
ARC
  5
206
330
11A
100
AcDbEntity
  8
ORGANIZADO_CHU-CHUMBADOR
  6
CONTINUOUS
100
AcDbCircle
 10
-1941.506245143
 20
-520.9725829
 30
0.0
 40
11.096335013
100
AcDbArc
 50
66.086831514
 51
113.913168486
  0
LWPOLYLINE
  5
207
330
11A
100
AcDbEntity
  8
PECA_EQ_2
100
AcDbPolyline
 90
4
 70
1
 10
-1976.907499123
 20
-500.827501869
 10
-1933.092500877
 20
-500.827501869
 10
-1933.092500877
 20
-498.922501945
 10
-1976.907499123
 20
-498.922501945
  0
ARC
  5
208
330
11A
100
AcDbEntity
  8
ORGANIZADO_CHU-CHUMBADOR
  6
CONTINUOUS
100
AcDbCircle
 10
-1950.502081714
 20
-478.777420915
 30
0.0
 40
11.096335013
100
AcDbArc
 50
270.0
 51
293.913168486
  0
ARC
  5
209
330
11A
100
AcDbEntity
  8
ORGANIZADO_CHU-CHUMBADOR
  6
CONTINUOUS
100
AcDbCircle
 10
-1950.502081714
 20
-482.872584426
 30
0.0
 40
11.096335013
100
AcDbArc
 50
66.086831514
 51
90.0
  0
LINE
  5
20A
330
11A
100
AcDbEntity
  8
ORGANIZADO_CHU-CHUMBADOR
100
AcDbLine
 10
-1968.493754857
 20
-489.873755927
 30
0.0
 11
-1941.506245143
 21
-489.873755927
 31
0.0
  0
LINE
  5
20B
330
11A
100
AcDbEntity
  8
ORGANIZADO_CHU-CHUMBADOR
100
AcDbLine
 10
-1968.493754857
 20
-471.776249413
 30
0.0
 11
-1941.506245143
 21
-471.776249413
 31
0.0
  0
ARC
  5
20C
330
11A
100
AcDbEntity
  8
ORGANIZADO_CHU-CHUMBADOR
  6
CONTINUOUS
100
AcDbCircle
 10
-1959.497918286
 20
-478.777420915
 30
0.0
 40
11.096335013
100
AcDbArc
 50
246.086831514
 51
270.0
  0
ARC
  5
20D
330
11A
100
AcDbEntity
  8
ORGANIZADO_CHU-CHUMBADOR
  6
CONTINUOUS
100
AcDbCircle
 10
-1968.493754857
 20
-478.777420915
 30
0.0
 40
11.096335013
100
AcDbArc
 50
246.086831514
 51
293.913168486
  0
LINE
  5
20E
330
11A
100
AcDbEntity
  8
ORGANIZADO_CHU-CHUMBADOR
100
AcDbLine
 10
-1972.991673143
 20
-488.921255585
 30
0.0
 11
-1972.991673143
 21
-472.728749756
 31
0.0
  0
LINE
  5
20F
330
11A
100
AcDbEntity
  8
ORGANIZADO_CHU-CHUMBADOR
100
AcDbLine
 10
-1963.995836571
 20
-488.921255585
 30
0.0
 11
-1963.995836571
 21
-472.728749756
 31
0.0
  0
ARC
  5
210
330
11A
100
AcDbEntity
  8
ORGANIZADO_CHU-CHUMBADOR
  6
CONTINUOUS
100
AcDbCircle
 10
-1968.493754857
 20
-482.872584426
 30
0.0
 40
11.096335013
100
AcDbArc
 50
66.086831514
 51
113.913168486
  0
ARC
  5
211
330
11A
100
AcDbEntity
  8
ORGANIZADO_CHU-CHUMBADOR
  6
CONTINUOUS
100
AcDbCircle
 10
-1959.497918286
 20
-482.872584426
 30
0.0
 40
11.096335013
100
AcDbArc
 50
90.0
 51
113.913168486
  0
ARC
  5
212
330
11A
100
AcDbEntity
  8
ORGANIZADO_CHU-CHUMBADOR
  6
CONTINUOUS
100
AcDbCircle
 10
-1941.506245143
 20
-478.777420915
 30
0.0
 40
11.096335013
100
AcDbArc
 50
246.086831514
 51
293.913168486
  0
LINE
  5
213
330
11A
100
AcDbEntity
  8
ORGANIZADO_CHU-CHUMBADOR
100
AcDbLine
 10
-1946.004163429
 20
-488.921255585
 30
0.0
 11
-1946.004163429
 21
-472.728749756
 31
0.0
  0
LINE
  5
214
330
11A
100
AcDbEntity
  8
ORGANIZADO_CHU-CHUMBADOR
100
AcDbLine
 10
-1937.008326857
 20
-488.921255585
 30
0.0
 11
-1937.008326857
 21
-472.728749756
 31
0.0
  0
ARC
  5
215
330
11A
100
AcDbEntity
  8
ORGANIZADO_CHU-CHUMBADOR
  6
CONTINUOUS
100
AcDbCircle
 10
-1941.506245143
 20
-482.872584426
 30
0.0
 40
11.096335013
100
AcDbArc
 50
66.086831514
 51
113.913168486
  0
ARC
  5
216
330
11A
100
AcDbEntity
  8
ORGANIZADO_CHU-CHUMBADOR
  6
CONTINUOUS
100
AcDbCircle
 10
-1950.502081714
 20
-440.677422441
 30
0.0
 40
11.096335013
100
AcDbArc
 50
270.0
 51
293.913168486
  0
ARC
  5
217
330
11A
100
AcDbEntity
  8
ORGANIZADO_CHU-CHUMBADOR
  6
CONTINUOUS
100
AcDbCircle
 10
-1950.502081714
 20
-444.772585952
 30
0.0
 40
11.096335013
100
AcDbArc
 50
66.086831514
 51
90.0
  0
LINE
  5
218
330
11A
100
AcDbEntity
  8
ORGANIZADO_CHU-CHUMBADOR
100
AcDbLine
 10
-1968.493754857
 20
-451.773757453
 30
0.0
 11
-1941.506245143
 21
-451.773757453
 31
0.0
  0
LINE
  5
219
330
11A
100
AcDbEntity
  8
ORGANIZADO_CHU-CHUMBADOR
100
AcDbLine
 10
-1968.493754857
 20
-433.676250939
 30
0.0
 11
-1941.506245143
 21
-433.676250939
 31
0.0
  0
ARC
  5
21A
330
11A
100
AcDbEntity
  8
ORGANIZADO_CHU-CHUMBADOR
  6
CONTINUOUS
100
AcDbCircle
 10
-1959.497918286
 20
-440.677422441
 30
0.0
 40
11.096335013
100
AcDbArc
 50
246.086831514
 51
270.0
  0
ARC
  5
21B
330
11A
100
AcDbEntity
  8
ORGANIZADO_CHU-CHUMBADOR
  6
CONTINUOUS
100
AcDbCircle
 10
-1968.493754857
 20
-440.677422441
 30
0.0
 40
11.096335013
100
AcDbArc
 50
246.086831514
 51
293.913168486
  0
LINE
  5
21C
330
11A
100
AcDbEntity
  8
ORGANIZADO_CHU-CHUMBADOR
100
AcDbLine
 10
-1972.991673143
 20
-450.82125711
 30
0.0
 11
-1972.991673143
 21
-434.628751282
 31
0.0
  0
LINE
  5
21D
330
11A
100
AcDbEntity
  8
ORGANIZADO_CHU-CHUMBADOR
100
AcDbLine
 10
-1963.995836571
 20
-450.82125711
 30
0.0
 11
-1963.995836571
 21
-434.628751282
 31
0.0
  0
ARC
  5
21E
330
11A
100
AcDbEntity
  8
ORGANIZADO_CHU-CHUMBADOR
  6
CONTINUOUS
100
AcDbCircle
 10
-1968.493754857
 20
-444.772585952
 30
0.0
 40
11.096335013
100
AcDbArc
 50
66.086831514
 51
113.913168486
  0
ARC
  5
21F
330
11A
100
AcDbEntity
  8
ORGANIZADO_CHU-CHUMBADOR
  6
CONTINUOUS
100
AcDbCircle
 10
-1959.497918286
 20
-444.772585952
 30
0.0
 40
11.096335013
100
AcDbArc
 50
90.0
 51
113.913168486
  0
ARC
  5
220
330
11A
100
AcDbEntity
  8
ORGANIZADO_CHU-CHUMBADOR
  6
CONTINUOUS
100
AcDbCircle
 10
-1941.506245143
 20
-440.677422441
 30
0.0
 40
11.096335013
100
AcDbArc
 50
246.086831514
 51
293.913168486
  0
LINE
  5
221
330
11A
100
AcDbEntity
  8
ORGANIZADO_CHU-CHUMBADOR
100
AcDbLine
 10
-1946.004163429
 20
-450.82125711
 30
0.0
 11
-1946.004163429
 21
-434.628751282
 31
0.0
  0
LINE
  5
222
330
11A
100
AcDbEntity
  8
ORGANIZADO_CHU-CHUMBADOR
100
AcDbLine
 10
-1937.008326857
 20
-450.82125711
 30
0.0
 11
-1937.008326857
 21
-434.628751282
 31
0.0
  0
ARC
  5
223
330
11A
100
AcDbEntity
  8
ORGANIZADO_CHU-CHUMBADOR
  6
CONTINUOUS
100
AcDbCircle
 10
-1941.506245143
 20
-444.772585952
 30
0.0
 40
11.096335013
100
AcDbArc
 50
66.086831514
 51
113.913168486
  0
LINE
  5
224
330
11A
100
AcDbEntity
  8
Linhas de chamadas
100
AcDbLine
 10
-2092.159994507
 20
-717.5
 30
0.0
 11
-1817.840005493
 21
-717.5
 31
0.0
  0
HATCH
  5
225
330
11A
100
AcDbEntity
  8
LAYER0_HACHURAS
100
AcDbHatch
 10
0.0
 20
0.0
 30
0.0
210
0.0
220
0.0
230
1.0
  2
ANSI31
 70
0
 71
0
 91
1
 92
1
 93
4
 72
1
 10
-2092.159994507
 20
-717.5
 11
-2092.159994507
 21
-732.5
 72
1
 10
-2092.159994507
 20
-732.5
 11
-1967.024999619
 21
-732.5
 72
1
 10
-1967.024999619
 20
-732.5
 11
-1967.024999619
 21
-717.5
 72
1
 10
-1967.024999619
 20
-717.5
 11
-2092.159994507
 21
-717.5
 97
0
 75
0
 76
1
 52
0.0
 41
1.0
 77
0
 78
1
 53
45.0
 43
0.0
 44
0.0
 45
-2.24506403
 46
2.24506403
 79
0
 98
1
 10
0.0
 20
0.0
  0
HATCH
  5
226
330
11A
100
AcDbEntity
  8
LAYER0_HACHURAS
100
AcDbHatch
 10
0.0
 20
0.0
 30
0.0
210
0.0
220
0.0
230
1.0
  2
ANSI31
 70
0
 71
0
 91
1
 92
1
 93
4
 72
1
 10
-1817.840005493
 20
-717.5
 11
-1817.840005493
 21
-732.5
 72
1
 10
-1817.840005493
 20
-732.5
 11
-1942.975000381
 21
-732.5
 72
1
 10
-1942.975000381
 20
-732.5
 11
-1942.975000381
 21
-717.5
 72
1
 10
-1942.975000381
 20
-717.5
 11
-1817.840005493
 21
-717.5
 97
0
 75
0
 76
1
 52
0.0
 41
1.0
 77
0
 78
1
 53
45.0
 43
0.0
 44
0.0
 45
-2.24506403
 46
2.24506403
 79
0
 98
1
 10
0.0
 20
0.0
  0
TRACE
  5
227
330
11A
100
AcDbEntity
  8
Linhas de chamadas
100
AcDbTrace
 10
-1836.89000473
 20
-717.5
 30
0.0
 11
-1841.056671397
 21
-692.5
 31
0.0
 12
-1832.723338064
 22
-692.5
 32
0.0
 13
-1832.723338064
 23
-692.5
 33
0.0
  0
MTEXT
  5
228
330
11A
100
AcDbEntity
  8
LAYER0_TEXTOS
 62
4
100
AcDbMText
 10
-1816.89000473
 20
-595.0
 30
0.0
 40
25.0
 41
0.0
 71
7
  1
TOPO DO CONCRETO BRUTO
  0
LWPOLYLINE
  5
229
330
11A
100
AcDbEntity
  8
Linhas de chamadas
100
AcDbPolyline
 90
3
 70
0
 10
-1836.89000473
 20
-692.5
 10
-1836.89000473
 20
-607.5
 10
-1745.390665627
 20
-607.5
  0
DIMENSION
  5
235
330
11A
100
AcDbEntity
  8
Linhas de chamadas
100
AcDbDimension
  2
*D0
  3
ISO-25
 10
-2211.684994125
 20
-697.5
 30
0.0
 11
-2211.684994125
 21
-922.5
 31
0.0
 70
160
 71
5
 42
450.0
  1
450
100
AcDbAlignedDimension
 13
-1964.524999619
 23
-1147.5
 33
0.0
 14
-1964.524999619
 24
-697.5
 34
0.0
 50
90.0
100
AcDbRotatedDimension
1001
ACAD
1000
DSTYLE
1002
{
1070
41
1040
20.0
1070
147
1040
10.0
1070
140
1040
20.0
1002
}
  0
DIMENSION
  5
241
330
11A
100
AcDbEntity
  8
Linhas de chamadas
100
AcDbDimension
  2
*D1
  3
ISO-25
 10
-2211.684994125
 20
-547.5
 30
0.0
 11
-2211.684994125
 21
-622.5
 31
0.0
 70
160
 71
5
 42
150.0
  1
150
100
AcDbAlignedDimension
 13
-1964.524999619
 23
-697.5
 33
0.0
 14
-1964.524999619
 24
-547.5
 34
0.0
 50
90.0
100
AcDbRotatedDimension
1001
ACAD
1000
DSTYLE
1002
{
1070
41
1040
20.0
1070
147
1040
10.0
1070
140
1040
20.0
1002
}
  0
DIMENSION
  5
24D
330
11A
100
AcDbEntity
  8
Linhas de chamadas
100
AcDbDimension
  2
*D2
  3
ISO-25
 10
-2281.684994125
 20
-547.5
 30
0.0
 11
-2281.684994125
 21
-847.5
 31
0.0
 70
160
 71
5
 42
600.0
  1
600
100
AcDbAlignedDimension
 13
-1964.524999619
 23
-1147.5
 33
0.0
 14
-1964.524999619
 24
-547.5
 34
0.0
 50
90.0
100
AcDbRotatedDimension
1001
ACAD
1000
DSTYLE
1002
{
1070
41
1040
20.0
1070
147
1040
10.0
1070
140
1040
20.0
1002
}
  0
ARC
  5
24E
330
11A
100
AcDbEntity
  8
ORGANIZADO_CHU-CHUMBADOR
  6
CONTINUOUS
100
AcDbCircle
 10
-1950.502081714
 20
-1174.0274171
 30
0.0
 40
11.096335013
100
AcDbArc
 50
270.0
 51
293.913168486
  0
ARC
  5
24F
330
11A
100
AcDbEntity
  8
ORGANIZADO_CHU-CHUMBADOR
  6
CONTINUOUS
100
AcDbCircle
 10
-1950.502081714
 20
-1178.122580611
 30
0.0
 40
11.096335013
100
AcDbArc
 50
66.086831514
 51
90.0
  0
LINE
  5
250
330
11A
100
AcDbEntity
  8
ORGANIZADO_CHU-CHUMBADOR
100
AcDbLine
 10
-1968.493754857
 20
-1185.123752113
 30
0.0
 11
-1941.506245143
 21
-1185.123752113
 31
0.0
  0
LINE
  5
251
330
11A
100
AcDbEntity
  8
ORGANIZADO_CHU-CHUMBADOR
100
AcDbLine
 10
-1968.493754857
 20
-1167.026245598
 30
0.0
 11
-1941.506245143
 21
-1167.026245598
 31
0.0
  0
ARC
  5
252
330
11A
100
AcDbEntity
  8
ORGANIZADO_CHU-CHUMBADOR
  6
CONTINUOUS
100
AcDbCircle
 10
-1959.497918286
 20
-1174.0274171
 30
0.0
 40
11.096335013
100
AcDbArc
 50
246.086831514
 51
270.0
  0
ARC
  5
253
330
11A
100
AcDbEntity
  8
ORGANIZADO_CHU-CHUMBADOR
  6
CONTINUOUS
100
AcDbCircle
 10
-1968.493754857
 20
-1174.0274171
 30
0.0
 40
11.096335013
100
AcDbArc
 50
246.086831514
 51
293.913168486
  0
LINE
  5
254
330
11A
100
AcDbEntity
  8
ORGANIZADO_CHU-CHUMBADOR
100
AcDbLine
 10
-1972.991673143
 20
-1184.17125177
 30
0.0
 11
-1972.991673143
 21
-1167.978745941
 31
0.0
  0
LINE
  5
255
330
11A
100
AcDbEntity
  8
ORGANIZADO_CHU-CHUMBADOR
100
AcDbLine
 10
-1963.995836571
 20
-1184.17125177
 30
0.0
 11
-1963.995836571
 21
-1167.978745941
 31
0.0
  0
ARC
  5
256
330
11A
100
AcDbEntity
  8
ORGANIZADO_CHU-CHUMBADOR
  6
CONTINUOUS
100
AcDbCircle
 10
-1968.493754857
 20
-1178.122580611
 30
0.0
 40
11.096335013
100
AcDbArc
 50
66.086831514
 51
113.913168486
  0
ARC
  5
257
330
11A
100
AcDbEntity
  8
ORGANIZADO_CHU-CHUMBADOR
  6
CONTINUOUS
100
AcDbCircle
 10
-1959.497918286
 20
-1178.122580611
 30
0.0
 40
11.096335013
100
AcDbArc
 50
90.0
 51
113.913168486
  0
ARC
  5
258
330
11A
100
AcDbEntity
  8
ORGANIZADO_CHU-CHUMBADOR
  6
CONTINUOUS
100
AcDbCircle
 10
-1941.506245143
 20
-1174.0274171
 30
0.0
 40
11.096335013
100
AcDbArc
 50
246.086831514
 51
293.913168486
  0
LINE
  5
259
330
11A
100
AcDbEntity
  8
ORGANIZADO_CHU-CHUMBADOR
100
AcDbLine
 10
-1946.004163429
 20
-1184.17125177
 30
0.0
 11
-1946.004163429
 21
-1167.978745941
 31
0.0
  0
LINE
  5
25A
330
11A
100
AcDbEntity
  8
ORGANIZADO_CHU-CHUMBADOR
100
AcDbLine
 10
-1937.008326857
 20
-1184.17125177
 30
0.0
 11
-1937.008326857
 21
-1167.978745941
 31
0.0
  0
ARC
  5
25B
330
11A
100
AcDbEntity
  8
ORGANIZADO_CHU-CHUMBADOR
  6
CONTINUOUS
100
AcDbCircle
 10
-1941.506245143
 20
-1178.122580611
 30
0.0
 40
11.096335013
100
AcDbArc
 50
66.086831514
 51
113.913168486
  0
TRACE
  5
25C
330
11A
100
AcDbEntity
  8
Linhas de chamadas
100
AcDbTrace
 10
-1937.008326857
 20
-1176.074998856
 30
0.0
 11
-1922.276935583
 21
-1155.451051071
 31
0.0
 12
-1916.384379073
 22
-1161.343607581
 32
0.0
 13
-1916.384379073
 23
-1161.343607581
 33
0.0
  0
MTEXT
  5
25D
330
11A
100
AcDbEntity
  8
LAYER0_TEXTOS
 62
4
100
AcDbMText
 10
-1827.008326857
 20
-1066.074998856
 30
0.0
 40
25.0
 41
0.0
 71
4
  1
PORCA\P%%c19
  0
LWPOLYLINE
  5
25E
330
11A
100
AcDbEntity
  8
Linhas de chamadas
100
AcDbPolyline
 90
3
 70
0
 10
-1919.330657328
 20
-1158.397329326
 10
-1827.008326857
 20
-1066.074998856
 10
-1748.258477061
 20
-1066.074998856
  0
TRACE
  5
25F
330
11A
100
AcDbEntity
  8
Linhas de chamadas
100
AcDbTrace
 10
-1964.524999619
 20
-922.5
 30
0.0
 11
-1989.524999619
 21
-926.666666667
 31
0.0
 12
-1989.524999619
 22
-918.333333333
 32
0.0
 13
-1989.524999619
 23
-918.333333333
 33
0.0
  0
MTEXT
  5
260
330
11A
100
AcDbEntity
  8
LAYER0_TEXTOS
 62
4
100
AcDbMText
 10
-2124.524999619
 20
-910.0
 30
0.0
 40
25.0
 41
0.0
 71
9
  1
%%c19
  0
LWPOLYLINE
  5
261
330
11A
100
AcDbEntity
  8
Linhas de chamadas
100
AcDbPolyline
 90
3
 70
0
 10
-1989.524999619
 20
-922.5
 10
-2034.524999619
 20
-922.5
 10
-2111.524919525
 20
-922.5
  0
TRACE
  5
262
330
11A
100
AcDbEntity
  8
Linhas de chamadas
100
AcDbTrace
 10
-1937.008326857
 20
-518.925001144
 30
0.0
 11
-1922.276935583
 21
-498.30105336
 31
0.0
 12
-1916.384379073
 22
-504.19360987
 32
0.0
 13
-1916.384379073
 23
-504.19360987
 33
0.0
  0
MTEXT
  5
263
330
11A
100
AcDbEntity
  8
LAYER0_TEXTOS
 62
4
100
AcDbMText
 10
-1827.008326857
 20
-408.925001144
 30
0.0
 40
25.0
 41
0.0
 71
4
  1
PORCA E CONTRA-PORCA\P%%c19
  0
LWPOLYLINE
  5
264
330
11A
100
AcDbEntity
  8
Linhas de chamadas
100
AcDbPolyline
 90
3
 70
0
 10
-1919.330657328
 20
-501.247331615
 10
-1827.008326857
 20
-408.925001144
 10
-1737.008927672
 20
-408.925001144
  0
TRACE
  5
265
330
11A
100
AcDbEntity
  8
Linhas de chamadas
100
AcDbTrace
 10
-1937.008326857
 20
-480.82500267
 30
0.0
 11
-1918.361769183
 21
-463.659135433
 31
0.0
 12
-1913.802382926
 22
-470.634552368
 32
0.0
 13
-1913.802382926
 23
-470.634552368
 33
0.0
  0
LWPOLYLINE
  5
266
330
11A
100
AcDbEntity
  8
Linhas de chamadas
100
AcDbPolyline
 90
2
 70
0
 10
-1916.082076054
 20
-467.146843901
 10
-1827.008326857
 20
-408.925001144
  0
TRACE
  5
267
330
11A
100
AcDbEntity
  8
Linhas de chamadas
100
AcDbTrace
 10
-1937.008326857
 20
-442.725004196
 30
0.0
 11
-1914.334866333
 21
-431.399135621
 31
0.0
 12
-1911.887204121
 22
-439.364899498
 32
0.0
 13
-1911.887204121
 23
-439.364899498
 33
0.0
  0
LWPOLYLINE
  5
268
330
11A
100
AcDbEntity
  8
Linhas de chamadas
100
AcDbPolyline
 90
2
 70
0
 10
-1913.111035227
 20
-435.38201756
 10
-1827.008326857
 20
-408.925001144
  0
TRACE
  5
269
330
11A
100
AcDbEntity
  8
Linhas de chamadas
100
AcDbTrace
 10
-1976.907499123
 20
-499.875001907
 30
0.0
 11
-1997.531446907
 21
-485.143610633
 31
0.0
 12
-1991.638890397
 22
-479.251054123
 32
0.0
 13
-1991.638890397
 23
-479.251054123
 33
0.0
  0
MTEXT
  5
26A
330
11A
100
AcDbEntity
  8
LAYER0_TEXTOS
 62
4
100
AcDbMText
 10
-2176.907499123
 20
-377.375001907
 30
0.0
 40
25.0
 41
0.0
 71
9
  1
ARRUELA %%c19
  0
LWPOLYLINE
  5
26B
330
11A
100
AcDbEntity
  8
Linhas de chamadas
100
AcDbPolyline
 90
3
 70
0
 10
-1994.585168652
 20
-482.197332378
 10
-2086.907499123
 20
-389.875001907
 10
-2169.907178703
 20
-389.875001907
  0
LINE
  5
26C
330
11A
100
AcDbEntity
  8
ORGANIZADO_PERFIL
100
AcDbLine
 10
-100.0
 20
7.940000057
 30
0.0
 11
-100.0
 21
450.0
 31
0.0
  0
LINE
  5
26D
330
11A
100
AcDbEntity
  8
ORGANIZADO_PERFIL
100
AcDbLine
 10
100.0
 20
7.940000057
 30
0.0
 11
100.0
 21
450.0
 31
0.0
  0
LINE
  5
26E
330
11A
100
AcDbEntity
  8
L-HIDDEN
100
AcDbLine
 10
-97.0
 20
7.940000057
 30
0.0
 11
-97.0
 21
450.0
 31
0.0
  0
LINE
  5
26F
330
11A
100
AcDbEntity
  8
L-HIDDEN
100
AcDbLine
 10
97.0
 20
7.940000057
 30
0.0
 11
97.0
 21
450.0
 31
0.0
  0
LINE
  5
270
330
11A
100
AcDbEntity
  8
L-HIDDEN
100
AcDbLine
 10
-75.0
 20
7.940000057
 30
0.0
 11
-75.0
 21
450.0
 31
0.0
  0
LINE
  5
271
330
11A
100
AcDbEntity
  8
L-HIDDEN
100
AcDbLine
 10
75.0
 20
7.940000057
 30
0.0
 11
75.0
 21
450.0
 31
0.0
  0
LWPOLYLINE
  5
272
330
11A
100
AcDbEntity
  8
ORGANIZADO_EIXO
100
AcDbPolyline
 90
6
 70
0
 10
-112.0
 20
450.0
 10
-20.0
 20
450.0
 10
-4.0
 20
480.0
 10
4.0
 20
420.0
 10
20.0
 20
450.0
 10
112.0
 20
450.0
  0
LWPOLYLINE
  5
273
330
11A
100
AcDbEntity
  8
PECA_EQ_11
100
AcDbPolyline
 90
4
 70
1
 10
-180.0
 20
-7.940000057
 10
180.0
 20
-7.940000057
 10
180.0
 20
7.940000057
 10
-180.0
 20
7.940000057
  0
LWPOLYLINE
  5
274
330
11A
100
AcDbEntity
  8
PECA_EQ_15
100
AcDbPolyline
 90
6
 70
1
 10
180.0
 20
7.940000057
 10
180.0
 20
22.940000534
 10
115.0
 20
107.940002441
 10
-115.0
 20
107.940002441
 10
-180.0
 20
22.940000534
 10
-180.0
 20
7.940000057
  0
LWPOLYLINE
  5
275
330
11A
100
AcDbEntity
  8
PECA_EQ_6
100
AcDbPolyline
 90
4
 70
1
 10
93.649993896
 20
7.940000057
 10
100.0
 20
7.940000057
 10
100.0
 20
107.940002441
 10
93.649993896
 20
107.940002441
  0
LWPOLYLINE
  5
276
330
11A
100
AcDbEntity
  8
PECA_EQ_6
100
AcDbPolyline
 90
4
 70
1
 10
-100.0
 20
7.940000057
 10
-93.649993896
 20
7.940000057
 10
-93.649993896
 20
107.940002441
 10
-100.0
 20
107.940002441
  0
TRACE
  5
277
330
11A
100
AcDbEntity
  8
Linhas de chamadas
 62
255
100
AcDbTrace
 10
129.475006104
 20
-7.940000057
 30
0.0
 11
150.524993896
 21
-7.940000057
 31
0.0
 12
129.475006104
 22
7.940000057
 32
0.0
 13
150.524993896
 23
7.940000057
 33
0.0
  0
LWPOLYLINE
  5
278
330
11A
100
AcDbEntity
  8
PECA_EQ_4
100
AcDbPolyline
 90
4
 70
1
 10
129.475006104
 20
-7.940000057
 10
150.524993896
 20
-7.940000057
 10
150.524993896
 20
7.940000057
 10
129.475006104
 20
7.940000057
  0
LINE
  5
279
330
11A
100
AcDbEntity
  8
ORGANIZADO_EIXO
100
AcDbLine
 10
140.0
 20
-23.819999695
 30
0.0
 11
140.0
 21
23.819999695
 31
0.0
  0
TRACE
  5
27A
330
11A
100
AcDbEntity
  8
Linhas de chamadas
 62
255
100
AcDbTrace
 10
-150.524993896
 20
-7.940000057
 30
0.0
 11
-129.475006104
 21
-7.940000057
 31
0.0
 12
-150.524993896
 22
7.940000057
 32
0.0
 13
-129.475006104
 23
7.940000057
 33
0.0
  0
LWPOLYLINE
  5
27B
330
11A
100
AcDbEntity
  8
PECA_EQ_4
100
AcDbPolyline
 90
4
 70
1
 10
-150.524993896
 20
-7.940000057
 10
-129.475006104
 20
-7.940000057
 10
-129.475006104
 20
7.940000057
 10
-150.524993896
 20
7.940000057
  0
LINE
  5
27C
330
11A
100
AcDbEntity
  8
ORGANIZADO_EIXO
100
AcDbLine
 10
-140.0
 20
-23.819999695
 30
0.0
 11
-140.0
 21
23.819999695
 31
0.0
  0
TRACE
  5
27D
330
11A
100
AcDbEntity
  8
Linhas de chamadas
 62
255
100
AcDbTrace
 10
129.475006104
 20
-7.940000057
 30
0.0
 11
150.524993896
 21
-7.940000057
 31
0.0
 12
129.475006104
 22
7.940000057
 32
0.0
 13
150.524993896
 23
7.940000057
 33
0.0
  0
LWPOLYLINE
  5
27E
330
11A
100
AcDbEntity
  8
PECA_EQ_4
100
AcDbPolyline
 90
4
 70
1
 10
129.475006104
 20
-7.940000057
 10
150.524993896
 20
-7.940000057
 10
150.524993896
 20
7.940000057
 10
129.475006104
 20
7.940000057
  0
LINE
  5
27F
330
11A
100
AcDbEntity
  8
ORGANIZADO_EIXO
100
AcDbLine
 10
140.0
 20
-23.819999695
 30
0.0
 11
140.0
 21
23.819999695
 31
0.0
  0
TRACE
  5
280
330
11A
100
AcDbEntity
  8
Linhas de chamadas
 62
255
100
AcDbTrace
 10
-150.524993896
 20
-7.940000057
 30
0.0
 11
-129.475006104
 21
-7.940000057
 31
0.0
 12
-150.524993896
 22
7.940000057
 32
0.0
 13
-129.475006104
 23
7.940000057
 33
0.0
  0
LWPOLYLINE
  5
281
330
11A
100
AcDbEntity
  8
PECA_EQ_4
100
AcDbPolyline
 90
4
 70
1
 10
-150.524993896
 20
-7.940000057
 10
-129.475006104
 20
-7.940000057
 10
-129.475006104
 20
7.940000057
 10
-150.524993896
 20
7.940000057
  0
LINE
  5
282
330
11A
100
AcDbEntity
  8
ORGANIZADO_EIXO
100
AcDbLine
 10
-140.0
 20
-23.819999695
 30
0.0
 11
-140.0
 21
23.819999695
 31
0.0
  0
LINE
  5
283
330
11A
100
AcDbEntity
  8
Linhas de chamadas
 62
4
100
AcDbLine
 10
-180.0
 20
-7.940000057
 30
0.0
 11
-210.0
 21
-37.940000057
 31
0.0
  0
LINE
  5
284
330
11A
100
AcDbEntity
  8
Linhas de chamadas
 62
4
100
AcDbLine
 10
180.0
 20
-7.940000057
 30
0.0
 11
210.0
 21
-37.940000057
 31
0.0
  0
TRACE
  5
285
330
11A
100
AcDbEntity
  8
Linhas de chamadas
100
AcDbTrace
 10
-340.0
 20
-37.940000057
 30
0.0
 11
-344.166666667
 21
-12.940000057
 31
0.0
 12
-335.833333333
 22
-12.940000057
 32
0.0
 13
-335.833333333
 23
-12.940000057
 33
0.0
  0
MTEXT
  5
286
330
11A
100
AcDbEntity
  8
LAYER0_TEXTOS
 62
4
100
AcDbMText
 10
-430.0
 20
112.059999943
 30
0.0
 40
25.0
 41
0.0
 71
6
  1
TOPO DO \PCONCRETO
  0
LWPOLYLINE
  5
287
330
11A
100
AcDbEntity
  8
Linhas de chamadas
100
AcDbPolyline
 90
3
 70
0
 10
-340.0
 20
-12.940000057
 10
-340.0
 20
112.059999943
 10
-420.999759674
 20
112.059999943
  0
LINE
  5
288
330
11A
100
AcDbEntity
  8
Linhas de chamadas
100
AcDbLine
 10
-360.0
 20
-37.940000057
 30
0.0
 11
330.0
 21
-37.940000057
 31
0.0
  0
DIMENSION
  5
295
330
11A
100
AcDbEntity
  8
Linhas de chamadas
100
AcDbDimension
  2
*D3
  3
ISO-25
 10
-100.0
 20
340.0
 30
0.0
 11
0.0
 21
340.0
 31
0.0
 70
32
 71
5
  1
200
100
AcDbAlignedDimension
 13
100.0
 23
315.0
 33
0.0
 14
-100.0
 24
315.0
 34
0.0
 50
0.0
100
AcDbRotatedDimension
1001
ACAD
1000
DSTYLE
1002
{
1070
41
1040
20.0
1070
147
1040
10.0
1070
140
1040
20.0
1002
}
  0
TRACE
  5
296
330
11A
100
AcDbEntity
  8
Linhas de chamadas
100
AcDbTrace
 10
100.0
 20
270.0
 30
0.0
 11
125.0
 21
274.166666667
 31
0.0
 12
125.0
 22
265.833333333
 32
0.0
 13
125.0
 23
265.833333333
 33
0.0
  0
LWPOLYLINE
  5
297
330
11A
100
AcDbEntity
  8
Linhas de chamadas
100
AcDbPolyline
 90
2
 70
0
 10
125.0
 20
270.0
 10
170.0
 20
270.0
  0
TEXT
  5
298
330
11A
100
AcDbEntity
  8
REGUA140
  6
CONTINUOUS
 62
2
100
AcDbText
 10
170.0
 20
276.7856
 30
0.0
 40
23.0
  1
PILAR
  7
STANDARD
 41
0.8
100
AcDbText
  0
MTEXT
  5
299
330
11A
100
AcDbEntity
  8
REGUA80
100
AcDbMText
 10
170.0
 20
239.8406
 30
0.0
 40
20.3
 41
0.0
 71
7
  1
CA 200 x 75 x 25 x 3
  0
MTEXT
  5
29A
330
11A
100
AcDbEntity
  8
REGUA80
100
AcDbMText
 10
170.0
 20
206.9499
 30
0.0
 40
20.3
 41
0.0
 71
7
  1
ASTM A36
  0
DIMENSION
  5
2A6
330
11A
100
AcDbEntity
  8
Linhas de chamadas
100
AcDbDimension
  2
*D4
  3
ISO-25
 10
-290.0
 20
-7.940000057
 30
0.0
 11
-290.0
 21
-22.940000057
 31
0.0
 70
160
 71
5
 42
30.0
  1
30
100
AcDbAlignedDimension
 13
-180.0
 23
-37.940000057
 33
0.0
 14
-180.0
 24
-7.940000057
 34
0.0
 50
90.0
100
AcDbRotatedDimension
1001
ACAD
1000
DSTYLE
1002
{
1070
41
1040
20.0
1070
147
1040
10.0
1070
140
1040
20.0
1002
}
  0
DIMENSION
  5
2B2
330
11A
100
AcDbEntity
  8
Linhas de chamadas
100
AcDbDimension
  2
*D5
  3
ISO-25
 10
-290.0
 20
7.940000057
 30
0.0
 11
-290.0
 21
0.0
 31
0.0
 70
160
 71
5
 42
15.880000114
  1
16
100
AcDbAlignedDimension
 13
-180.0
 23
-7.940000057
 33
0.0
 14
-180.0
 24
7.940000057
 34
0.0
 50
90.0
100
AcDbRotatedDimension
1001
ACAD
1000
DSTYLE
1002
{
1070
41
1040
20.0
1070
147
1040
10.0
1070
140
1040
20.0
1002
}
  0
DIMENSION
  5
2BE
330
11A
100
AcDbEntity
  8
Linhas de chamadas
100
AcDbDimension
  2
*D6
  3
ISO-25
 10
-290.0
 20
107.940000057
 30
0.0
 11
-290.0
 21
57.940000057
 31
0.0
 70
160
 71
5
 42
100.0
  1
100
100
AcDbAlignedDimension
 13
-180.0
 23
7.940000057
 33
0.0
 14
-115.0
 24
107.940000057
 34
0.0
 50
90.0
100
AcDbRotatedDimension
1001
ACAD
1000
DSTYLE
1002
{
1070
41
1040
20.0
1070
147
1040
10.0
1070
140
1040
20.0
1002
}
  0
TRACE
  5
2BF
330
11A
100
AcDbEntity
  8
Linhas de chamadas
 62
255
100
AcDbTrace
 10
-40.0
 20
7.940000057
 30
0.0
 11
-56.237562368
 21
27.400284728
 31
0.0
 12
-49.048412617
 22
31.614613892
 32
0.0
 13
-49.048412617
 23
31.614613892
 33
0.0
  0
LWPOLYLINE
  5
2C0
330
11A
100
AcDbEntity
  8
Linhas de chamadas
 62
255
100
AcDbPolyline
 90
2
 70
0
 10
-52.642987493
 20
29.50744931
 10
-210.0
 20
297.940000057
  0
MTEXT
  5
2C1
330
11A
100
AcDbEntity
  8
DIM-1
100
AcDbMText
 10
-343.0
 20
297.940000057
 30
0.0
 40
15.0
 41
0.0
 71
5
  1
TIP
  0
LINE
  5
2C2
330
11A
100
AcDbEntity
  8
ORGANIZADO_G-SIMBOLO
100
AcDbLine
 10
-210.0
 20
297.940000057
 30
0.0
 11
-310.0
 21
297.940000057
 31
0.0
  0
LINE
  5
2C3
330
11A
100
AcDbEntity
  8
ORGANIZADO_G-SIMBOLO
100
AcDbLine
 10
-310.0
 20
297.940000057
 30
0.0
 11
-324.1421
 21
312.082100057
 31
0.0
  0
LINE
  5
2C4
330
11A
100
AcDbEntity
  8
ORGANIZADO_G-SIMBOLO
100
AcDbLine
 10
-310.0
 20
297.940000057
 30
0.0
 11
-324.1421
 21
283.797900057
 31
0.0
  0
LINE
  5
2C5
330
11A
100
AcDbEntity
  8
ORGANIZADO_G-SIMBOLO
100
AcDbLine
 10
-257.3501
 20
319.714700057
 30
0.0
 11
-257.3501
 21
276.165300057
 31
0.0
  0
LINE
  5
2C6
330
11A
100
AcDbEntity
  8
ORGANIZADO_G-SIMBOLO
100
AcDbLine
 10
-257.3501
 20
276.165300057
 30
0.0
 11
-232.071
 21
297.940000057
 31
0.0
  0
LINE
  5
2C7
330
11A
100
AcDbEntity
  8
ORGANIZADO_G-SIMBOLO
100
AcDbLine
 10
-257.3501
 20
319.714700057
 30
0.0
 11
-232.071
 21
297.940000057
 31
0.0
  0
MTEXT
  5
2C8
330
11A
100
AcDbEntity
  8
DIM-1
100
AcDbMText
 10
-274.1717
 20
282.877400057
 30
0.0
 40
15.0
 41
0.0
 71
5
  1
5
  0
TRACE
  5
2C9
330
11A
100
AcDbEntity
  8
Linhas de chamadas
100
AcDbTrace
 10
147.5
 20
65.440000057
 30
0.0
 11
166.354555976
 21
82.377143561
 31
0.0
 12
170.828518411
 22
75.346631163
 32
0.0
 13
170.828518411
 23
75.346631163
 33
0.0
  0
MTEXT
  5
2CA
330
11A
100
AcDbEntity
  8
LAYER0_TEXTOS
 62
4
100
AcDbMText
 10
277.5
 20
147.940000057
 30
0.0
 40
25.0
 41
0.0
 71
7
  1
CH-B
  0
LWPOLYLINE
  5
2CB
330
11A
100
AcDbEntity
  8
Linhas de chamadas
100
AcDbPolyline
 90
3
 70
0
 10
168.591537193
 20
78.861887362
 10
257.5
 20
135.440000057
 10
335.499879837
 20
135.440000057
  0
TRACE
  5
2CC
330
11A
100
AcDbEntity
  8
Linhas de chamadas
 62
255
100
AcDbTrace
 10
167.0
 20
39.940000057
 30
0.0
 11
185.854555976
 21
56.877143561
 31
0.0
 12
190.328518411
 22
49.846631163
 32
0.0
 13
190.328518411
 23
49.846631163
 33
0.0
  0
LWPOLYLINE
  5
2CD
330
11A
100
AcDbEntity
  8
Linhas de chamadas
 62
255
100
AcDbPolyline
 90
2
 70
0
 10
188.091537193
 20
53.361887362
 10
277.0
 20
109.940000057
  0
MTEXT
  5
2CE
330
11A
100
AcDbEntity
  8
DIM-1
100
AcDbMText
 10
410.0
 20
109.940000057
 30
0.0
 40
15.0
 41
0.0
 71
5
  1
TIP
  0
LINE
  5
2CF
330
11A
100
AcDbEntity
  8
ORGANIZADO_G-SIMBOLO
100
AcDbLine
 10
277.0
 20
109.940000057
 30
0.0
 11
377.0
 21
109.940000057
 31
0.0
  0
LINE
  5
2D0
330
11A
100
AcDbEntity
  8
ORGANIZADO_G-SIMBOLO
100
AcDbLine
 10
377.0
 20
109.940000057
 30
0.0
 11
391.1421
 21
124.082100057
 31
0.0
  0
LINE
  5
2D1
330
11A
100
AcDbEntity
  8
ORGANIZADO_G-SIMBOLO
100
AcDbLine
 10
377.0
 20
109.940000057
 30
0.0
 11
391.1421
 21
95.797900057
 31
0.0
  0
LINE
  5
2D2
330
11A
100
AcDbEntity
  8
ORGANIZADO_G-SIMBOLO
100
AcDbLine
 10
324.3501
 20
131.714700057
 30
0.0
 11
324.3501
 21
88.165300057
 31
0.0
  0
LINE
  5
2D3
330
11A
100
AcDbEntity
  8
ORGANIZADO_G-SIMBOLO
100
AcDbLine
 10
324.3501
 20
88.165300057
 30
0.0
 11
349.6292
 21
109.940000057
 31
0.0
  0
LINE
  5
2D4
330
11A
100
AcDbEntity
  8
ORGANIZADO_G-SIMBOLO
100
AcDbLine
 10
324.3501
 20
131.714700057
 30
0.0
 11
349.6292
 21
109.940000057
 31
0.0
  0
MTEXT
  5
2D5
330
11A
100
AcDbEntity
  8
DIM-1
100
AcDbMText
 10
307.5285
 20
94.877400057
 30
0.0
 40
15.0
 41
0.0
 71
5
  1
5
  0
LWPOLYLINE
  5
2D6
330
11A
100
AcDbEntity
  8
PECA_EQ_11
100
AcDbPolyline
 90
4
 70
1
 10
1775.0
 20
-7.940000057
 10
2135.0
 20
-7.940000057
 10
2135.0
 20
7.940000057
 10
1775.0
 20
7.940000057
  0
LWPOLYLINE
  5
2D7
330
11A
100
AcDbEntity
  8
PECA_EQ_7
100
AcDbPolyline
 90
4
 70
1
 10
2030.0
 20
7.940000057
 10
2036.350097656
 20
7.940000057
 10
2036.350097656
 20
107.940002441
 10
2030.0
 20
107.940002441
  0
LWPOLYLINE
  5
2D8
330
11A
100
AcDbEntity
  8
PECA_EQ_7
100
AcDbPolyline
 90
4
 70
1
 10
1873.649902344
 20
7.940000057
 10
1880.0
 20
7.940000057
 10
1880.0
 20
107.940002441
 10
1873.649902344
 20
107.940002441
  0
LWPOLYLINE
  5
2D9
330
11A
100
AcDbEntity
  8
PECA_EQ_13
100
AcDbPolyline
 90
6
 70
1
 10
1775.0
 20
7.940000057
 10
1775.0
 20
22.940000534
 10
1858.650024414
 20
107.940002441
 10
1873.650024414
 20
107.940002441
 10
1873.650024414
 20
22.940000534
 10
1858.650024414
 20
7.940000057
  0
LWPOLYLINE
  5
2DA
330
11A
100
AcDbEntity
  8
PECA_EQ_13
100
AcDbPolyline
 90
6
 70
1
 10
2135.0
 20
7.940000057
 10
2135.0
 20
22.940000534
 10
2051.350097656
 20
107.940002441
 10
2036.349975586
 20
107.940002441
 10
2036.349975586
 20
22.940000534
 10
2051.350097656
 20
7.940000057
  0
TRACE
  5
2DB
330
11A
100
AcDbEntity
  8
Linhas de chamadas
 62
255
100
AcDbTrace
 10
2084.475097656
 20
-7.940000057
 30
0.0
 11
2105.524902344
 21
-7.940000057
 31
0.0
 12
2084.475097656
 22
7.940000057
 32
0.0
 13
2105.524902344
 23
7.940000057
 33
0.0
  0
LWPOLYLINE
  5
2DC
330
11A
100
AcDbEntity
  8
PECA_EQ_4
100
AcDbPolyline
 90
4
 70
1
 10
2084.475097656
 20
-7.940000057
 10
2105.524902344
 20
-7.940000057
 10
2105.524902344
 20
7.940000057
 10
2084.475097656
 20
7.940000057
  0
LINE
  5
2DD
330
11A
100
AcDbEntity
  8
ORGANIZADO_EIXO
100
AcDbLine
 10
2095.0
 20
-23.819999695
 30
0.0
 11
2095.0
 21
23.819999695
 31
0.0
  0
TRACE
  5
2DE
330
11A
100
AcDbEntity
  8
Linhas de chamadas
 62
255
100
AcDbTrace
 10
2084.475097656
 20
-7.940000057
 30
0.0
 11
2105.524902344
 21
-7.940000057
 31
0.0
 12
2084.475097656
 22
7.940000057
 32
0.0
 13
2105.524902344
 23
7.940000057
 33
0.0
  0
LWPOLYLINE
  5
2DF
330
11A
100
AcDbEntity
  8
PECA_EQ_4
100
AcDbPolyline
 90
4
 70
1
 10
2084.475097656
 20
-7.940000057
 10
2105.524902344
 20
-7.940000057
 10
2105.524902344
 20
7.940000057
 10
2084.475097656
 20
7.940000057
  0
LINE
  5
2E0
330
11A
100
AcDbEntity
  8
ORGANIZADO_EIXO
100
AcDbLine
 10
2095.0
 20
-23.819999695
 30
0.0
 11
2095.0
 21
23.819999695
 31
0.0
  0
TRACE
  5
2E1
330
11A
100
AcDbEntity
  8
Linhas de chamadas
 62
255
100
AcDbTrace
 10
1804.474975586
 20
-7.940000057
 30
0.0
 11
1825.525024414
 21
-7.940000057
 31
0.0
 12
1804.474975586
 22
7.940000057
 32
0.0
 13
1825.525024414
 23
7.940000057
 33
0.0
  0
LWPOLYLINE
  5
2E2
330
11A
100
AcDbEntity
  8
PECA_EQ_4
100
AcDbPolyline
 90
4
 70
1
 10
1804.474975586
 20
-7.940000057
 10
1825.525024414
 20
-7.940000057
 10
1825.525024414
 20
7.940000057
 10
1804.474975586
 20
7.940000057
  0
LINE
  5
2E3
330
11A
100
AcDbEntity
  8
ORGANIZADO_EIXO
100
AcDbLine
 10
1815.0
 20
-23.819999695
 30
0.0
 11
1815.0
 21
23.819999695
 31
0.0
  0
TRACE
  5
2E4
330
11A
100
AcDbEntity
  8
Linhas de chamadas
 62
255
100
AcDbTrace
 10
1804.474975586
 20
-7.940000057
 30
0.0
 11
1825.525024414
 21
-7.940000057
 31
0.0
 12
1804.474975586
 22
7.940000057
 32
0.0
 13
1825.525024414
 23
7.940000057
 33
0.0
  0
LWPOLYLINE
  5
2E5
330
11A
100
AcDbEntity
  8
PECA_EQ_4
100
AcDbPolyline
 90
4
 70
1
 10
1804.474975586
 20
-7.940000057
 10
1825.525024414
 20
-7.940000057
 10
1825.525024414
 20
7.940000057
 10
1804.474975586
 20
7.940000057
  0
LINE
  5
2E6
330
11A
100
AcDbEntity
  8
ORGANIZADO_EIXO
100
AcDbLine
 10
1815.0
 20
-23.819999695
 30
0.0
 11
1815.0
 21
23.819999695
 31
0.0
  0
LINE
  5
2E7
330
11A
100
AcDbEntity
  8
ORGANIZADO_PERFIL
100
AcDbLine
 10
1880.0
 20
9.527999878
 30
0.0
 11
1880.0
 21
540.0
 31
0.0
  0
LINE
  5
2E8
330
11A
100
AcDbEntity
  8
ORGANIZADO_PERFIL
100
AcDbLine
 10
2030.0
 20
9.527999878
 30
0.0
 11
2030.0
 21
540.0
 31
0.0
  0
LINE
  5
2E9
330
11A
100
AcDbEntity
  8
L-HIDDEN
100
AcDbLine
 10
1883.0
 20
9.527999878
 30
0.0
 11
1883.0
 21
540.0
 31
0.0
  0
LINE
  5
2EA
330
11A
100
AcDbEntity
  8
L-HIDDEN
100
AcDbLine
 10
2027.0
 20
9.527999878
 30
0.0
 11
2027.0
 21
540.0
 31
0.0
  0
LINE
  5
2EB
330
11A
100
AcDbEntity
  8
L-HIDDEN
100
AcDbLine
 10
1952.0
 20
9.527999878
 30
0.0
 11
1952.0
 21
540.0
 31
0.0
  0
LINE
  5
2EC
330
11A
100
AcDbEntity
  8
L-HIDDEN
100
AcDbLine
 10
1958.0
 20
9.527999878
 30
0.0
 11
1958.0
 21
540.0
 31
0.0
  0
LWPOLYLINE
  5
2ED
330
11A
100
AcDbEntity
  8
ORGANIZADO_EIXO
100
AcDbPolyline
 90
6
 70
0
 10
1871.0
 20
540.0
 10
1940.0
 20
540.0
 10
1952.0
 20
562.5
 10
1958.0
 20
517.5
 10
1970.0
 20
540.0
 10
2039.0
 20
540.0
  0
DIMENSION
  5
2FA
330
11A
100
AcDbEntity
  8
Linhas de chamadas
100
AcDbDimension
  2
*D7
  3
ISO-25
 10
1880.0
 20
340.0
 30
0.0
 11
1955.0
 21
340.0
 31
0.0
 70
32
 71
5
  1
150
100
AcDbAlignedDimension
 13
2030.0
 23
315.0
 33
0.0
 14
1880.0
 24
315.0
 34
0.0
 50
0.0
100
AcDbRotatedDimension
1001
ACAD
1000
DSTYLE
1002
{
1070
41
1040
20.0
1070
147
1040
10.0
1070
140
1040
20.0
1002
}
  0
TRACE
  5
2FB
330
11A
100
AcDbEntity
  8
Linhas de chamadas
100
AcDbTrace
 10
2030.0
 20
270.0
 30
0.0
 11
2055.0
 21
274.166666667
 31
0.0
 12
2055.0
 22
265.833333333
 32
0.0
 13
2055.0
 23
265.833333333
 33
0.0
  0
MTEXT
  5
2FC
330
11A
100
AcDbEntity
  8
LAYER0_TEXTOS
 62
4
100
AcDbMText
 10
2120.0
 20
282.5
 30
0.0
 40
25.0
 41
0.0
 71
7
  1
PILAR
  0
LWPOLYLINE
  5
2FD
330
11A
100
AcDbEntity
  8
Linhas de chamadas
100
AcDbPolyline
 90
3
 70
0
 10
2055.0
 20
270.0
 10
2100.0
 20
270.0
 10
2178.499859825
 20
270.0
  0
DIMENSION
  5
309
330
11A
100
AcDbEntity
  8
Linhas de chamadas
100
AcDbDimension
  2
*D8
  3
ISO-25
 10
1665.0
 20
-7.940000057
 30
0.0
 11
1665.0
 21
-22.940000057
 31
0.0
 70
160
 71
5
 42
30.0
  1
30
100
AcDbAlignedDimension
 13
1775.0
 23
-37.940000057
 33
0.0
 14
1775.0
 24
-7.940000057
 34
0.0
 50
90.0
100
AcDbRotatedDimension
1001
ACAD
1000
DSTYLE
1002
{
1070
41
1040
20.0
1070
147
1040
10.0
1070
140
1040
20.0
1002
}
  0
DIMENSION
  5
315
330
11A
100
AcDbEntity
  8
Linhas de chamadas
100
AcDbDimension
  2
*D9
  3
ISO-25
 10
1665.0
 20
7.940000057
 30
0.0
 11
1665.0
 21
0.0
 31
0.0
 70
160
 71
5
 42
15.880000114
  1
16
100
AcDbAlignedDimension
 13
1775.0
 23
-7.940000057
 33
0.0
 14
1775.0
 24
7.940000057
 34
0.0
 50
90.0
100
AcDbRotatedDimension
1001
ACAD
1000
DSTYLE
1002
{
1070
41
1040
20.0
1070
147
1040
10.0
1070
140
1040
20.0
1002
}
  0
DIMENSION
  5
321
330
11A
100
AcDbEntity
  8
Linhas de chamadas
100
AcDbDimension
  2
*D10
  3
ISO-25
 10
1665.0
 20
107.940000057
 30
0.0
 11
1665.0
 21
57.940000057
 31
0.0
 70
160
 71
5
 42
100.0
  1
100
100
AcDbAlignedDimension
 13
1775.0
 23
7.940000057
 33
0.0
 14
1858.650000095
 24
107.940000057
 34
0.0
 50
90.0
100
AcDbRotatedDimension
1001
ACAD
1000
DSTYLE
1002
{
1070
41
1040
20.0
1070
147
1040
10.0
1070
140
1040
20.0
1002
}
  0
LINE
  5
322
330
11A
100
AcDbEntity
  8
Linhas de chamadas
 62
4
100
AcDbLine
 10
1775.0
 20
-7.940000057
 30
0.0
 11
1745.0
 21
-37.940000057
 31
0.0
  0
LINE
  5
323
330
11A
100
AcDbEntity
  8
Linhas de chamadas
 62
4
100
AcDbLine
 10
2135.0
 20
-7.940000057
 30
0.0
 11
2165.0
 21
-37.940000057
 31
0.0
  0
TRACE
  5
324
330
11A
100
AcDbEntity
  8
Linhas de chamadas
100
AcDbTrace
 10
1585.0
 20
-37.940000057
 30
0.0
 11
1580.833333333
 21
-12.940000057
 31
0.0
 12
1589.166666667
 22
-12.940000057
 32
0.0
 13
1589.166666667
 23
-12.940000057
 33
0.0
  0
MTEXT
  5
325
330
11A
100
AcDbEntity
  8
LAYER0_TEXTOS
 62
4
100
AcDbMText
 10
1495.0
 20
112.059999943
 30
0.0
 40
25.0
 41
0.0
 71
6
  1
TOPO DO \PCONCRETO
  0
LWPOLYLINE
  5
326
330
11A
100
AcDbEntity
  8
Linhas de chamadas
100
AcDbPolyline
 90
3
 70
0
 10
1585.0
 20
-12.940000057
 10
1585.0
 20
112.059999943
 10
1504.000240326
 20
112.059999943
  0
LINE
  5
327
330
11A
100
AcDbEntity
  8
Linhas de chamadas
100
AcDbLine
 10
1575.0
 20
-37.940000057
 30
0.0
 11
2335.0
 21
-37.940000057
 31
0.0
  0
HATCH
  5
328
330
11A
100
AcDbEntity
  8
LAYER0_HACHURAS
100
AcDbHatch
 10
0.0
 20
0.0
 30
0.0
210
0.0
220
0.0
230
1.0
  2
ANSI31
 70
0
 71
0
 91
1
 92
1
 93
4
 72
1
 10
1575.0
 20
-37.940000057
 11
1575.0
 21
-57.940000057
 72
1
 10
1575.0
 20
-57.940000057
 11
2335.0
 21
-57.940000057
 72
1
 10
2335.0
 20
-57.940000057
 11
2335.0
 21
-37.940000057
 72
1
 10
2335.0
 20
-37.940000057
 11
1575.0
 21
-37.940000057
 97
0
 75
0
 76
1
 52
0.0
 41
1.0
 77
0
 78
1
 53
45.0
 43
0.0
 44
0.0
 45
-2.24506403
 46
2.24506403
 79
0
 98
1
 10
0.0
 20
0.0
  0
TRACE
  5
329
330
11A
100
AcDbEntity
  8
Linhas de chamadas
100
AcDbTrace
 10
2093.174999952
 20
65.440000057
 30
0.0
 11
2112.029555928
 21
82.377143561
 31
0.0
 12
2116.503518363
 22
75.346631163
 32
0.0
 13
2116.503518363
 23
75.346631163
 33
0.0
  0
MTEXT
  5
32A
330
11A
100
AcDbEntity
  8
LAYER0_TEXTOS
 62
4
100
AcDbMText
 10
2223.174999952
 20
147.940000057
 30
0.0
 40
25.0
 41
0.0
 71
7
  1
CH-C
  0
LWPOLYLINE
  5
32B
330
11A
100
AcDbEntity
  8
Linhas de chamadas
100
AcDbPolyline
 90
3
 70
0
 10
2114.266537146
 20
78.861887362
 10
2203.174999952
 20
135.440000057
 10
2281.174879789
 20
135.440000057
  0
DIMENSION
  5
338
330
11A
100
AcDbEntity
  8
Linhas de chamadas
100
AcDbDimension
  2
*D11
  3
ISO-25
 10
1955.0
 20
-117.940000057
 30
0.0
 11
1865.0
 21
-117.940000057
 31
0.0
 70
32
 71
5
  1
180
100
AcDbAlignedDimension
 13
1775.0
 23
-7.940000057
 33
0.0
 14
1955.0
 24
-7.940000057
 34
0.0
 50
0.0
100
AcDbRotatedDimension
1001
ACAD
1000
DSTYLE
1002
{
1070
41
1040
20.0
1070
147
1040
10.0
1070
140
1040
20.0
1002
}
  0
DIMENSION
  5
345
330
11A
100
AcDbEntity
  8
Linhas de chamadas
100
AcDbDimension
  2
*D12
  3
ISO-25
 10
2135.0
 20
-117.940000057
 30
0.0
 11
2045.0
 21
-117.940000057
 31
0.0
 70
32
 71
5
  1
180
100
AcDbAlignedDimension
 13
1955.0
 23
-7.940000057
 33
0.0
 14
2135.0
 24
-7.940000057
 34
0.0
 50
0.0
100
AcDbRotatedDimension
1001
ACAD
1000
DSTYLE
1002
{
1070
41
1040
20.0
1070
147
1040
10.0
1070
140
1040
20.0
1002
}
  0
LWPOLYLINE
  5
346
330
11A
100
AcDbEntity
  8
PECA_EQ_16
100
AcDbPolyline
 90
4
 70
1
 10
-180.0
 20
-1575.0
 10
180.0
 20
-1575.0
 10
180.0
 20
-1215.0
 10
-180.0
 20
-1215.0
  0
LWPOLYLINE
  5
347
330
11A
100
AcDbEntity
  8
PECA_EQ_10
100
AcDbPolyline
 90
4
 70
1
 10
-180.0
 20
-1320.0
 10
180.0
 20
-1320.0
 10
180.0
 20
-1313.649902344
 10
-180.0
 20
-1313.649902344
  0
LWPOLYLINE
  5
348
330
11A
100
AcDbEntity
  8
PECA_EQ_10
100
AcDbPolyline
 90
4
 70
1
 10
-180.0
 20
-1476.350097656
 10
180.0
 20
-1476.350097656
 10
180.0
 20
-1470.0
 10
-180.0
 20
-1470.0
  0
LWPOLYLINE
  5
349
330
11A
100
AcDbEntity
  8
PECA_EQ_5
100
AcDbPolyline
 90
4
 70
1
 10
93.649993896
 20
-1575.0
 10
100.0
 20
-1575.0
 10
100.0
 20
-1476.349975586
 10
93.649993896
 20
-1476.349975586
  0
LWPOLYLINE
  5
34A
330
11A
100
AcDbEntity
  8
PECA_EQ_5
100
AcDbPolyline
 90
4
 70
1
 10
93.649993896
 20
-1215.0
 10
100.0
 20
-1215.0
 10
100.0
 20
-1313.650024414
 10
93.649993896
 20
-1313.650024414
  0
LWPOLYLINE
  5
34B
330
11A
100
AcDbEntity
  8
PECA_EQ_5
100
AcDbPolyline
 90
4
 70
1
 10
-100.0
 20
-1575.0
 10
-93.649993896
 20
-1575.0
 10
-93.649993896
 20
-1476.349975586
 10
-100.0
 20
-1476.349975586
  0
LWPOLYLINE
  5
34C
330
11A
100
AcDbEntity
  8
PECA_EQ_5
100
AcDbPolyline
 90
4
 70
1
 10
-100.0
 20
-1215.0
 10
-93.649993896
 20
-1215.0
 10
-93.649993896
 20
-1313.650024414
 10
-100.0
 20
-1313.650024414
  0
CIRCLE
  5
34D
330
11A
100
AcDbEntity
  8
PECA_EQ_1
  6
CONTINUOUS
100
AcDbCircle
 10
140.0
 20
-1255.0
 30
0.0
 40
10.524999619
  0
LWPOLYLINE
  5
34E
330
11A
100
AcDbEntity
  8
PECA_EQ_3
100
AcDbPolyline
 90
2
 70
1
 43
10.524999619
 10
134.737500191
 20
-1255.0
 42
1.0
 10
145.262499809
 20
-1255.0
 42
1.0
  0
CIRCLE
  5
34F
330
11A
100
AcDbEntity
  8
PECA_EQ_1
  6
CONTINUOUS
100
AcDbCircle
 10
-140.0
 20
-1255.0
 30
0.0
 40
10.524999619
  0
LWPOLYLINE
  5
350
330
11A
100
AcDbEntity
  8
PECA_EQ_3
100
AcDbPolyline
 90
2
 70
1
 43
10.524999619
 10
-145.262499809
 20
-1255.0
 42
1.0
 10
-134.737500191
 20
-1255.0
 42
1.0
  0
CIRCLE
  5
351
330
11A
100
AcDbEntity
  8
PECA_EQ_1
  6
CONTINUOUS
100
AcDbCircle
 10
140.0
 20
-1535.0
 30
0.0
 40
10.524999619
  0
LWPOLYLINE
  5
352
330
11A
100
AcDbEntity
  8
PECA_EQ_3
100
AcDbPolyline
 90
2
 70
1
 43
10.524999619
 10
134.737500191
 20
-1535.0
 42
1.0
 10
145.262499809
 20
-1535.0
 42
1.0
  0
CIRCLE
  5
353
330
11A
100
AcDbEntity
  8
PECA_EQ_1
  6
CONTINUOUS
100
AcDbCircle
 10
-140.0
 20
-1535.0
 30
0.0
 40
10.524999619
  0
LWPOLYLINE
  5
354
330
11A
100
AcDbEntity
  8
PECA_EQ_3
100
AcDbPolyline
 90
2
 70
1
 43
10.524999619
 10
-145.262499809
 20
-1535.0
 42
1.0
 10
-134.737500191
 20
-1535.0
 42
1.0
  0
LINE
  5
355
330
11A
100
AcDbEntity
  8
ORGANIZADO_EIXO
100
AcDbLine
 10
-180.0
 20
-1535.0
 30
0.0
 11
180.0
 21
-1535.0
 31
0.0
  0
LINE
  5
356
330
11A
100
AcDbEntity
  8
ORGANIZADO_EIXO
100
AcDbLine
 10
-180.0
 20
-1255.0
 30
0.0
 11
180.0
 21
-1255.0
 31
0.0
  0
LINE
  5
357
330
11A
100
AcDbEntity
  8
ORGANIZADO_EIXO
100
AcDbLine
 10
-140.0
 20
-1575.0
 30
0.0
 11
-140.0
 21
-1215.0
 31
0.0
  0
LINE
  5
358
330
11A
100
AcDbEntity
  8
ORGANIZADO_EIXO
100
AcDbLine
 10
140.0
 20
-1575.0
 30
0.0
 11
140.0
 21
-1215.0
 31
0.0
  0
DIMENSION
  5
364
330
11A
100
AcDbEntity
  8
Linhas de chamadas
100
AcDbDimension
  2
*D13
  3
ISO-25
 10
-290.0
 20
-1255.0
 30
0.0
 11
-290.0
 21
-1395.0
 31
0.0
 70
160
 71
5
 42
280.0
  1
280
100
AcDbAlignedDimension
 13
-180.0
 23
-1535.0
 33
0.0
 14
-180.0
 24
-1255.0
 34
0.0
 50
90.0
100
AcDbRotatedDimension
1001
ACAD
1000
DSTYLE
1002
{
1070
41
1040
20.0
1070
147
1040
10.0
1070
140
1040
20.0
1002
}
  0
DIMENSION
  5
371
330
11A
100
AcDbEntity
  8
Linhas de chamadas
100
AcDbDimension
  2
*D14
  3
ISO-25
 10
-140.0
 20
-1105.0
 30
0.0
 11
0.0
 21
-1105.0
 31
0.0
 70
32
 71
5
  1
280
100
AcDbAlignedDimension
 13
140.0
 23
-1215.0
 33
0.0
 14
-140.0
 24
-1215.0
 34
0.0
 50
0.0
100
AcDbRotatedDimension
1001
ACAD
1000
DSTYLE
1002
{
1070
41
1040
20.0
1070
147
1040
10.0
1070
140
1040
20.0
1002
}
  0
TRACE
  5
372
330
11A
100
AcDbEntity
  8
Linhas de chamadas
100
AcDbTrace
 10
180.0
 20
-1215.0
 30
0.0
 11
194.731391275
 21
-1194.376052215
 31
0.0
 12
200.623947785
 22
-1200.268608725
 32
0.0
 13
200.623947785
 23
-1200.268608725
 33
0.0
  0
MTEXT
  5
373
330
11A
100
AcDbEntity
  8
LAYER0_TEXTOS
 62
4
100
AcDbMText
 10
270.0
 20
-1132.5
 30
0.0
 40
25.0
 41
0.0
 71
7
  1
CH-A
  0
LWPOLYLINE
  5
374
330
11A
100
AcDbEntity
  8
Linhas de chamadas
100
AcDbPolyline
 90
3
 70
0
 10
197.67766953
 20
-1197.32233047
 10
250.0
 20
-1145.0
 10
327.999879837
 20
-1145.0
  0
LWPOLYLINE
  5
375
330
11A
100
AcDbEntity
  8
PECA_EQ_8
100
AcDbPolyline
 90
20
 70
1
 10
75.0
 20
-1395.0
 10
94.0
 20
-1395.0
 42
0.414213562
 10
100.0
 20
-1389.0
 10
100.0
 20
-1326.0
 42
0.414213562
 10
94.0
 20
-1320.0
 10
-94.0
 20
-1320.0
 42
0.414213562
 10
-100.0
 20
-1326.0
 10
-100.0
 20
-1389.0
 42
0.414213562
 10
-94.0
 20
-1395.0
 10
-75.0
 20
-1395.0
 10
-75.0
 20
-1392.0
 10
-94.0
 20
-1392.0
 42
-0.414213562
 10
-97.0
 20
-1389.0
 10
-97.0
 20
-1326.0
 42
-0.414213562
 10
-94.0
 20
-1323.0
 10
94.0
 20
-1323.0
 42
-0.414213562
 10
97.0
 20
-1326.0
 10
97.0
 20
-1389.0
 42
-0.414213562
 10
94.0
 20
-1392.0
 10
75.0
 20
-1392.0
  0
LWPOLYLINE
  5
376
330
11A
100
AcDbEntity
  8
PECA_EQ_8
100
AcDbPolyline
 90
20
 70
1
 10
75.0
 20
-1395.0
 10
94.0
 20
-1395.0
 42
-0.414213562
 10
100.0
 20
-1401.0
 10
100.0
 20
-1464.0
 42
-0.414213562
 10
94.0
 20
-1470.0
 10
-94.0
 20
-1470.0
 42
-0.414213562
 10
-100.0
 20
-1464.0
 10
-100.0
 20
-1401.0
 42
-0.414213562
 10
-94.0
 20
-1395.0
 10
-75.0
 20
-1395.0
 10
-75.0
 20
-1398.0
 10
-94.0
 20
-1398.0
 42
0.414213562
 10
-97.0
 20
-1401.0
 10
-97.0
 20
-1464.0
 42
0.414213562
 10
-94.0
 20
-1467.0
 10
94.0
 20
-1467.0
 42
0.414213562
 10
97.0
 20
-1464.0
 10
97.0
 20
-1401.0
 42
0.414213562
 10
94.0
 20
-1398.0
 10
75.0
 20
-1398.0
  0
DIMENSION
  5
382
330
11A
100
AcDbEntity
  8
Linhas de chamadas
100
AcDbDimension
  2
*D15
  3
ISO-25
 10
1665.0
 20
-1535.0
 30
0.0
 11
1665.0
 21
-1555.0
 31
0.0
 70
160
 71
5
 42
40.0
  1
40
100
AcDbAlignedDimension
 13
1775.0
 23
-1575.0
 33
0.0
 14
1775.0
 24
-1535.0
 34
0.0
 50
90.0
100
AcDbRotatedDimension
1001
ACAD
1000
DSTYLE
1002
{
1070
41
1040
20.0
1070
147
1040
10.0
1070
140
1040
20.0
1002
}
  0
DIMENSION
  5
38E
330
11A
100
AcDbEntity
  8
Linhas de chamadas
100
AcDbDimension
  2
*D16
  3
ISO-25
 10
1665.0
 20
-1255.0
 30
0.0
 11
1665.0
 21
-1395.0
 31
0.0
 70
160
 71
5
 42
280.0
  1
280
100
AcDbAlignedDimension
 13
1775.0
 23
-1535.0
 33
0.0
 14
1775.0
 24
-1255.0
 34
0.0
 50
90.0
100
AcDbRotatedDimension
1001
ACAD
1000
DSTYLE
1002
{
1070
41
1040
20.0
1070
147
1040
10.0
1070
140
1040
20.0
1002
}
  0
DIMENSION
  5
39A
330
11A
100
AcDbEntity
  8
Linhas de chamadas
100
AcDbDimension
  2
*D17
  3
ISO-25
 10
1665.0
 20
-1215.0
 30
0.0
 11
1665.0
 21
-1235.0
 31
0.0
 70
160
 71
5
 42
40.0
  1
40
100
AcDbAlignedDimension
 13
1775.0
 23
-1255.0
 33
0.0
 14
1775.0
 24
-1215.0
 34
0.0
 50
90.0
100
AcDbRotatedDimension
1001
ACAD
1000
DSTYLE
1002
{
1070
41
1040
20.0
1070
147
1040
10.0
1070
140
1040
20.0
1002
}
  0
DIMENSION
  5
3A7
330
11A
100
AcDbEntity
  8
Linhas de chamadas
100
AcDbDimension
  2
*D18
  3
ISO-25
 10
1775.0
 20
-1105.0
 30
0.0
 11
1795.0
 21
-1105.0
 31
0.0
 70
32
 71
5
  1
40
100
AcDbAlignedDimension
 13
1815.0
 23
-1215.0
 33
0.0
 14
1775.0
 24
-1215.0
 34
0.0
 50
0.0
100
AcDbRotatedDimension
1001
ACAD
1000
DSTYLE
1002
{
1070
41
1040
20.0
1070
147
1040
10.0
1070
140
1040
20.0
1002
}
  0
DIMENSION
  5
3B4
330
11A
100
AcDbEntity
  8
Linhas de chamadas
100
AcDbDimension
  2
*D19
  3
ISO-25
 10
1815.0
 20
-1105.0
 30
0.0
 11
1955.0
 21
-1105.0
 31
0.0
 70
32
 71
5
  1
280
100
AcDbAlignedDimension
 13
2095.0
 23
-1215.0
 33
0.0
 14
1815.0
 24
-1215.0
 34
0.0
 50
0.0
100
AcDbRotatedDimension
1001
ACAD
1000
DSTYLE
1002
{
1070
41
1040
20.0
1070
147
1040
10.0
1070
140
1040
20.0
1002
}
  0
DIMENSION
  5
3C1
330
11A
100
AcDbEntity
  8
Linhas de chamadas
100
AcDbDimension
  2
*D20
  3
ISO-25
 10
2095.0
 20
-1105.0
 30
0.0
 11
2115.0
 21
-1105.0
 31
0.0
 70
32
 71
5
  1
40
100
AcDbAlignedDimension
 13
2135.0
 23
-1215.0
 33
0.0
 14
2095.0
 24
-1215.0
 34
0.0
 50
0.0
100
AcDbRotatedDimension
1001
ACAD
1000
DSTYLE
1002
{
1070
41
1040
20.0
1070
147
1040
10.0
1070
140
1040
20.0
1002
}
  0
DIMENSION
  5
3CD
330
11A
100
AcDbEntity
  8
Linhas de chamadas
100
AcDbDimension
  2
*D21
  3
ISO-25
 10
1595.0
 20
-1215.0
 30
0.0
 11
1595.0
 21
-1395.0
 31
0.0
 70
160
 71
5
 42
360.0
  1
360
100
AcDbAlignedDimension
 13
1775.0
 23
-1575.0
 33
0.0
 14
1775.0
 24
-1215.0
 34
0.0
 50
90.0
100
AcDbRotatedDimension
1001
ACAD
1000
DSTYLE
1002
{
1070
41
1040
20.0
1070
147
1040
10.0
1070
140
1040
20.0
1002
}
  0
DIMENSION
  5
3DA
330
11A
100
AcDbEntity
  8
Linhas de chamadas
100
AcDbDimension
  2
*D22
  3
ISO-25
 10
1775.0
 20
-1035.0
 30
0.0
 11
1955.0
 21
-1035.0
 31
0.0
 70
32
 71
5
  1
360
100
AcDbAlignedDimension
 13
2135.0
 23
-1215.0
 33
0.0
 14
1775.0
 24
-1215.0
 34
0.0
 50
0.0
100
AcDbRotatedDimension
1001
ACAD
1000
DSTYLE
1002
{
1070
41
1040
20.0
1070
147
1040
10.0
1070
140
1040
20.0
1002
}
  0
LINE
  5
3DB
330
11A
100
AcDbEntity
  8
ORGANIZADO_EIXO
100
AcDbLine
 10
1775.0
 20
-1535.0
 30
0.0
 11
2135.0
 21
-1535.0
 31
0.0
  0
LINE
  5
3DC
330
11A
100
AcDbEntity
  8
ORGANIZADO_EIXO
100
AcDbLine
 10
1775.0
 20
-1255.0
 30
0.0
 11
2135.0
 21
-1255.0
 31
0.0
  0
LINE
  5
3DD
330
11A
100
AcDbEntity
  8
ORGANIZADO_EIXO
100
AcDbLine
 10
1815.0
 20
-1575.0
 30
0.0
 11
1815.0
 21
-1215.0
 31
0.0
  0
LINE
  5
3DE
330
11A
100
AcDbEntity
  8
ORGANIZADO_EIXO
100
AcDbLine
 10
2095.0
 20
-1575.0
 30
0.0
 11
2095.0
 21
-1215.0
 31
0.0
  0
LWPOLYLINE
  5
3DF
330
11A
100
AcDbEntity
  8
PECA_EQ_16
100
AcDbPolyline
 90
4
 70
1
 10
1775.0
 20
-1575.0
 10
2135.0
 20
-1575.0
 10
2135.0
 20
-1215.0
 10
1775.0
 20
-1215.0
  0
CIRCLE
  5
3E0
330
11A
100
AcDbEntity
  8
PECA_EQ_1
  6
CONTINUOUS
100
AcDbCircle
 10
2095.0
 20
-1255.0
 30
0.0
 40
10.524999619
  0
LWPOLYLINE
  5
3E1
330
11A
100
AcDbEntity
  8
PECA_EQ_3
100
AcDbPolyline
 90
2
 70
1
 43
10.524999619
 10
2089.737500191
 20
-1255.0
 42
1.0
 10
2100.262499809
 20
-1255.0
 42
1.0
  0
CIRCLE
  5
3E2
330
11A
100
AcDbEntity
  8
PECA_EQ_1
  6
CONTINUOUS
100
AcDbCircle
 10
1815.0
 20
-1255.0
 30
0.0
 40
10.524999619
  0
LWPOLYLINE
  5
3E3
330
11A
100
AcDbEntity
  8
PECA_EQ_3
100
AcDbPolyline
 90
2
 70
1
 43
10.524999619
 10
1809.737500191
 20
-1255.0
 42
1.0
 10
1820.262499809
 20
-1255.0
 42
1.0
  0
CIRCLE
  5
3E4
330
11A
100
AcDbEntity
  8
PECA_EQ_1
  6
CONTINUOUS
100
AcDbCircle
 10
2095.0
 20
-1535.0
 30
0.0
 40
10.524999619
  0
LWPOLYLINE
  5
3E5
330
11A
100
AcDbEntity
  8
PECA_EQ_3
100
AcDbPolyline
 90
2
 70
1
 43
10.524999619
 10
2089.737500191
 20
-1535.0
 42
1.0
 10
2100.262499809
 20
-1535.0
 42
1.0
  0
CIRCLE
  5
3E6
330
11A
100
AcDbEntity
  8
PECA_EQ_1
  6
CONTINUOUS
100
AcDbCircle
 10
1815.0
 20
-1535.0
 30
0.0
 40
10.524999619
  0
LWPOLYLINE
  5
3E7
330
11A
100
AcDbEntity
  8
PECA_EQ_3
100
AcDbPolyline
 90
2
 70
1
 43
10.524999619
 10
1809.737500191
 20
-1535.0
 42
1.0
 10
1820.262499809
 20
-1535.0
 42
1.0
  0
TRACE
  5
3E8
330
11A
100
AcDbEntity
  8
Linhas de chamadas
100
AcDbTrace
 10
1865.0
 20
-1575.0
 30
0.0
 11
1869.166666667
 21
-1600.0
 31
0.0
 12
1860.833333333
 22
-1600.0
 32
0.0
 13
1860.833333333
 23
-1600.0
 33
0.0
  0
MTEXT
  5
3E9
330
11A
100
AcDbEntity
  8
LAYER0_TEXTOS
 62
4
100
AcDbMText
 10
1865.0
 20
-1665.0
 30
0.0
 40
25.0
 41
0.0
 71
4
  1
CH. 15.88\PASTM A36
  0
LWPOLYLINE
  5
3EA
330
11A
100
AcDbEntity
  8
Linhas de chamadas
100
AcDbPolyline
 90
3
 70
0
 10
1865.0
 20
-1600.0
 10
1865.0
 20
-1665.0
 10
1945.999759674
 20
-1665.0
  0
LINE
  5
3EB
330
11A
100
AcDbEntity
  8
ORGANIZADO_EIXO
100
AcDbLine
 10
2135.0
 20
-1255.0
 30
0.0
 11
2255.0
 21
-1255.0
 31
0.0
  0
TRACE
  5
3EC
330
11A
100
AcDbEntity
  8
Linhas de chamadas
100
AcDbTrace
 10
2235.0
 20
-1255.0
 30
0.0
 11
2230.833333333
 21
-1230.0
 31
0.0
 12
2239.166666667
 22
-1230.0
 32
0.0
 13
2239.166666667
 23
-1230.0
 33
0.0
  0
LWPOLYLINE
  5
3ED
330
11A
100
AcDbEntity
  8
Linhas de chamadas
100
AcDbPolyline
 90
2
 70
0
 10
2235.0
 20
-1230.0
 10
2235.0
 20
-1035.0
  0
LINE
  5
3EE
330
11A
100
AcDbEntity
  8
Linhas de chamadas
100
AcDbLine
 10
2235.0
 20
-1035.0
 30
0.0
 11
2275.7806
 21
-1035.0
 31
0.0
  0
LWPOLYLINE
  5
3EF
330
11A
100
AcDbEntity
  8
PECA_EQ_9
 62
4
100
AcDbPolyline
 90
4
 70
1
 10
2341.1312
 20
-1035.0
 10
2308.4559
 20
-1002.3247
 10
2275.7806
 20
-1035.0
 10
2308.4559
 20
-1067.6753
  0
MTEXT
  5
3F0
330
11A
100
AcDbEntity
  8
LAYER0_TEXTOS
 62
4
100
AcDbMText
 10
2268.3544
 20
-1015.7829
 30
0.0
 40
25.4
 41
0.0
 71
7
  1
%%c
  0
MTEXT
  5
3F1
330
11A
100
AcDbEntity
  8
LAYER0_TEXTOS
100
AcDbMText
 10
2308.4559
 20
-1035.0
 30
0.0
 40
20.0
 41
0.0
 71
5
  1
21
  0
LINE
  5
3F2
330
11A
100
AcDbEntity
  8
Linhas de chamadas
 62
4
100
AcDbLine
 10
2341.1312
 20
-1035.0
 30
0.0
 11
2588.1312
 21
-1035.0
 31
0.0
  0
MTEXT
  5
3F3
330
11A
100
AcDbEntity
  8
LAYER0_TEXTOS
 62
4
100
AcDbMText
 10
2351.1312
 20
-1030.0
 30
0.0
 40
20.3
 41
0.0
 71
7
  1
PARAFUSO %%c19.05
  0
MTEXT
  5
3F4
330
11A
100
AcDbEntity
  8
LAYER0_TEXTOS
 62
4
100
AcDbMText
 10
2351.1312
 20
-1040.0
 30
0.0
 40
20.3
 41
0.0
 71
1
  1
SAE 1020
  0
LINE
  5
3F5
330
11A
100
AcDbEntity
  8
ORGANIZADO_EIXO
100
AcDbLine
 10
2135.0
 20
-1535.0
 30
0.0
 11
2255.0
 21
-1535.0
 31
0.0
  0
TRACE
  5
3F6
330
11A
100
AcDbEntity
  8
Linhas de chamadas
100
AcDbTrace
 10
2235.0
 20
-1535.0
 30
0.0
 11
2230.833333333
 21
-1510.0
 31
0.0
 12
2239.166666667
 22
-1510.0
 32
0.0
 13
2239.166666667
 23
-1510.0
 33
0.0
  0
LWPOLYLINE
  5
3F7
330
11A
100
AcDbEntity
  8
Linhas de chamadas
100
AcDbPolyline
 90
2
 70
0
 10
2235.0
 20
-1510.0
 10
2235.0
 20
-1255.0
  0
MTEXT
  5
3F8
330
11A
100
AcDbEntity
  8
REGUA120
 62
2
100
AcDbMText
 10
1955.0
 20
-930.0
 30
0.0
 40
37.5
 41
0.0
 71
5
  1
CHAPA "A"
  7
REGUA100
  0
DIMENSION
  5
405
330
11A
100
AcDbEntity
  8
Linhas de chamadas
100
AcDbDimension
  2
*D23
  3
ISO-25
 10
3730.0
 20
217.0
 30
0.0
 11
3762.5
 21
217.0
 31
0.0
 70
32
 71
5
  1
65
100
AcDbAlignedDimension
 13
3795.0
 23
107.0
 33
0.0
 14
3730.0
 24
22.0
 34
0.0
 50
0.0
100
AcDbRotatedDimension
1001
ACAD
1000
DSTYLE
1002
{
1070
41
1040
20.0
1070
147
1040
10.0
1070
140
1040
20.0
1002
}
  0
DIMENSION
  5
412
330
11A
100
AcDbEntity
  8
Linhas de chamadas
100
AcDbDimension
  2
*D24
  3
ISO-25
 10
3795.0
 20
217.0
 30
0.0
 11
3910.0
 21
217.0
 31
0.0
 70
32
 71
5
  1
230
100
AcDbAlignedDimension
 13
4025.0
 23
107.0
 33
0.0
 14
3795.0
 24
107.0
 34
0.0
 50
0.0
100
AcDbRotatedDimension
1001
ACAD
1000
DSTYLE
1002
{
1070
41
1040
20.0
1070
147
1040
10.0
1070
140
1040
20.0
1002
}
  0
DIMENSION
  5
41F
330
11A
100
AcDbEntity
  8
Linhas de chamadas
100
AcDbDimension
  2
*D25
  3
ISO-25
 10
4025.0
 20
217.0
 30
0.0
 11
4057.5
 21
217.0
 31
0.0
 70
32
 71
5
  1
65
100
AcDbAlignedDimension
 13
4090.0
 23
22.0
 33
0.0
 14
4025.0
 24
107.0
 34
0.0
 50
0.0
100
AcDbRotatedDimension
1001
ACAD
1000
DSTYLE
1002
{
1070
41
1040
20.0
1070
147
1040
10.0
1070
140
1040
20.0
1002
}
  0
DIMENSION
  5
42C
330
11A
100
AcDbEntity
  8
Linhas de chamadas
100
AcDbDimension
  2
*D26
  3
ISO-25
 10
3730.0
 20
294.0
 30
0.0
 11
3910.0
 21
294.0
 31
0.0
 70
32
 71
5
  1
360
100
AcDbAlignedDimension
 13
4090.0
 23
7.0
 33
0.0
 14
3730.0
 24
7.0
 34
0.0
 50
0.0
100
AcDbRotatedDimension
1001
ACAD
1000
DSTYLE
1002
{
1070
41
1040
20.0
1070
147
1040
10.0
1070
140
1040
20.0
1002
}
  0
DIMENSION
  5
438
330
11A
100
AcDbEntity
  8
Linhas de chamadas
100
AcDbDimension
  2
*D27
  3
ISO-25
 10
3620.0
 20
22.940000534
 30
0.0
 11
3620.0
 21
15.440000296
 31
0.0
 70
160
 71
5
 42
15.000000477
  1
15
100
AcDbAlignedDimension
 13
3730.0
 23
7.940000057
 33
0.0
 14
3730.0
 24
22.940000534
 34
0.0
 50
90.0
100
AcDbRotatedDimension
1001
ACAD
1000
DSTYLE
1002
{
1070
41
1040
20.0
1070
147
1040
10.0
1070
140
1040
20.0
1002
}
  0
DIMENSION
  5
444
330
11A
100
AcDbEntity
  8
Linhas de chamadas
100
AcDbDimension
  2
*D28
  3
ISO-25
 10
4200.0
 20
7.940000057
 30
0.0
 11
4200.0
 21
57.940001249
 31
0.0
 70
160
 71
5
 42
100.000002384
  1
100
100
AcDbAlignedDimension
 13
4025.0
 23
107.940002441
 33
0.0
 14
4090.0
 24
7.940000057
 34
0.0
 50
90.0
100
AcDbRotatedDimension
1001
ACAD
1000
DSTYLE
1002
{
1070
41
1040
20.0
1070
147
1040
10.0
1070
140
1040
20.0
1002
}
  0
LWPOLYLINE
  5
445
330
11A
100
AcDbEntity
  8
PECA_EQ_15
100
AcDbPolyline
 90
6
 70
1
 10
4090.0
 20
7.940000057
 10
4090.0
 20
22.940000534
 10
4025.0
 20
107.940002441
 10
3795.0
 20
107.940002441
 10
3730.0
 20
22.940000534
 10
3730.0
 20
7.940000057
  0
MTEXT
  5
446
330
11A
100
AcDbEntity
  8
FAB-CHAPA
 62
2
100
AcDbMText
 10
3910.0
 20
465.0
 30
0.0
 40
37.5
 41
0.0
 71
5
  1
CHAPA "B"
  7
REGUA100
  0
TRACE
  5
447
330
11A
100
AcDbEntity
  8
Linhas de chamadas
100
AcDbTrace
 10
3910.0
 20
7.940000057
 30
0.0
 11
3914.166666667
 21
-17.059999943
 31
0.0
 12
3905.833333333
 22
-17.059999943
 32
0.0
 13
3905.833333333
 23
-17.059999943
 33
0.0
  0
MTEXT
  5
448
330
11A
100
AcDbEntity
  8
LAYER0_TEXTOS
 62
4
100
AcDbMText
 10
3910.0
 20
-102.059999943
 30
0.0
 40
25.0
 41
0.0
 71
4
  1
CH. 6.35\PASTM A36
  0
LWPOLYLINE
  5
449
330
11A
100
AcDbEntity
  8
Linhas de chamadas
100
AcDbPolyline
 90
3
 70
0
 10
3910.0
 20
-17.059999943
 10
3910.0
 20
-102.059999943
 10
3990.999759674
 20
-102.059999943
  0
DIMENSION
  5
455
330
11A
100
AcDbEntity
  8
Linhas de chamadas
100
AcDbDimension
  2
*D29
  3
ISO-25
 10
4069.149902344
 20
-1387.060058594
 30
0.0
 11
4069.149902344
 21
-1337.060058594
 31
0.0
 70
160
 71
5
 42
100.0
  1
100
100
AcDbAlignedDimension
 13
3959.149902344
 23
-1287.060058594
 33
0.0
 14
3959.149902344
 24
-1387.060058594
 34
0.0
 50
90.0
100
AcDbRotatedDimension
1001
ACAD
1000
DSTYLE
1002
{
1070
41
1040
20.0
1070
147
1040
10.0
1070
140
1040
20.0
1002
}
  0
DIMENSION
  5
462
330
11A
100
AcDbEntity
  8
Linhas de chamadas
100
AcDbDimension
  2
*D30
  3
ISO-25
 10
3959.149902344
 20
-1497.060058594
 30
0.0
 11
3909.824951172
 21
-1497.060058594
 31
0.0
 70
32
 71
5
  1
99
100
AcDbAlignedDimension
 13
3860.5
 23
-1387.060058594
 33
0.0
 14
3959.149902344
 24
-1387.060058594
 34
0.0
 50
0.0
100
AcDbRotatedDimension
1001
ACAD
1000
DSTYLE
1002
{
1070
41
1040
20.0
1070
147
1040
10.0
1070
140
1040
20.0
1002
}
  0
DIMENSION
  5
46E
330
11A
100
AcDbEntity
  8
Linhas de chamadas
100
AcDbDimension
  2
*D31
  3
ISO-25
 10
3750.5
 20
-1372.060058594
 30
0.0
 11
3750.5
 21
-1379.560058594
 31
0.0
 70
160
 71
5
 42
15.0
  1
15
100
AcDbAlignedDimension
 13
3860.5
 23
-1387.060058594
 33
0.0
 14
3860.5
 24
-1372.060058594
 34
0.0
 50
90.0
100
AcDbRotatedDimension
1001
ACAD
1000
DSTYLE
1002
{
1070
41
1040
20.0
1070
147
1040
10.0
1070
140
1040
20.0
1002
}
  0
LWPOLYLINE
  5
46F
330
11A
100
AcDbEntity
  8
PECA_EQ_12
100
AcDbPolyline
 90
6
 70
1
 10
3860.5
 20
-1387.060058594
 10
3860.5
 20
-1372.060058594
 10
3944.149902344
 20
-1287.060058594
 10
3959.149902344
 20
-1287.060058594
 10
3959.149902344
 20
-1372.060058594
 10
3944.149902344
 20
-1387.060058594
  0
MTEXT
  5
470
330
11A
100
AcDbEntity
  8
FAB-CHAPA
 62
2
100
AcDbMText
 10
3910.0
 20
-930.0
 30
0.0
 40
37.5
 41
0.0
 71
5
  1
CHAPA "C"
  7
REGUA100
  0
TRACE
  5
471
330
11A
100
AcDbEntity
  8
Linhas de chamadas
100
AcDbTrace
 10
3902.325000048
 20
-1329.559999943
 30
0.0
 11
3881.701052263
 21
-1314.828608668
 31
0.0
 12
3887.593608773
 22
-1308.936052158
 32
0.0
 13
3887.593608773
 23
-1308.936052158
 33
0.0
  0
MTEXT
  5
472
330
11A
100
AcDbEntity
  8
LAYER0_TEXTOS
 62
4
100
AcDbMText
 10
3702.325000048
 20
-1219.559999943
 30
0.0
 40
25.0
 41
0.0
 71
6
  1
CH. 6.35\PASTM A36
  0
LWPOLYLINE
  5
473
330
11A
100
AcDbEntity
  8
Linhas de chamadas
100
AcDbPolyline
 90
3
 70
0
 10
3884.647330518
 20
-1311.882330413
 10
3792.325000048
 20
-1219.559999943
 10
3711.325240374
 20
-1219.559999943
  0
LINE
  5
474
330
11A
100
AcDbEntity
  8
ORGANIZADO_EIXO
100
AcDbLine
 10
-140.0
 20
-7.940000057
 30
0.0
 11
-140.0
 21
-1215.0
 31
0.0
  0
TRACE
  5
475
330
11A
100
AcDbEntity
  8
Linhas de chamadas
100
AcDbTrace
 10
-130.475000381
 20
-138.970000029
 30
0.0
 11
-105.475000381
 21
-134.803333362
 31
0.0
 12
-105.475000381
 22
-143.136666695
 32
0.0
 13
-105.475000381
 23
-143.136666695
 33
0.0
  0
LWPOLYLINE
  5
476
330
11A
100
AcDbEntity
  8
Linhas de chamadas
100
AcDbPolyline
 90
2
 70
0
 10
-105.475000381
 20
-138.970000029
 10
140.0
 20
-138.970000029
  0
LWPOLYLINE
  5
477
330
11A
100
AcDbEntity
  8
PECA_EQ_14
100
AcDbPolyline
 90
4
 70
1
 10
-130.475000381
 20
101.826000214
 10
-130.475000381
 20
-498.173999786
 10
-149.524999619
 20
-498.173999786
 10
-149.524999619
 20
101.826000214
  0
LINE
  5
478
330
11A
100
AcDbEntity
  8
ORGANIZADO_PERFIL
100
AcDbLine
 10
-144.762499809
 20
-48.173999786
 30
0.0
 11
-144.762499809
 21
101.826000214
 31
0.0
  0
LINE
  5
479
330
11A
100
AcDbEntity
  8
ORGANIZADO_PERFIL
100
AcDbLine
 10
-135.237500191
 20
-48.173999786
 30
0.0
 11
-135.237500191
 21
101.826000214
 31
0.0
  0
LINE
  5
47A
330
11A
100
AcDbEntity
  8
ORGANIZADO_PERFIL
100
AcDbLine
 10
-149.524999619
 20
-48.173999786
 30
0.0
 11
-130.475000381
 21
-48.173999786
 31
0.0
  0
LINE
  5
47B
330
11A
100
AcDbEntity
  8
ORGANIZADO_PERFIL
100
AcDbLine
 10
-144.762499809
 20
-448.173999786
 30
0.0
 11
-144.762499809
 21
-498.173999786
 31
0.0
  0
LINE
  5
47C
330
11A
100
AcDbEntity
  8
ORGANIZADO_PERFIL
100
AcDbLine
 10
-135.237500191
 20
-448.173999786
 30
0.0
 11
-135.237500191
 21
-498.173999786
 31
0.0
  0
LINE
  5
47D
330
11A
100
AcDbEntity
  8
ORGANIZADO_PERFIL
100
AcDbLine
 10
-149.524999619
 20
-448.173999786
 30
0.0
 11
-130.475000381
 21
-448.173999786
 31
0.0
  0
LWPOLYLINE
  5
47E
330
11A
100
AcDbEntity
  8
ORGANIZADO_EIXO
100
AcDbPolyline
 90
2
 70
0
 10
-140.0
 20
120.875999451
 10
-140.0
 20
-517.223999023
  0
ARC
  5
47F
330
11A
100
AcDbEntity
  8
ORGANIZADO_CHU-CHUMBADOR
  6
CONTINUOUS
100
AcDbCircle
 10
-135.502081714
 20
-20.892418302
 30
0.0
 40
11.096335013
100
AcDbArc
 50
270.0
 51
293.913168486
  0
ARC
  5
480
330
11A
100
AcDbEntity
  8
ORGANIZADO_CHU-CHUMBADOR
  6
CONTINUOUS
100
AcDbCircle
 10
-135.502081714
 20
-24.987581813
 30
0.0
 40
11.096335013
100
AcDbArc
 50
66.086831514
 51
90.0
  0
LINE
  5
481
330
11A
100
AcDbEntity
  8
ORGANIZADO_CHU-CHUMBADOR
100
AcDbLine
 10
-153.493754857
 20
-31.988753314
 30
0.0
 11
-126.506245143
 21
-31.988753314
 31
0.0
  0
LINE
  5
482
330
11A
100
AcDbEntity
  8
ORGANIZADO_CHU-CHUMBADOR
100
AcDbLine
 10
-153.493754857
 20
-13.8912468
 30
0.0
 11
-126.506245143
 21
-13.8912468
 31
0.0
  0
ARC
  5
483
330
11A
100
AcDbEntity
  8
ORGANIZADO_CHU-CHUMBADOR
  6
CONTINUOUS
100
AcDbCircle
 10
-144.497918286
 20
-20.892418302
 30
0.0
 40
11.096335013
100
AcDbArc
 50
246.086831514
 51
270.0
  0
ARC
  5
484
330
11A
100
AcDbEntity
  8
ORGANIZADO_CHU-CHUMBADOR
  6
CONTINUOUS
100
AcDbCircle
 10
-153.493754857
 20
-20.892418302
 30
0.0
 40
11.096335013
100
AcDbArc
 50
246.086831514
 51
293.913168486
  0
LINE
  5
485
330
11A
100
AcDbEntity
  8
ORGANIZADO_CHU-CHUMBADOR
100
AcDbLine
 10
-157.991673143
 20
-31.036252971
 30
0.0
 11
-157.991673143
 21
-14.843747143
 31
0.0
  0
LINE
  5
486
330
11A
100
AcDbEntity
  8
ORGANIZADO_CHU-CHUMBADOR
100
AcDbLine
 10
-148.995836571
 20
-31.036252972
 30
0.0
 11
-148.995836571
 21
-14.843747143
 31
0.0
  0
ARC
  5
487
330
11A
100
AcDbEntity
  8
ORGANIZADO_CHU-CHUMBADOR
  6
CONTINUOUS
100
AcDbCircle
 10
-153.493754857
 20
-24.987581813
 30
0.0
 40
11.096335013
100
AcDbArc
 50
66.086831514
 51
113.913168486
  0
ARC
  5
488
330
11A
100
AcDbEntity
  8
ORGANIZADO_CHU-CHUMBADOR
  6
CONTINUOUS
100
AcDbCircle
 10
-144.497918286
 20
-24.987581813
 30
0.0
 40
11.096335013
100
AcDbArc
 50
90.0
 51
113.913168486
  0
ARC
  5
489
330
11A
100
AcDbEntity
  8
ORGANIZADO_CHU-CHUMBADOR
  6
CONTINUOUS
100
AcDbCircle
 10
-126.506245143
 20
-20.892418302
 30
0.0
 40
11.096335013
100
AcDbArc
 50
246.086831514
 51
293.913168486
  0
LINE
  5
48A
330
11A
100
AcDbEntity
  8
ORGANIZADO_CHU-CHUMBADOR
100
AcDbLine
 10
-131.004163429
 20
-31.036252972
 30
0.0
 11
-131.004163429
 21
-14.843747143
 31
0.0
  0
LINE
  5
48B
330
11A
100
AcDbEntity
  8
ORGANIZADO_CHU-CHUMBADOR
100
AcDbLine
 10
-122.008326857
 20
-31.036252972
 30
0.0
 11
-122.008326857
 21
-14.843747143
 31
0.0
  0
ARC
  5
48C
330
11A
100
AcDbEntity
  8
ORGANIZADO_CHU-CHUMBADOR
  6
CONTINUOUS
100
AcDbCircle
 10
-126.506245143
 20
-24.987581813
 30
0.0
 40
11.096335013
100
AcDbArc
 50
66.086831514
 51
113.913168486
  0
ARC
  5
48D
330
11A
100
AcDbEntity
  8
ORGANIZADO_CHU-CHUMBADOR
  6
CONTINUOUS
100
AcDbCircle
 10
-135.502081714
 20
38.562580668
 30
0.0
 40
11.096335013
100
AcDbArc
 50
270.0
 51
293.913168486
  0
ARC
  5
48E
330
11A
100
AcDbEntity
  8
ORGANIZADO_CHU-CHUMBADOR
  6
CONTINUOUS
100
AcDbCircle
 10
-135.502081714
 20
34.467417157
 30
0.0
 40
11.096335013
100
AcDbArc
 50
66.086831514
 51
90.0
  0
LINE
  5
48F
330
11A
100
AcDbEntity
  8
ORGANIZADO_CHU-CHUMBADOR
100
AcDbLine
 10
-153.493754857
 20
27.466245656
 30
0.0
 11
-126.506245143
 21
27.466245656
 31
0.0
  0
LINE
  5
490
330
11A
100
AcDbEntity
  8
ORGANIZADO_CHU-CHUMBADOR
100
AcDbLine
 10
-153.493754857
 20
45.56375217
 30
0.0
 11
-126.506245143
 21
45.56375217
 31
0.0
  0
ARC
  5
491
330
11A
100
AcDbEntity
  8
ORGANIZADO_CHU-CHUMBADOR
  6
CONTINUOUS
100
AcDbCircle
 10
-144.497918286
 20
38.562580668
 30
0.0
 40
11.096335013
100
AcDbArc
 50
246.086831514
 51
270.0
  0
ARC
  5
492
330
11A
100
AcDbEntity
  8
ORGANIZADO_CHU-CHUMBADOR
  6
CONTINUOUS
100
AcDbCircle
 10
-153.493754857
 20
38.562580668
 30
0.0
 40
11.096335013
100
AcDbArc
 50
246.086831514
 51
293.913168486
  0
LINE
  5
493
330
11A
100
AcDbEntity
  8
ORGANIZADO_CHU-CHUMBADOR
100
AcDbLine
 10
-157.991673143
 20
28.418745999
 30
0.0
 11
-157.991673143
 21
44.611251827
 31
0.0
  0
LINE
  5
494
330
11A
100
AcDbEntity
  8
ORGANIZADO_CHU-CHUMBADOR
100
AcDbLine
 10
-148.995836571
 20
28.418745999
 30
0.0
 11
-148.995836571
 21
44.611251827
 31
0.0
  0
ARC
  5
495
330
11A
100
AcDbEntity
  8
ORGANIZADO_CHU-CHUMBADOR
  6
CONTINUOUS
100
AcDbCircle
 10
-153.493754857
 20
34.467417157
 30
0.0
 40
11.096335013
100
AcDbArc
 50
66.086831514
 51
113.913168486
  0
ARC
  5
496
330
11A
100
AcDbEntity
  8
ORGANIZADO_CHU-CHUMBADOR
  6
CONTINUOUS
100
AcDbCircle
 10
-144.497918286
 20
34.467417157
 30
0.0
 40
11.096335013
100
AcDbArc
 50
90.0
 51
113.913168486
  0
ARC
  5
497
330
11A
100
AcDbEntity
  8
ORGANIZADO_CHU-CHUMBADOR
  6
CONTINUOUS
100
AcDbCircle
 10
-126.506245143
 20
38.562580668
 30
0.0
 40
11.096335013
100
AcDbArc
 50
246.086831514
 51
293.913168486
  0
LINE
  5
498
330
11A
100
AcDbEntity
  8
ORGANIZADO_CHU-CHUMBADOR
100
AcDbLine
 10
-131.004163429
 20
28.418745999
 30
0.0
 11
-131.004163429
 21
44.611251827
 31
0.0
  0
LINE
  5
499
330
11A
100
AcDbEntity
  8
ORGANIZADO_CHU-CHUMBADOR
100
AcDbLine
 10
-122.008326857
 20
28.418745999
 30
0.0
 11
-122.008326857
 21
44.611251827
 31
0.0
  0
ARC
  5
49A
330
11A
100
AcDbEntity
  8
ORGANIZADO_CHU-CHUMBADOR
  6
CONTINUOUS
100
AcDbCircle
 10
-126.506245143
 20
34.467417157
 30
0.0
 40
11.096335013
100
AcDbArc
 50
66.086831514
 51
113.913168486
  0
ARC
  5
49B
330
11A
100
AcDbEntity
  8
ORGANIZADO_CHU-CHUMBADOR
  6
CONTINUOUS
100
AcDbCircle
 10
-135.502081714
 20
67.137579524
 30
0.0
 40
11.096335013
100
AcDbArc
 50
270.0
 51
293.913168486
  0
ARC
  5
49C
330
11A
100
AcDbEntity
  8
ORGANIZADO_CHU-CHUMBADOR
  6
CONTINUOUS
100
AcDbCircle
 10
-135.502081714
 20
63.042416013
 30
0.0
 40
11.096335013
100
AcDbArc
 50
66.086831514
 51
90.0
  0
LINE
  5
49D
330
11A
100
AcDbEntity
  8
ORGANIZADO_CHU-CHUMBADOR
100
AcDbLine
 10
-153.493754857
 20
56.041244511
 30
0.0
 11
-126.506245143
 21
56.041244511
 31
0.0
  0
LINE
  5
49E
330
11A
100
AcDbEntity
  8
ORGANIZADO_CHU-CHUMBADOR
100
AcDbLine
 10
-153.493754857
 20
74.138751026
 30
0.0
 11
-126.506245143
 21
74.138751026
 31
0.0
  0
ARC
  5
49F
330
11A
100
AcDbEntity
  8
ORGANIZADO_CHU-CHUMBADOR
  6
CONTINUOUS
100
AcDbCircle
 10
-144.497918286
 20
67.137579524
 30
0.0
 40
11.096335013
100
AcDbArc
 50
246.086831514
 51
270.0
  0
ARC
  5
4A0
330
11A
100
AcDbEntity
  8
ORGANIZADO_CHU-CHUMBADOR
  6
CONTINUOUS
100
AcDbCircle
 10
-153.493754857
 20
67.137579524
 30
0.0
 40
11.096335013
100
AcDbArc
 50
246.086831514
 51
293.913168486
  0
LINE
  5
4A1
330
11A
100
AcDbEntity
  8
ORGANIZADO_CHU-CHUMBADOR
100
AcDbLine
 10
-157.991673143
 20
56.993744854
 30
0.0
 11
-157.991673143
 21
73.186250683
 31
0.0
  0
LINE
  5
4A2
330
11A
100
AcDbEntity
  8
ORGANIZADO_CHU-CHUMBADOR
100
AcDbLine
 10
-148.995836571
 20
56.993744854
 30
0.0
 11
-148.995836571
 21
73.186250683
 31
0.0
  0
ARC
  5
4A3
330
11A
100
AcDbEntity
  8
ORGANIZADO_CHU-CHUMBADOR
  6
CONTINUOUS
100
AcDbCircle
 10
-153.493754857
 20
63.042416013
 30
0.0
 40
11.096335013
100
AcDbArc
 50
66.086831514
 51
113.913168486
  0
ARC
  5
4A4
330
11A
100
AcDbEntity
  8
ORGANIZADO_CHU-CHUMBADOR
  6
CONTINUOUS
100
AcDbCircle
 10
-144.497918286
 20
63.042416013
 30
0.0
 40
11.096335013
100
AcDbArc
 50
90.0
 51
113.913168486
  0
ARC
  5
4A5
330
11A
100
AcDbEntity
  8
ORGANIZADO_CHU-CHUMBADOR
  6
CONTINUOUS
100
AcDbCircle
 10
-126.506245143
 20
67.137579524
 30
0.0
 40
11.096335013
100
AcDbArc
 50
246.086831514
 51
293.913168486
  0
LINE
  5
4A6
330
11A
100
AcDbEntity
  8
ORGANIZADO_CHU-CHUMBADOR
100
AcDbLine
 10
-131.004163429
 20
56.993744854
 30
0.0
 11
-131.004163429
 21
73.186250683
 31
0.0
  0
LINE
  5
4A7
330
11A
100
AcDbEntity
  8
ORGANIZADO_CHU-CHUMBADOR
100
AcDbLine
 10
-122.008326857
 20
56.993744854
 30
0.0
 11
-122.008326857
 21
73.186250683
 31
0.0
  0
ARC
  5
4A8
330
11A
100
AcDbEntity
  8
ORGANIZADO_CHU-CHUMBADOR
  6
CONTINUOUS
100
AcDbCircle
 10
-126.506245143
 20
63.042416013
 30
0.0
 40
11.096335013
100
AcDbArc
 50
66.086831514
 51
113.913168486
  0
LWPOLYLINE
  5
4A9
330
11A
100
AcDbEntity
  8
PECA_EQ_2
100
AcDbPolyline
 90
4
 70
1
 10
-161.907499123
 20
16.512499714
 10
-118.092500877
 20
16.512499714
 10
-118.092500877
 20
18.417499638
 10
-161.907499123
 20
18.417499638
  0
ARC
  5
4AA
330
11A
100
AcDbEntity
  8
ORGANIZADO_CHU-CHUMBADOR
  6
CONTINUOUS
100
AcDbCircle
 10
-135.502081714
 20
-471.126418365
 30
0.0
 40
11.096335013
100
AcDbArc
 50
270.0
 51
293.913168486
  0
ARC
  5
4AB
330
11A
100
AcDbEntity
  8
ORGANIZADO_CHU-CHUMBADOR
  6
CONTINUOUS
100
AcDbCircle
 10
-135.502081714
 20
-475.221581876
 30
0.0
 40
11.096335013
100
AcDbArc
 50
66.086831514
 51
90.0
  0
LINE
  5
4AC
330
11A
100
AcDbEntity
  8
ORGANIZADO_CHU-CHUMBADOR
100
AcDbLine
 10
-153.493754857
 20
-482.222753377
 30
0.0
 11
-126.506245143
 21
-482.222753377
 31
0.0
  0
LINE
  5
4AD
330
11A
100
AcDbEntity
  8
ORGANIZADO_CHU-CHUMBADOR
100
AcDbLine
 10
-153.493754857
 20
-464.125246863
 30
0.0
 11
-126.506245143
 21
-464.125246863
 31
0.0
  0
ARC
  5
4AE
330
11A
100
AcDbEntity
  8
ORGANIZADO_CHU-CHUMBADOR
  6
CONTINUOUS
100
AcDbCircle
 10
-144.497918286
 20
-471.126418365
 30
0.0
 40
11.096335013
100
AcDbArc
 50
246.086831514
 51
270.0
  0
ARC
  5
4AF
330
11A
100
AcDbEntity
  8
ORGANIZADO_CHU-CHUMBADOR
  6
CONTINUOUS
100
AcDbCircle
 10
-153.493754857
 20
-471.126418365
 30
0.0
 40
11.096335013
100
AcDbArc
 50
246.086831514
 51
293.913168486
  0
LINE
  5
4B0
330
11A
100
AcDbEntity
  8
ORGANIZADO_CHU-CHUMBADOR
100
AcDbLine
 10
-157.991673143
 20
-481.270253034
 30
0.0
 11
-157.991673143
 21
-465.077747206
 31
0.0
  0
LINE
  5
4B1
330
11A
100
AcDbEntity
  8
ORGANIZADO_CHU-CHUMBADOR
100
AcDbLine
 10
-148.995836571
 20
-481.270253034
 30
0.0
 11
-148.995836571
 21
-465.077747206
 31
0.0
  0
ARC
  5
4B2
330
11A
100
AcDbEntity
  8
ORGANIZADO_CHU-CHUMBADOR
  6
CONTINUOUS
100
AcDbCircle
 10
-153.493754857
 20
-475.221581876
 30
0.0
 40
11.096335013
100
AcDbArc
 50
66.086831514
 51
113.913168486
  0
ARC
  5
4B3
330
11A
100
AcDbEntity
  8
ORGANIZADO_CHU-CHUMBADOR
  6
CONTINUOUS
100
AcDbCircle
 10
-144.497918286
 20
-475.221581876
 30
0.0
 40
11.096335013
100
AcDbArc
 50
90.0
 51
113.913168486
  0
ARC
  5
4B4
330
11A
100
AcDbEntity
  8
ORGANIZADO_CHU-CHUMBADOR
  6
CONTINUOUS
100
AcDbCircle
 10
-126.506245143
 20
-471.126418365
 30
0.0
 40
11.096335013
100
AcDbArc
 50
246.086831514
 51
293.913168486
  0
LINE
  5
4B5
330
11A
100
AcDbEntity
  8
ORGANIZADO_CHU-CHUMBADOR
100
AcDbLine
 10
-131.004163429
 20
-481.270253034
 30
0.0
 11
-131.004163429
 21
-465.077747206
 31
0.0
  0
LINE
  5
4B6
330
11A
100
AcDbEntity
  8
ORGANIZADO_CHU-CHUMBADOR
100
AcDbLine
 10
-122.008326857
 20
-481.270253034
 30
0.0
 11
-122.008326857
 21
-465.077747206
 31
0.0
  0
ARC
  5
4B7
330
11A
100
AcDbEntity
  8
ORGANIZADO_CHU-CHUMBADOR
  6
CONTINUOUS
100
AcDbCircle
 10
-126.506245143
 20
-475.221581876
 30
0.0
 40
11.096335013
100
AcDbArc
 50
66.086831514
 51
113.913168486
  0
LINE
  5
4B8
330
11A
100
AcDbEntity
  8
ORGANIZADO_EIXO
100
AcDbLine
 10
140.0
 20
-7.940000057
 30
0.0
 11
140.0
 21
-1215.0
 31
0.0
  0
TRACE
  5
4B9
330
11A
100
AcDbEntity
  8
Linhas de chamadas
100
AcDbTrace
 10
149.524999619
 20
-138.970000029
 30
0.0
 11
174.524999619
 21
-134.803333362
 31
0.0
 12
174.524999619
 22
-143.136666695
 32
0.0
 13
174.524999619
 23
-143.136666695
 33
0.0
  0
MTEXT
  5
4BA
330
11A
100
AcDbEntity
  8
LAYER0_TEXTOS
 62
4
100
AcDbMText
 10
230.0
 20
-126.470000029
 30
0.0
 40
25.0
 41
0.0
 71
7
  1
CHUMBADORES
  0
LWPOLYLINE
  5
4BB
330
11A
100
AcDbEntity
  8
Linhas de chamadas
100
AcDbPolyline
 90
3
 70
0
 10
174.524999619
 20
-138.970000029
 10
210.0
 20
-138.970000029
 10
293.249669552
 20
-138.970000029
  0
LWPOLYLINE
  5
4BC
330
11A
100
AcDbEntity
  8
PECA_EQ_14
100
AcDbPolyline
 90
4
 70
1
 10
149.524999619
 20
101.826000214
 10
149.524999619
 20
-498.173999786
 10
130.475000381
 20
-498.173999786
 10
130.475000381
 20
101.826000214
  0
LINE
  5
4BD
330
11A
100
AcDbEntity
  8
ORGANIZADO_PERFIL
100
AcDbLine
 10
135.237500191
 20
-48.173999786
 30
0.0
 11
135.237500191
 21
101.826000214
 31
0.0
  0
LINE
  5
4BE
330
11A
100
AcDbEntity
  8
ORGANIZADO_PERFIL
100
AcDbLine
 10
144.762499809
 20
-48.173999786
 30
0.0
 11
144.762499809
 21
101.826000214
 31
0.0
  0
LINE
  5
4BF
330
11A
100
AcDbEntity
  8
ORGANIZADO_PERFIL
100
AcDbLine
 10
130.475000381
 20
-48.173999786
 30
0.0
 11
149.524999619
 21
-48.173999786
 31
0.0
  0
LINE
  5
4C0
330
11A
100
AcDbEntity
  8
ORGANIZADO_PERFIL
100
AcDbLine
 10
135.237500191
 20
-448.173999786
 30
0.0
 11
135.237500191
 21
-498.173999786
 31
0.0
  0
LINE
  5
4C1
330
11A
100
AcDbEntity
  8
ORGANIZADO_PERFIL
100
AcDbLine
 10
144.762499809
 20
-448.173999786
 30
0.0
 11
144.762499809
 21
-498.173999786
 31
0.0
  0
LINE
  5
4C2
330
11A
100
AcDbEntity
  8
ORGANIZADO_PERFIL
100
AcDbLine
 10
130.475000381
 20
-448.173999786
 30
0.0
 11
149.524999619
 21
-448.173999786
 31
0.0
  0
LWPOLYLINE
  5
4C3
330
11A
100
AcDbEntity
  8
ORGANIZADO_EIXO
100
AcDbPolyline
 90
2
 70
0
 10
140.0
 20
120.875999451
 10
140.0
 20
-517.223999023
  0
ARC
  5
4C4
330
11A
100
AcDbEntity
  8
ORGANIZADO_CHU-CHUMBADOR
  6
CONTINUOUS
100
AcDbCircle
 10
144.497918286
 20
-20.892418302
 30
0.0
 40
11.096335013
100
AcDbArc
 50
270.0
 51
293.913168486
  0
ARC
  5
4C5
330
11A
100
AcDbEntity
  8
ORGANIZADO_CHU-CHUMBADOR
  6
CONTINUOUS
100
AcDbCircle
 10
144.497918286
 20
-24.987581813
 30
0.0
 40
11.096335013
100
AcDbArc
 50
66.086831514
 51
90.0
  0
LINE
  5
4C6
330
11A
100
AcDbEntity
  8
ORGANIZADO_CHU-CHUMBADOR
100
AcDbLine
 10
126.506245143
 20
-31.988753314
 30
0.0
 11
153.493754857
 21
-31.988753314
 31
0.0
  0
LINE
  5
4C7
330
11A
100
AcDbEntity
  8
ORGANIZADO_CHU-CHUMBADOR
100
AcDbLine
 10
126.506245143
 20
-13.8912468
 30
0.0
 11
153.493754857
 21
-13.8912468
 31
0.0
  0
ARC
  5
4C8
330
11A
100
AcDbEntity
  8
ORGANIZADO_CHU-CHUMBADOR
  6
CONTINUOUS
100
AcDbCircle
 10
135.502081714
 20
-20.892418302
 30
0.0
 40
11.096335013
100
AcDbArc
 50
246.086831514
 51
270.0
  0
ARC
  5
4C9
330
11A
100
AcDbEntity
  8
ORGANIZADO_CHU-CHUMBADOR
  6
CONTINUOUS
100
AcDbCircle
 10
126.506245143
 20
-20.892418302
 30
0.0
 40
11.096335013
100
AcDbArc
 50
246.086831514
 51
293.913168486
  0
LINE
  5
4CA
330
11A
100
AcDbEntity
  8
ORGANIZADO_CHU-CHUMBADOR
100
AcDbLine
 10
122.008326857
 20
-31.036252971
 30
0.0
 11
122.008326857
 21
-14.843747143
 31
0.0
  0
LINE
  5
4CB
330
11A
100
AcDbEntity
  8
ORGANIZADO_CHU-CHUMBADOR
100
AcDbLine
 10
131.004163429
 20
-31.036252972
 30
0.0
 11
131.004163429
 21
-14.843747143
 31
0.0
  0
ARC
  5
4CC
330
11A
100
AcDbEntity
  8
ORGANIZADO_CHU-CHUMBADOR
  6
CONTINUOUS
100
AcDbCircle
 10
126.506245143
 20
-24.987581813
 30
0.0
 40
11.096335013
100
AcDbArc
 50
66.086831514
 51
113.913168486
  0
ARC
  5
4CD
330
11A
100
AcDbEntity
  8
ORGANIZADO_CHU-CHUMBADOR
  6
CONTINUOUS
100
AcDbCircle
 10
135.502081714
 20
-24.987581813
 30
0.0
 40
11.096335013
100
AcDbArc
 50
90.0
 51
113.913168486
  0
ARC
  5
4CE
330
11A
100
AcDbEntity
  8
ORGANIZADO_CHU-CHUMBADOR
  6
CONTINUOUS
100
AcDbCircle
 10
153.493754857
 20
-20.892418302
 30
0.0
 40
11.096335013
100
AcDbArc
 50
246.086831514
 51
293.913168486
  0
LINE
  5
4CF
330
11A
100
AcDbEntity
  8
ORGANIZADO_CHU-CHUMBADOR
100
AcDbLine
 10
148.995836571
 20
-31.036252972
 30
0.0
 11
148.995836571
 21
-14.843747143
 31
0.0
  0
LINE
  5
4D0
330
11A
100
AcDbEntity
  8
ORGANIZADO_CHU-CHUMBADOR
100
AcDbLine
 10
157.991673143
 20
-31.036252972
 30
0.0
 11
157.991673143
 21
-14.843747143
 31
0.0
  0
ARC
  5
4D1
330
11A
100
AcDbEntity
  8
ORGANIZADO_CHU-CHUMBADOR
  6
CONTINUOUS
100
AcDbCircle
 10
153.493754857
 20
-24.987581813
 30
0.0
 40
11.096335013
100
AcDbArc
 50
66.086831514
 51
113.913168486
  0
ARC
  5
4D2
330
11A
100
AcDbEntity
  8
ORGANIZADO_CHU-CHUMBADOR
  6
CONTINUOUS
100
AcDbCircle
 10
144.497918286
 20
38.562580668
 30
0.0
 40
11.096335013
100
AcDbArc
 50
270.0
 51
293.913168486
  0
ARC
  5
4D3
330
11A
100
AcDbEntity
  8
ORGANIZADO_CHU-CHUMBADOR
  6
CONTINUOUS
100
AcDbCircle
 10
144.497918286
 20
34.467417157
 30
0.0
 40
11.096335013
100
AcDbArc
 50
66.086831514
 51
90.0
  0
LINE
  5
4D4
330
11A
100
AcDbEntity
  8
ORGANIZADO_CHU-CHUMBADOR
100
AcDbLine
 10
126.506245143
 20
27.466245656
 30
0.0
 11
153.493754857
 21
27.466245656
 31
0.0
  0
LINE
  5
4D5
330
11A
100
AcDbEntity
  8
ORGANIZADO_CHU-CHUMBADOR
100
AcDbLine
 10
126.506245143
 20
45.56375217
 30
0.0
 11
153.493754857
 21
45.56375217
 31
0.0
  0
ARC
  5
4D6
330
11A
100
AcDbEntity
  8
ORGANIZADO_CHU-CHUMBADOR
  6
CONTINUOUS
100
AcDbCircle
 10
135.502081714
 20
38.562580668
 30
0.0
 40
11.096335013
100
AcDbArc
 50
246.086831514
 51
270.0
  0
ARC
  5
4D7
330
11A
100
AcDbEntity
  8
ORGANIZADO_CHU-CHUMBADOR
  6
CONTINUOUS
100
AcDbCircle
 10
126.506245143
 20
38.562580668
 30
0.0
 40
11.096335013
100
AcDbArc
 50
246.086831514
 51
293.913168486
  0
LINE
  5
4D8
330
11A
100
AcDbEntity
  8
ORGANIZADO_CHU-CHUMBADOR
100
AcDbLine
 10
122.008326857
 20
28.418745999
 30
0.0
 11
122.008326857
 21
44.611251827
 31
0.0
  0
LINE
  5
4D9
330
11A
100
AcDbEntity
  8
ORGANIZADO_CHU-CHUMBADOR
100
AcDbLine
 10
131.004163429
 20
28.418745999
 30
0.0
 11
131.004163429
 21
44.611251827
 31
0.0
  0
ARC
  5
4DA
330
11A
100
AcDbEntity
  8
ORGANIZADO_CHU-CHUMBADOR
  6
CONTINUOUS
100
AcDbCircle
 10
126.506245143
 20
34.467417157
 30
0.0
 40
11.096335013
100
AcDbArc
 50
66.086831514
 51
113.913168486
  0
ARC
  5
4DB
330
11A
100
AcDbEntity
  8
ORGANIZADO_CHU-CHUMBADOR
  6
CONTINUOUS
100
AcDbCircle
 10
135.502081714
 20
34.467417157
 30
0.0
 40
11.096335013
100
AcDbArc
 50
90.0
 51
113.913168486
  0
ARC
  5
4DC
330
11A
100
AcDbEntity
  8
ORGANIZADO_CHU-CHUMBADOR
  6
CONTINUOUS
100
AcDbCircle
 10
153.493754857
 20
38.562580668
 30
0.0
 40
11.096335013
100
AcDbArc
 50
246.086831514
 51
293.913168486
  0
LINE
  5
4DD
330
11A
100
AcDbEntity
  8
ORGANIZADO_CHU-CHUMBADOR
100
AcDbLine
 10
148.995836571
 20
28.418745999
 30
0.0
 11
148.995836571
 21
44.611251827
 31
0.0
  0
LINE
  5
4DE
330
11A
100
AcDbEntity
  8
ORGANIZADO_CHU-CHUMBADOR
100
AcDbLine
 10
157.991673143
 20
28.418745999
 30
0.0
 11
157.991673143
 21
44.611251827
 31
0.0
  0
ARC
  5
4DF
330
11A
100
AcDbEntity
  8
ORGANIZADO_CHU-CHUMBADOR
  6
CONTINUOUS
100
AcDbCircle
 10
153.493754857
 20
34.467417157
 30
0.0
 40
11.096335013
100
AcDbArc
 50
66.086831514
 51
113.913168486
  0
ARC
  5
4E0
330
11A
100
AcDbEntity
  8
ORGANIZADO_CHU-CHUMBADOR
  6
CONTINUOUS
100
AcDbCircle
 10
144.497918286
 20
67.137579524
 30
0.0
 40
11.096335013
100
AcDbArc
 50
270.0
 51
293.913168486
  0
ARC
  5
4E1
330
11A
100
AcDbEntity
  8
ORGANIZADO_CHU-CHUMBADOR
  6
CONTINUOUS
100
AcDbCircle
 10
144.497918286
 20
63.042416013
 30
0.0
 40
11.096335013
100
AcDbArc
 50
66.086831514
 51
90.0
  0
LINE
  5
4E2
330
11A
100
AcDbEntity
  8
ORGANIZADO_CHU-CHUMBADOR
100
AcDbLine
 10
126.506245143
 20
56.041244511
 30
0.0
 11
153.493754857
 21
56.041244511
 31
0.0
  0
LINE
  5
4E3
330
11A
100
AcDbEntity
  8
ORGANIZADO_CHU-CHUMBADOR
100
AcDbLine
 10
126.506245143
 20
74.138751026
 30
0.0
 11
153.493754857
 21
74.138751026
 31
0.0
  0
ARC
  5
4E4
330
11A
100
AcDbEntity
  8
ORGANIZADO_CHU-CHUMBADOR
  6
CONTINUOUS
100
AcDbCircle
 10
135.502081714
 20
67.137579524
 30
0.0
 40
11.096335013
100
AcDbArc
 50
246.086831514
 51
270.0
  0
ARC
  5
4E5
330
11A
100
AcDbEntity
  8
ORGANIZADO_CHU-CHUMBADOR
  6
CONTINUOUS
100
AcDbCircle
 10
126.506245143
 20
67.137579524
 30
0.0
 40
11.096335013
100
AcDbArc
 50
246.086831514
 51
293.913168486
  0
LINE
  5
4E6
330
11A
100
AcDbEntity
  8
ORGANIZADO_CHU-CHUMBADOR
100
AcDbLine
 10
122.008326857
 20
56.993744854
 30
0.0
 11
122.008326857
 21
73.186250683
 31
0.0
  0
LINE
  5
4E7
330
11A
100
AcDbEntity
  8
ORGANIZADO_CHU-CHUMBADOR
100
AcDbLine
 10
131.004163429
 20
56.993744854
 30
0.0
 11
131.004163429
 21
73.186250683
 31
0.0
  0
ARC
  5
4E8
330
11A
100
AcDbEntity
  8
ORGANIZADO_CHU-CHUMBADOR
  6
CONTINUOUS
100
AcDbCircle
 10
126.506245143
 20
63.042416013
 30
0.0
 40
11.096335013
100
AcDbArc
 50
66.086831514
 51
113.913168486
  0
ARC
  5
4E9
330
11A
100
AcDbEntity
  8
ORGANIZADO_CHU-CHUMBADOR
  6
CONTINUOUS
100
AcDbCircle
 10
135.502081714
 20
63.042416013
 30
0.0
 40
11.096335013
100
AcDbArc
 50
90.0
 51
113.913168486
  0
ARC
  5
4EA
330
11A
100
AcDbEntity
  8
ORGANIZADO_CHU-CHUMBADOR
  6
CONTINUOUS
100
AcDbCircle
 10
153.493754857
 20
67.137579524
 30
0.0
 40
11.096335013
100
AcDbArc
 50
246.086831514
 51
293.913168486
  0
LINE
  5
4EB
330
11A
100
AcDbEntity
  8
ORGANIZADO_CHU-CHUMBADOR
100
AcDbLine
 10
148.995836571
 20
56.993744854
 30
0.0
 11
148.995836571
 21
73.186250683
 31
0.0
  0
LINE
  5
4EC
330
11A
100
AcDbEntity
  8
ORGANIZADO_CHU-CHUMBADOR
100
AcDbLine
 10
157.991673143
 20
56.993744854
 30
0.0
 11
157.991673143
 21
73.186250683
 31
0.0
  0
ARC
  5
4ED
330
11A
100
AcDbEntity
  8
ORGANIZADO_CHU-CHUMBADOR
  6
CONTINUOUS
100
AcDbCircle
 10
153.493754857
 20
63.042416013
 30
0.0
 40
11.096335013
100
AcDbArc
 50
66.086831514
 51
113.913168486
  0
LWPOLYLINE
  5
4EE
330
11A
100
AcDbEntity
  8
PECA_EQ_2
100
AcDbPolyline
 90
4
 70
1
 10
118.092500877
 20
16.512499714
 10
161.907499123
 20
16.512499714
 10
161.907499123
 20
18.417499638
 10
118.092500877
 20
18.417499638
  0
ARC
  5
4EF
330
11A
100
AcDbEntity
  8
ORGANIZADO_CHU-CHUMBADOR
  6
CONTINUOUS
100
AcDbCircle
 10
144.497918286
 20
-471.126418365
 30
0.0
 40
11.096335013
100
AcDbArc
 50
270.0
 51
293.913168486
  0
ARC
  5
4F0
330
11A
100
AcDbEntity
  8
ORGANIZADO_CHU-CHUMBADOR
  6
CONTINUOUS
100
AcDbCircle
 10
144.497918286
 20
-475.221581876
 30
0.0
 40
11.096335013
100
AcDbArc
 50
66.086831514
 51
90.0
  0
LINE
  5
4F1
330
11A
100
AcDbEntity
  8
ORGANIZADO_CHU-CHUMBADOR
100
AcDbLine
 10
126.506245143
 20
-482.222753377
 30
0.0
 11
153.493754857
 21
-482.222753377
 31
0.0
  0
LINE
  5
4F2
330
11A
100
AcDbEntity
  8
ORGANIZADO_CHU-CHUMBADOR
100
AcDbLine
 10
126.506245143
 20
-464.125246863
 30
0.0
 11
153.493754857
 21
-464.125246863
 31
0.0
  0
ARC
  5
4F3
330
11A
100
AcDbEntity
  8
ORGANIZADO_CHU-CHUMBADOR
  6
CONTINUOUS
100
AcDbCircle
 10
135.502081714
 20
-471.126418365
 30
0.0
 40
11.096335013
100
AcDbArc
 50
246.086831514
 51
270.0
  0
ARC
  5
4F4
330
11A
100
AcDbEntity
  8
ORGANIZADO_CHU-CHUMBADOR
  6
CONTINUOUS
100
AcDbCircle
 10
126.506245143
 20
-471.126418365
 30
0.0
 40
11.096335013
100
AcDbArc
 50
246.086831514
 51
293.913168486
  0
LINE
  5
4F5
330
11A
100
AcDbEntity
  8
ORGANIZADO_CHU-CHUMBADOR
100
AcDbLine
 10
122.008326857
 20
-481.270253034
 30
0.0
 11
122.008326857
 21
-465.077747206
 31
0.0
  0
LINE
  5
4F6
330
11A
100
AcDbEntity
  8
ORGANIZADO_CHU-CHUMBADOR
100
AcDbLine
 10
131.004163429
 20
-481.270253034
 30
0.0
 11
131.004163429
 21
-465.077747206
 31
0.0
  0
ARC
  5
4F7
330
11A
100
AcDbEntity
  8
ORGANIZADO_CHU-CHUMBADOR
  6
CONTINUOUS
100
AcDbCircle
 10
126.506245143
 20
-475.221581876
 30
0.0
 40
11.096335013
100
AcDbArc
 50
66.086831514
 51
113.913168486
  0
ARC
  5
4F8
330
11A
100
AcDbEntity
  8
ORGANIZADO_CHU-CHUMBADOR
  6
CONTINUOUS
100
AcDbCircle
 10
135.502081714
 20
-475.221581876
 30
0.0
 40
11.096335013
100
AcDbArc
 50
90.0
 51
113.913168486
  0
ARC
  5
4F9
330
11A
100
AcDbEntity
  8
ORGANIZADO_CHU-CHUMBADOR
  6
CONTINUOUS
100
AcDbCircle
 10
153.493754857
 20
-471.126418365
 30
0.0
 40
11.096335013
100
AcDbArc
 50
246.086831514
 51
293.913168486
  0
LINE
  5
4FA
330
11A
100
AcDbEntity
  8
ORGANIZADO_CHU-CHUMBADOR
100
AcDbLine
 10
148.995836571
 20
-481.270253034
 30
0.0
 11
148.995836571
 21
-465.077747206
 31
0.0
  0
LINE
  5
4FB
330
11A
100
AcDbEntity
  8
ORGANIZADO_CHU-CHUMBADOR
100
AcDbLine
 10
157.991673143
 20
-481.270253034
 30
0.0
 11
157.991673143
 21
-465.077747206
 31
0.0
  0
ARC
  5
4FC
330
11A
100
AcDbEntity
  8
ORGANIZADO_CHU-CHUMBADOR
  6
CONTINUOUS
100
AcDbCircle
 10
153.493754857
 20
-475.221581876
 30
0.0
 40
11.096335013
100
AcDbArc
 50
66.086831514
 51
113.913168486
  0
ENDSEC
  0
SECTION
  2
OBJECTS
  0
DICTIONARY
  5
124
330
0
100
AcDbDictionary
281
1
  3
ACAD_GROUP
350
125
  3
ACAD_MLINESTYLE
350
126
  3
ACAD_COLOR
350
566
  3
ACAD_LAYOUT
350
567
  3
ACAD_MATERIAL
350
568
  3
ACAD_MLEADERSTYLE
350
569
  3
ACAD_PLOTSETTINGS
350
56A
  3
ACAD_PLOTSTYLENAME
350
56B
  3
ACAD_SCALELIST
350
56D
  3
ACAD_TABLESTYLE
350
56E
  3
ACAD_VISUALSTYLE
350
56F
  3
EZDXF_META
350
58F
  0
DICTIONARY
  5
125
102
{ACAD_REACTORS
330
124
102
}
330
0
100
AcDbDictionary
281
1
  0
DICTIONARY
  5
126
102
{ACAD_REACTORS
330
124
102
}
330
0
100
AcDbDictionary
281
1
  3
STANDARD
350
127
  0
MLINESTYLE
  5
127
102
{ACAD_REACTORS
330
126
102
}
330
0
100
AcDbMlineStyle
  2
STANDARD
 70
0
  3

 62
256
 51
90.0
 52
90.0
 71
2
 49
0.5
 62
256
  6
BYLAYER
 49
-0.5
 62
256
  6
BYLAYER
  0
DICTIONARY
  5
566
330
124
100
AcDbDictionary
281
1
  0
DICTIONARY
  5
567
330
124
100
AcDbDictionary
281
1
  3
Model
350
570
  3
Layout1
350
571
  0
DICTIONARY
  5
568
330
124
100
AcDbDictionary
281
1
  3
ByBlock
350
572
  3
ByLayer
350
573
  3
Global
350
574
  0
DICTIONARY
  5
569
330
124
100
AcDbDictionary
281
1
  3
Standard
350
575
  0
DICTIONARY
  5
56A
330
124
100
AcDbDictionary
281
1
  0
ACDBDICTIONARYWDFLT
  5
56B
330
124
100
AcDbDictionary
281
1
  3
Normal
350
56C
100
AcDbDictionaryWithDefault
340
56C
  0
ACDBPLACEHOLDER
  5
56C
330
56B
  0
DICTIONARY
  5
56D
330
124
100
AcDbDictionary
281
1
  0
DICTIONARY
  5
56E
330
124
100
AcDbDictionary
281
1
  0
DICTIONARY
  5
56F
330
124
100
AcDbDictionary
281
1
  0
LAYOUT
  5
570
330
567
100
AcDbPlotSettings
  1

  4
A3
  6

 40
7.5
 41
20.0
 42
7.5
 43
20.0
 44
420.0
 45
297.0
 46
0.0
 47
0.0
 48
0.0
 49
0.0
140
0.0
141
0.0
142
1.0
143
1.0
 70
1024
 72
1
 73
0
 74
5
  7

 75
16
 76
0
 77
2
 78
300
147
1.0
148
0.0
149
0.0
100
AcDbLayout
  1
Model
 70
1
 71
0
 10
0.0
 20
0.0
 11
420.0
 21
297.0
 12
0.0
 22
0.0
 32
0.0
 14
1e+20
 24
1e+20
 34
1e+20
 15
-1e+20
 25
-1e+20
 35
-1e+20
146
0.0
 13
0.0
 23
0.0
 33
0.0
 16
1.0
 26
0.0
 36
0.0
 17
0.0
 27
1.0
 37
0.0
 76
1
330
11A
  0
LAYOUT
  5
571
330
567
100
AcDbPlotSettings
  1

  4
A3
  6

 40
7.5
 41
20.0
 42
7.5
 43
20.0
 44
420.0
 45
297.0
 46
0.0
 47
0.0
 48
0.0
 49
0.0
140
0.0
141
0.0
142
1.0
143
1.0
 70
0
 72
1
 73
0
 74
5
  7

 75
16
 76
0
 77
2
 78
300
147
1.0
148
0.0
149
0.0
100
AcDbLayout
  1
Layout1
 70
1
 71
1
 10
0.0
 20
0.0
 11
420.0
 21
297.0
 12
0.0
 22
0.0
 32
0.0
 14
1e+20
 24
1e+20
 34
1e+20
 15
-1e+20
 25
-1e+20
 35
-1e+20
146
0.0
 13
0.0
 23
0.0
 33
0.0
 16
1.0
 26
0.0
 36
0.0
 17
0.0
 27
1.0
 37
0.0
 76
1
330
11D
  0
MATERIAL
  5
572
102
{ACAD_REACTORS
330
568
102
}
330
568
100
AcDbMaterial
  1
ByBlock
  2

 70
0
 40
1.0
 71
1
 41
1.0
 91
-1023410177
 42
1.0
 72
1
  3

 73
1
 74
1
 75
1
 44
0.5
 73
0
 45
1.0
 46
1.0
 77
1
  4

 78
1
 79
1
170
1
 48
1.0
171
1
  6

172
1
173
1
174
1
140
1.0
141
1.0
175
1
  7

176
1
177
1
178
1
143
1.0
179
1
  8

270
1
271
1
272
1
145
1.0
146
1.0
273
1
  9

274
1
275
1
276
1
 42
1.0
 72
1
  3

 73
1
 74
1
 75
1
 94
63
  0
MATERIAL
  5
573
102
{ACAD_REACTORS
330
568
102
}
330
568
100
AcDbMaterial
  1
ByLayer
  2

 70
0
 40
1.0
 71
1
 41
1.0
 91
-1023410177
 42
1.0
 72
1
  3

 73
1
 74
1
 75
1
 44
0.5
 73
0
 45
1.0
 46
1.0
 77
1
  4

 78
1
 79
1
170
1
 48
1.0
171
1
  6

172
1
173
1
174
1
140
1.0
141
1.0
175
1
  7

176
1
177
1
178
1
143
1.0
179
1
  8

270
1
271
1
272
1
145
1.0
146
1.0
273
1
  9

274
1
275
1
276
1
 42
1.0
 72
1
  3

 73
1
 74
1
 75
1
 94
63
  0
MATERIAL
  5
574
102
{ACAD_REACTORS
330
568
102
}
330
568
100
AcDbMaterial
  1
Global
  2

 70
0
 40
1.0
 71
1
 41
1.0
 91
-1023410177
 42
1.0
 72
1
  3

 73
1
 74
1
 75
1
 44
0.5
 73
0
 45
1.0
 46
1.0
 77
1
  4

 78
1
 79
1
170
1
 48
1.0
171
1
  6

172
1
173
1
174
1
140
1.0
141
1.0
175
1
  7

176
1
177
1
178
1
143
1.0
179
1
  8

270
1
271
1
272
1
145
1.0
146
1.0
273
1
  9

274
1
275
1
276
1
 42
1.0
 72
1
  3

 73
1
 74
1
 75
1
 94
63
  0
MLEADERSTYLE
  5
575
102
{ACAD_REACTORS
330
569
102
}
330
569
100
AcDbMLeaderStyle
179
2
170
2
171
1
172
0
 90
2
 40
0.0
 41
0.0
173
1
 91
-1056964608
 92
-2
290
1
 42
2.0
291
1
 43
8.0
  3
Standard
 44
4.0
300

342
112
174
1
175
1
176
0
178
1
 93
-1056964608
 45
4.0
292
0
297
0
 46
4.0
 94
-1056964608
 47
1.0
 49
1.0
140
1.0
294
1
141
0.0
177
0
142
1.0
295
0
296
0
143
3.75
271
0
272
9
273
9
  0
DICTIONARY
  5
58F
330
124
100
AcDbDictionary
280
1
281
1
  3
WRITTEN_BY_EZDXF
350
590
  0
DICTIONARYVAR
  5
590
330
58F
100
DictionaryVariables
280
0
  1
1.4.2 @ 2025-10-07T13:35:41.652453+00:00
  0
ENDSEC
  0
EOF
